label,elevation_m,slope_deg,aspect_deg,curvature,twi,spi,roughness,soil_type,distance_to_fault_m,distance_to_road_m,distance_to_river_m,drainage_density,building_density,ndvi_baseline,lulc,rainfall_1h_mm,rainfall_3h_mm,rainfall_24h_mm,rainfall_3d_mm,rainfall_7d_mm,soil_moisture,earthquake_count_7d,earthquake_count_30d,max_earthquake_magnitude,distance_to_recent_earthquake_m,soil_sand,soil_silt,soil_clay,lithology_encoded
1,313.0,21.35999298095703,330.255126953125,-0.0047062076628208,4.79790735244751,18.54637718200684,10.349366188049316,0.0,12272.731607710177,71.38684579439213,285.47117647630296,551.4085210362584,10.822536130248883,0.75,10.0,0.0,0.0,7.7,15.2,35.3,0.41,0.0,0.0,0.0,999999.0,393.0,336.0,271.0,640920
1,811.0,19.74932289123535,97.76516723632812,0.0026145603042095,4.795339107513428,15.589593887329102,8.533023834228516,0.0,42494.47368642132,53.03582491086251,4413.674344546628,0.0,0.3183098861837907,0.75,10.0,0.0,0.0,0.2,102.1,129.8,0.414,0.0,5.0,4.6,290469.69417307473,479.0,249.0,272.0,640922
1,3531.0,36.33428192138672,33.34070587158203,0.0062749437056481,4.441133499145508,45.91121292114258,17.944358825683594,18.0,30496.55727087774,282.0034554766931,315.2842408143992,534.0748103939409,0.3183098861837907,0.75,10.0,0.0,0.0,0.2,102.1,129.8,0.405,0.0,3.0,4.6,299915.4127251796,493.0,327.0,180.0,641372
1,2852.0,25.88996124267578,271.9091491699219,0.0031374716199934,4.560647964477539,22.5313720703125,14.247806549072266,6.0,106647.22085482247,8065.414686805354,7003.563389520349,0.0,0.0,0.75,10.0,0.2,0.2,28.0,76.4,125.0,0.41,2.0,3.0,4.5,127660.2538730924,360.0,379.0,262.0,641306
1,1665.0,11.559338569641112,341.5650634765625,0.0002614561235532,5.248600959777832,7.960803985595703,6.4031243324279785,6.0,30510.046635434795,2979.2546503221106,6228.520881912933,0.0,0.0,0.75,10.0,0.0,0.0,0.7000000000000001,1.3,26.9,0.405,0.0,4.0,4.5,87430.5086339608,288.0,353.0,359.0,641306
1,407.0,7.020287990570068,336.8014221191406,-0.0002614560362417,5.675756931304932,4.423606872558594,3.0973780155181885,6.0,11094.931695666131,0.9978021382901956,2236.4359231132144,0.0,20.13310030112476,0.050000000745058,50.0,0.3,0.7,44.8,88.39999999999999,136.7,0.431,2.0,3.0,4.5,108113.70478791776,298.8,404.6,296.6,640920
1,130.0,2.927142381668091,108.43494415283205,-0.0007843680214136,6.467477321624756,1.6834042072296145,0.9941233396530152,6.0,7586.751594586887,343.9120110097232,0.0,671.4293518110674,0.6366197723675814,0.5,30.0,0.5,1.2,65.10000000000001,157.39999999999998,257.9,0.428,0.0,0.0,0.0,999999.0,405.0,344.0,250.0,640920
1,1665.0,11.559338569641112,341.5650634765625,0.0002614561235532,5.248600959777832,7.960803985595703,6.4031243324279785,6.0,30510.046635434795,2979.2546503221106,6228.520881912933,0.0,0.0,0.75,10.0,0.4,0.9,16.0,45.1,97.6,0.483,2.0,3.0,4.5,128025.42567837838,288.0,353.0,359.0,641306
1,2624.0,25.24016571044922,292.1663513183594,0.0018301918171346,4.66247034072876,23.534374237060547,11.467345237731934,18.0,57631.96226880178,2733.1864783603705,5040.424897912817,0.0,0.0,0.75,10.0,0.0,0.2,7.800000000000001,78.79999999999998,131.4,0.436,2.0,3.0,4.5,108113.70478791776,273.0,391.0,336.0,641328
1,1874.0,23.5994815826416,51.00900268554688,0.0020916478242725,4.7385663986206055,21.809946060180664,10.828204154968262,18.0,58617.61272610684,506.4933360514148,991.251323822806,355.91226969379386,0.0,0.75,10.0,0.8,1.9,23.6,24.0,33.2,0.516,1.0,2.0,4.3,295592.5694052714,221.0,443.0,337.0,641306
1,130.0,2.927142381668091,108.43494415283205,-0.0007843680214136,6.467477321624756,1.6834042072296145,0.9941233396530152,6.0,7586.751594586887,343.9120110097232,0.0,671.4293518110674,0.6366197723675814,0.5,30.0,0.5,1.1,43.39999999999999,129.9,327.3,0.429,0.0,0.0,0.0,999999.0,405.0,344.0,250.0,640920
1,1874.0,23.5994815826416,51.00900268554688,0.0020916478242725,4.7385663986206055,21.809946060180664,10.828204154968262,18.0,58617.61272610684,506.4933360514148,991.251323822806,355.91226969379386,0.0,0.75,10.0,0.0,0.0,34.4,114.0,161.8,0.425,0.0,0.0,0.0,999999.0,221.0,443.0,337.0,641306
1,2442.0,16.602092742919922,220.601303100586,-0.0094124162569642,4.992569923400879,13.095528602600098,7.483314990997314,6.0,88591.40329497849,16483.70546859297,400.4132431686232,324.3271466543966,0.0,0.75,10.0,6.2,21.0,151.3,278.0,346.4,0.429,0.0,0.0,0.0,999999.0,332.0,364.0,304.0,641306
1,1665.0,11.559338569641112,341.5650634765625,0.0002614561235532,5.248600959777832,7.960803985595703,6.4031243324279785,6.0,30510.046635434795,2979.2546503221106,6228.520881912933,0.0,0.0,0.75,10.0,0.4,3.3000000000000003,52.5,142.10000000000002,249.5,0.424,0.0,0.0,0.0,999999.0,288.0,353.0,359.0,641306
1,2743.0,28.800519943237305,298.0724792480469,0.0018301918171346,4.585804462432861,29.644630432128903,15.68438720703125,6.0,99574.83233038626,5078.804144492486,4817.465626035972,0.0,0.0,0.75,10.0,0.0,0.5,19.7,62.1,116.6,0.424,0.0,0.0,0.0,999999.0,318.0,403.0,280.0,641306
1,869.0,6.522665023803711,188.130111694336,0.002353104064241,5.721734046936035,3.9928789138793945,2.989565134048462,6.0,101774.66836740843,15.007132063475574,334.5094985489516,588.655361959112,0.238732414637843,0.050000000745058,50.0,0.1,0.5,17.900000000000002,26.4,55.400000000000006,0.428,0.0,0.0,0.0,999999.0,349.0,399.0,251.0,641306
1,2993.0,19.279935836791992,146.30992126464844,0.0332049131393432,4.877337455749512,16.063682556152344,14.832396507263184,18.0,56748.39714627896,3101.9764792851247,2790.142066359598,0.0,0.0,0.75,10.0,0.3,1.0,15.4,16.799999999999997,21.1,0.403,1.0,2.0,4.6,252479.44872578763,368.0,375.0,257.0,536215
1,208.0,8.279924392700195,270.0,0.002353104064241,5.494737148284912,5.1548686027526855,2.9060819149017334,6.0,6319.448891602345,1991.3415809822247,598.1272035579618,282.888830024199,0.0,0.75,10.0,4.6,10.3,60.7,150.60000000000002,168.40000000000003,0.484,0.0,0.0,0.0,999999.0,417.0,253.0,330.0,652429
1,519.0,14.09121799468994,284.9314270019531,0.0065363999456167,5.081603527069092,10.146775245666504,7.2413740158081055,6.0,25424.70659369236,249.7480179981916,669.2394066918152,359.9216073269493,0.0,0.75,10.0,0.5,1.7,13.6,36.5,44.8,0.426,0.0,0.0,0.0,999999.0,454.0,282.0,264.0,641514
1,954.0,53.55424118041992,101.71246337890624,-0.0010458239121362,4.084152221679688,108.8998565673828,28.84549331665039,6.0,99302.55711211734,1453.2503580084922,438.8874021023968,514.0453689405228,0.0,0.75,10.0,1.5,3.0,16.8,131.6,251.8,0.427,0.0,3.0,5.0,164587.0990247572,383.0,307.0,310.0,640962
1,1819.0,35.82400894165039,74.40718078613281,0.0196091998368501,4.393620491027832,42.17266082763672,17.27715301513672,18.0,16138.658578439456,15977.37618030637,837.0760150862973,232.3908907475752,0.0,0.75,10.0,5.8,13.6,49.7,114.1,547.2,0.429,0.0,1.0,4.6,238769.33388523737,337.0,336.0,327.0,640852
1,1847.0,48.082305908203125,242.3189392089844,-0.0172560960054397,4.2414727210998535,86.23490142822266,23.446748733520508,6.0,16422.46748477589,15827.849337891945,1574.6375831199284,194.9946436376074,0.0,0.75,10.0,0.1,0.5,6.200000000000001,12.4,65.0,0.411,0.0,0.0,0.0,999999.0,368.0,359.0,273.0,640852
1,2746.0,21.769773483276367,238.24053955078125,-0.004183295648545,4.787472248077393,19.138202667236328,9.77241039276123,18.0,39132.36802725355,248.8208101475102,765.8139171094822,996.5453511069096,32.3880309192007,0.75,10.0,0.0,0.0,13.0,179.5,253.3,0.418,0.0,0.0,0.0,999999.0,308.0,391.0,301.0,641306
1,560.0,24.57676696777344,171.86988830566406,0.0023531042970716,4.630807876586914,21.45966148376465,11.614914894104004,6.0,36704.61388052322,3.652604038535189,101.89702922588523,657.9992133530798,0.238732414637843,0.050000000745058,50.0,0.2,0.7,27.700000000000003,125.40000000000002,256.8,0.424,0.0,0.0,0.0,999999.0,407.0,316.0,277.0,743128
1,129.0,5.386162281036377,30.963756561279297,-0.0020916480571031,5.914565086364746,3.292612314224243,2.4693431854248047,0.0,7164.686642366309,112.37506540923428,0.0,633.7939123469001,1.2732395447351628,0.0,60.0,0.1,0.7000000000000001,14.499999999999998,58.6,66.3,0.415,0.0,0.0,0.0,999999.0,398.8,324.0,276.6,640920
1,640.0,13.035094261169434,167.9052276611328,-0.0052291201427578,5.137446880340576,9.126773834228516,5.165994644165039,6.0,38226.05255598416,497.6926194652953,729.0640098481322,461.72266619238576,0.0,0.75,10.0,0.0,0.0,0.0,10.0,27.1,0.404,1.0,2.0,4.6,146746.5159991873,311.0,425.0,263.0,641394
1,2345.0,26.72979736328125,84.47245788574219,-0.0007843678467907,4.555553436279297,24.133602142333984,13.61983871459961,23.0,117339.42550003486,3282.443631136586,2015.9876481427525,0.0,0.0,0.75,10.0,0.2,0.5,17.0,84.5,214.3,0.432,0.0,0.0,0.0,999999.0,349.0,384.0,267.0,641306
1,1665.0,11.559338569641112,341.5650634765625,0.0002614561235532,5.248600959777832,7.960803985595703,6.4031243324279785,6.0,30510.046635434795,2979.2546503221106,6228.520881912933,0.0,0.0,0.75,10.0,3.0,6.6,38.8,101.1,127.9,0.442,0.0,0.0,0.0,999999.0,288.0,353.0,359.0,641306
1,146.0,0.9263692498207092,-0.0,-0.0007843680214136,7.572137355804443,0.508084774017334,0.6846532225608826,6.0,7031.494831590612,61.68107523593273,106.34512229042984,1124.331293991559,10.106338886335354,0.050000000745058,50.0,0.2,0.5,5.3,122.6,176.50000000000003,0.43,0.0,0.0,0.0,999999.0,364.2,353.6,282.0,640920
1,146.0,2.0707030296325684,63.4349479675293,-0.0005229120142757,6.798747539520264,1.172268629074097,1.2468711137771606,6.0,7042.953011049351,62.02739667998616,90.55095548331832,1112.4593719944428,9.867606471697512,0.050000000745058,50.0,0.0,0.0,10.9,70.7,188.1,0.408,0.0,0.0,0.0,999999.0,364.2,353.6,282.0,640920
1,2615.0,0.9263692498207092,270.0,0.0036603840999305,7.572137355804443,0.508084774017334,2.0,18.0,63973.74960457344,2816.0196252467595,2859.50877503768,0.0,0.0,0.75,10.0,0.0,0.0,4.5,13.7,62.4,0.405,0.0,0.0,0.0,999999.0,292.0,398.0,310.0,641328
1,544.0,27.278148651123047,311.1859130859375,0.0015687365084886,4.640542984008789,27.54747009277344,14.900712966918944,18.0,67671.51631054748,573.7516855075324,474.5483895864288,418.5213042214143,0.0,0.75,10.0,4.5,14.6,91.1,154.39999999999998,211.1,0.429,0.0,0.0,0.0,999999.0,308.0,395.4,296.6,641306
1,1066.0,26.906801223754883,22.479433059692383,0.0044447518885135,4.618371963500977,26.095659255981445,14.128870964050291,6.0,27793.762017903868,613.1655665541374,2331.2795401878725,0.0,0.0,0.75,10.0,0.6,1.7999999999999998,7.7,80.8,132.89999999999998,0.423,0.0,3.0,4.7,153460.72599140753,404.0,306.0,290.0,641514
1,3601.0,19.74932289123535,97.76516723632812,0.0039218398742377,4.795339107513428,15.589593887329102,8.426149368286133,6.0,48214.15762502536,18586.438698792645,507.63987727641415,141.68116584464437,0.0,0.75,10.0,0.5,3.9,31.4,51.4,60.99999999999999,0.427,0.0,1.0,4.4,178838.07465036676,460.0,353.0,187.0,536215
1,1328.0,34.839630126953125,30.735485076904297,-0.007582223508507,4.463698387145996,42.05655670166016,16.351606369018555,2.0,60781.7187456318,3428.4314136452062,5134.156834563349,0.0,0.0,0.75,10.0,1.3,3.5,35.5,61.9,153.4,0.43,0.0,0.0,0.0,999999.0,353.0,346.0,300.0,641306
1,642.0,31.56842994689941,-0.0,-0.0015687358099967,4.397502422332764,30.67445182800293,14.365757942199709,6.0,15787.693522110862,127.55527515346124,3703.847793074385,0.0,0.716197243913529,0.75,10.0,1.0,2.7,19.3,88.0,159.1,0.429,0.0,0.0,0.0,999999.0,434.0,276.0,290.0,654170
1,296.0,0.9263692498207092,270.0,-0.0002614560653455,7.572137355804443,0.508084774017334,0.4145781099796295,0.0,15851.502986911437,544.318375431308,250.8490184176189,665.9048808539364,0.0,0.6000000238418579,40.0,1.0,2.3,45.900000000000006,114.2,240.8,0.494,0.0,2.0,4.5,238765.9242518701,434.0,263.0,303.0,654170
1,588.0,9.582077026367188,16.699243545532227,-0.0096738720312714,5.4012131690979,6.317454814910889,4.486089706420898,18.0,119952.74959469742,118.20033692358398,1125.8816806113705,183.1713822878744,21.645072260497766,0.75,10.0,1.2,6.1000000000000005,49.2,120.6,250.4,0.472,0.0,1.0,4.5,241954.28049325728,448.0,263.0,290.0,640435
1,133.0,0.9263692498207092,-0.0,-0.0015687361592426,7.572137355804443,0.508084774017334,0.6296700239181519,6.0,5364.350210372115,300.38533802064006,665.410361052781,314.80035972280507,79.02042924512604,0.6000000238418579,40.0,2.7,9.8,70.9,160.39999999999998,237.2,0.43,1.0,2.0,4.7,171729.32687170894,424.0,301.0,275.0,653072
1,777.0,37.530879974365234,210.34326171875,-0.0096738720312714,4.413540840148926,48.71992111206055,20.160295486450195,18.0,15100.667631042208,2731.0061147570605,1144.210563180662,306.2164247627249,0.0,0.75,10.0,0.0,0.0,7.8,21.7,21.7,0.369,0.0,0.0,0.0,999999.0,432.0,264.0,303.0,640751
1,733.0,32.53924560546875,351.2538452148437,-0.0206550247967243,4.427590847015381,34.08517837524414,18.006942749023438,18.0,15242.874344577063,2744.403853552639,938.1170592530098,326.980093977996,0.0,0.75,10.0,0.0,0.0,0.0,21.1,21.7,0.34,0.0,0.0,0.0,999999.0,355.8,349.0,295.4,640751
1,3635.0,26.65845489501953,75.06857299804688,-0.0002614562399685,4.59954309463501,25.06292533874512,12.369317054748535,6.0,48285.49111597866,18580.699717359366,595.2598268562731,133.69664598374243,0.0,0.75,10.0,0.0,0.0,0.5,32.3,80.60000000000001,0.382,0.0,1.0,4.4,43760.32921916787,460.0,353.0,187.0,536215
1,953.0,40.91536331176758,143.34388732910156,0.0067978566512465,4.36876392364502,59.301307678222656,20.62765121459961,6.0,38857.82082827119,59.532481142544256,2934.014231674835,0.0,0.0,0.75,10.0,0.7,1.0,8.299999999999999,56.7,128.89999999999998,0.421,0.0,0.0,0.0,999999.0,436.0,296.0,268.0,640996
1,1586.0,44.38896942138672,157.67132568359375,-0.0062749446369707,4.275839328765869,68.93598937988281,24.606908798217773,6.0,115966.53783251504,116.8421555077162,262.6326583684261,554.2629986423649,0.0795774715459476,0.75,10.0,0.8,4.0,21.0,37.8,115.0,0.425,0.0,3.0,4.2,219757.6065712857,317.0,411.0,272.0,641306
1,153.0,2.777172803878784,90.0,0.0007843680214136,6.504854202270508,1.572763204574585,1.3975424766540527,6.0,7797.627671554084,19.606110511132915,357.8677916603696,548.3816821470676,1.5915494309189535,0.050000000745058,50.0,0.1,0.3,12.2,37.3,78.89999999999999,0.427,1.0,3.0,4.5,148252.29146289776,426.0,321.0,253.0,640920
1,1668.0,31.9878158569336,338.7494812011719,0.0078436806797981,4.49464750289917,34.92755126953125,19.23538398742676,6.0,71016.52898343645,3655.05584211748,2254.2971198282394,0.0,0.0,0.75,10.0,1.9,5.4,44.6,90.9,151.10000000000002,0.427,1.0,1.0,4.5,62502.27461372844,337.4,350.4,312.0,640951
1,209.0,0.9263692498207092,180.0,0.0007843680796213,7.572137355804443,0.508084774017334,0.6673173904418945,6.0,6153.410741088414,1049.9601001941323,0.0,442.5441835395128,0.0,-0.2000000029802322,60.0,5.6,10.5,58.1,92.7,101.7,0.516,0.0,0.0,0.0,999999.0,428.0,264.0,308.0,652429
1,4054.0,28.84231376647949,220.23635864257807,-0.0115040652453899,4.602452754974365,30.24658966064453,13.747727394104004,6.0,84282.38531429536,20359.80667141517,383.3133378556088,0.0,0.0,0.5,30.0,0.2,0.6000000000000001,9.5,41.7,149.5,0.42,0.0,0.0,0.0,999999.0,454.0,347.0,199.0,535752
1,429.0,8.673249244689941,212.00540161132807,-0.002353104064241,5.50256872177124,5.70852518081665,4.498263359069824,6.0,193.5185451266457,12.57504645969897,2489.445850429365,0.0,0.0,0.75,10.0,7.5,26.3,122.8,326.9,455.80000000000007,0.507,0.0,0.0,0.0,999999.0,409.0,307.0,284.0,641736
1,1665.0,11.559338569641112,341.5650634765625,0.0002614561235532,5.248600959777832,7.960803985595703,6.4031243324279785,6.0,30510.046635434795,2979.2546503221106,6228.520881912933,0.0,0.0,0.75,10.0,0.0,1.0,36.1,179.89999999999998,424.8,0.437,0.0,0.0,0.0,999999.0,288.0,353.0,359.0,641306
1,317.0,8.33016586303711,276.3402099609375,-0.0,5.502618789672852,5.259802341461182,3.645416736602783,0.0,10716.262404685487,2.9207318285812507,347.02130320885846,1002.8899207856696,14.562677292908424,0.050000000745058,50.0,0.5,4.9,11.5,73.3,364.6,0.459,1.0,1.0,5.0,296652.18189944274,341.6,372.6,285.8,640920
1,1711.0,27.68612670898437,146.30992126464844,0.0041832961142063,4.623149871826172,28.03079605102539,12.318684577941896,18.0,39086.72912747779,1187.3832741633987,4414.268730266228,0.0,0.0,0.75,10.0,0.2,0.5,18.8,75.7,134.3,0.439,1.0,1.0,4.1,105971.12566861496,281.0,387.0,331.0,641051
1,265.0,13.835899353027344,23.19858932495117,0.0060134883970022,5.112926959991455,10.078653335571287,5.695393085479736,6.0,1829.217757629713,56.19916943252888,2.664619920231144,378.72506149845344,0.0,0.5,30.0,0.0,0.0,0.0,0.9000000000000001,57.6,0.344,0.0,2.0,4.7,114920.72947301604,358.4,349.4,292.2,640920
1,158.0,30.20392417907715,-0.0,0.0036603838670998,4.431334972381592,28.477901458740234,14.917808532714844,6.0,3036.5575165276614,17.50459705940903,246.4003004233029,378.02941758335095,43.76760935027122,0.75,10.0,0.0,0.0,0.0,1.0000000000000002,41.3,0.361,0.0,3.0,4.7,110176.65340429124,438.0,301.0,261.0,640920
1,1009.0,1.309969782829285,45.0,-0.0026145600713789,7.2413506507873535,0.7299740314483643,1.887458562850952,6.0,12759.779366482766,4098.198778944986,1218.664947826724,346.933728488957,0.0,0.75,10.0,0.0,0.0,0.0,0.0,0.0,0.348,1.0,2.0,4.6,23206.72159033037,290.0,402.0,308.0,641394
1,1665.0,11.559338569641112,341.5650634765625,0.0002614561235532,5.248600959777832,7.960803985595703,6.4031243324279785,6.0,30510.046635434795,2979.2546503221106,6228.520881912933,0.0,0.0,0.75,10.0,2.6,11.999999999999998,122.9,231.3,355.70000000000005,0.429,0.0,1.0,4.3,269611.4448984056,288.0,353.0,359.0,641306
1,213.0,13.63347625732422,36.869895935058594,-0.0062749441713094,5.140389442443848,10.046712875366213,5.597851276397705,6.0,2111.6462005514823,609.3717680982762,454.3032267243817,413.3115078762624,3.9788735772973833,0.75,10.0,0.0,0.0,52.8,142.2,211.3,0.419,2.0,5.0,5.1,124449.52995998894,399.0,331.0,269.0,640920
1,1183.0,23.642616271972656,265.7636108398437,0.003921840339899,4.642050743103027,19.884729385375977,11.613569259643556,18.0,45515.326327626215,1208.0059980607646,3212.468880500492,0.0,0.0,0.75,10.0,0.0,0.0,52.8,142.2,211.3,0.42,2.0,5.0,5.1,123046.57561785306,276.0,382.0,341.0,641306
1,406.0,5.839084625244141,251.5650634765625,0.002353104064241,5.833305835723877,3.5713398456573486,2.540300130844116,0.0,53499.22532115641,1.3364213080643337,86.24589380543118,418.51429718215695,1.5915494309189535,0.050000000745058,50.0,3.0,10.1,75.0,149.89999999999998,203.79999999999995,0.433,0.0,1.0,4.3,238623.06342633785,320.0,438.0,242.0,641306
1,980.0,36.83525466918945,237.339096069336,0.0209164805710315,4.430841445922852,47.13225936889648,21.901769638061523,6.0,54904.13464168693,411.1824669987907,121.10181166441008,690.018994623144,0.238732414637843,0.75,10.0,0.9,3.0,16.7,37.3,63.8,0.428,0.0,0.0,0.0,999999.0,430.0,268.0,302.0,533450
1,568.0,19.969451904296875,69.14553833007812,-0.0052291196770966,4.828344345092773,16.50491714477539,9.653367042541504,0.0,50456.25940982575,744.3028786943879,661.5138185467212,314.19482237367004,0.0,0.75,10.0,2.7,9.0,50.1,140.0,200.6,0.429,4.0,15.0,4.9,236904.40419445577,449.0,278.0,273.0,640922
1,3531.0,36.33428192138672,33.34070587158203,0.0062749437056481,4.441133499145508,45.91121292114258,17.944358825683594,18.0,30496.55727087774,282.0034554766931,315.2842408143992,534.0748103939409,0.3183098861837907,0.75,10.0,0.0,0.0,0.1,0.1,1.0000000000000002,0.375,1.0,1.0,4.7,181488.774736003,493.0,327.0,180.0,641372
1,2346.0,28.94634056091309,142.12501525878906,0.0013072800356894,4.598160743713379,30.37668228149414,12.489995956420898,18.0,41562.18698347872,171.826665559896,621.6223982444487,517.7312535565844,0.1591549430918953,0.5,30.0,0.0,1.1,28.5,57.1,81.0,0.425,0.0,2.0,5.0,220492.47398740024,306.0,329.0,365.0,641306
1,2403.0,19.45064353942871,105.94539642333984,-0.0005229117232374,4.834603786468506,15.687682151794434,9.61769199371338,18.0,44034.204716545006,152.2647299397797,3446.78735660304,0.0,0.0,0.75,10.0,0.7,3.8,35.3,85.3,116.29999999999998,0.427,0.0,2.0,5.0,213253.9837352869,254.0,397.0,349.0,641372
1,2758.0,23.983537673950195,250.90652465820312,-0.0023531045299023,4.689899444580078,21.542293548583984,11.704699516296388,18.0,39129.21023348981,228.96475968092307,775.4792357403066,998.0288935146326,32.78591827693044,0.75,10.0,0.7,3.8,35.3,85.3,116.29999999999998,0.426,0.0,2.0,5.0,222392.06211022908,308.0,391.0,301.0,641306
1,1622.0,28.81097221374512,181.6846923828125,0.0078436797484755,4.47778844833374,26.63241958618164,14.508618354797363,18.0,46446.56722345518,944.0691411156926,1150.9185430064736,237.0725914216411,0.0,0.75,30.0,8.4,22.9,106.4,205.2,247.3,0.429,0.0,0.0,0.0,999999.0,359.0,350.0,291.0,641372
1,2506.0,48.91719818115234,139.57391357421875,0.0180404651910066,4.256324291229248,92.8191146850586,33.90427780151367,18.0,23896.61037719984,10111.951583683993,505.6607080711874,204.2376579398246,0.0,0.75,10.0,0.1,0.3,18.4,82.19999999999999,129.89999999999998,0.423,0.0,2.0,5.0,211227.9940811256,400.0,369.0,231.0,641184
1,585.0,28.769100189208984,283.62701416015625,0.0057520326226949,4.539631366729736,28.23350524902344,12.603322982788086,18.0,37591.44439549123,30.654866695257475,116.94972899456474,685.7080755996747,0.3978873577297384,0.75,10.0,0.1,0.5,13.0,38.5,135.8,0.426,1.0,3.0,4.6,255158.22449266727,415.0,302.0,283.0,533450
1,1716.0,20.470813751220703,274.9697265625,0.0143800806254148,4.756332874298096,16.209697723388672,11.597413063049316,6.0,39628.726146918256,6.528353853287834,6281.419644158371,0.0,0.0,0.75,10.0,0.0,0.0,5.1,17.6,58.400000000000006,0.413,0.0,0.0,0.0,999999.0,304.0,386.6,309.2,641306
1,954.0,15.39533805847168,273.366455078125,-0.0044447518885135,4.976614952087402,10.99291706085205,6.860211372375488,6.0,7738.23207463258,9369.728540111284,6388.989233458531,0.0,0.0,0.75,10.0,0.4,0.9,28.0,59.7,121.9,0.415,0.0,0.0,0.0,999999.0,314.0,401.0,286.0,640932
1,225.0,4.622196197509766,143.13009643554688,0.0023531042970716,6.053886890411377,2.782968044281006,2.0,0.0,5870.224791428566,3.602353677202264,598.4432860250129,318.5106920488456,5.411268065124442,0.050000000745058,50.0,0.4,0.9,20.700000000000003,67.5,104.5,0.445,0.0,1.0,4.5,318097.51672906976,369.0,357.0,274.0,640920
1,665.0,35.04850769042969,295.9743957519531,-0.0256226882338523,4.447624683380127,42.03364181518555,16.731332778930664,6.0,16412.251104991585,24.890211086368183,859.009965268658,429.0643872557305,0.0,0.75,10.0,0.4,0.7,24.9,67.5,98.0,0.481,0.0,0.0,0.0,999999.0,367.0,337.0,296.0,640985
1,740.0,46.16188049316406,115.76932525634766,0.0054905759170651,4.262444972991943,76.98279571533203,23.48004531860352,6.0,14609.14406580907,30.76291459070581,341.91328505429834,301.65728003196506,0.0,0.75,10.0,0.4,0.7,24.9,67.5,98.0,0.45,0.0,0.0,0.0,999999.0,359.2,354.0,287.0,641306
1,314.0,43.43213272094727,7.853313446044922,0.0039218398742377,4.212423324584961,60.51618957519531,23.71494102478028,18.0,38809.64263050453,38.596602607750405,190.41027645403383,330.9404685203696,0.0,0.75,10.0,1.8,7.8,30.1,94.6,225.3,0.429,0.0,0.0,0.0,999999.0,341.6,372.6,285.8,640974
1,2689.0,10.678775787353516,59.03623962402344,-0.0002614558907225,5.329860210418701,7.339498996734619,4.949747562408447,18.0,39788.90616750177,86.76615655713664,310.13132246874443,820.6175671468411,19.89436788648692,0.5,30.0,0.0,0.0,8.2,37.9,210.7,0.415,0.0,0.0,0.0,999999.0,340.6,383.8,275.8,641306
1,2412.0,26.81263732910156,352.6476135253906,0.0018301917007192,4.562337875366211,24.47323226928711,11.76860237121582,18.0,41986.10618384246,206.194892903954,687.9673990438284,657.7022058943177,14.880987179092214,0.5,30.0,0.0,0.0,1.4,26.1,57.5,0.416,0.0,1.0,4.1,255178.47746850588,332.0,371.0,297.0,641306
1,1651.0,28.25813674926757,136.2188720703125,0.0070593119598925,4.6175947189331055,29.25207901000977,13.152946472167969,6.0,17434.264211645892,2495.511126061163,2380.960400112884,0.0,0.0,0.75,10.0,0.0,0.0,21.9,32.1,73.2,0.434,0.0,1.0,4.1,249332.01229564723,333.0,368.2,298.4,654170
1,721.0,13.63347625732422,233.13009643554688,0.0120269767940044,5.140389442443848,10.046712875366213,6.490377426147461,0.0,24152.14268427369,61.57063653079401,789.4262751776416,563.2847851923698,0.0,0.75,10.0,0.3,0.9000000000000001,8.0,12.1,50.5,0.424,0.0,0.0,0.0,999999.0,393.0,313.0,294.0,654170
1,942.0,29.74593734741211,244.8851623535156,0.0067978561855852,4.556345462799072,31.09974479675293,14.819750785827637,18.0,18884.45778071207,1344.194012149138,981.725366317832,321.03537213896215,0.238732414637843,0.75,10.0,6.4,16.200000000000003,77.4,108.7,150.0,0.445,0.0,0.0,0.0,999999.0,408.0,305.0,288.0,641514
1,532.0,30.136510848999023,347.125,-0.0002614555996842,4.5031418800354,30.432748794555664,15.24487590789795,6.0,67789.86878279565,1656.1114973108715,94.49771243713823,500.0317091479217,0.0,0.75,10.0,0.0,0.0,0.4,28.4,41.50000000000001,0.403,0.0,1.0,4.4,240438.6911759221,315.0,432.0,253.0,641306
1,2345.0,26.72979736328125,84.47245788574219,-0.0007843678467907,4.555553436279297,24.133602142333984,13.61983871459961,23.0,117339.42550003486,3282.443631136586,2015.9876481427525,0.0,0.0,0.75,10.0,0.0,0.0,8.3,31.9,39.0,0.419,0.0,0.0,0.0,999999.0,311.8,374.8,313.4,641306
1,1083.0,24.858718872070312,299.24884033203125,0.0047062085941433,4.689792633056641,23.36107635498047,11.926860809326172,6.0,60767.67126668561,123.28224994537122,439.0491604481505,392.5855989335619,12.891550390443523,0.75,10.0,1.4,5.5,46.9,186.7,201.8,0.498,0.0,0.0,0.0,999999.0,352.0,362.0,286.0,641306
1,1674.0,16.602092742919922,257.47119140625,0.0104582402855157,4.94596529006958,12.499224662780762,7.6157732009887695,18.0,39362.69412680467,229.68542660324945,1833.7886604303883,51.426777419243486,0.0,0.75,10.0,0.0,0.0,7.0,16.3,43.7,0.417,0.0,0.0,0.0,999999.0,339.0,342.0,318.0,641306
1,300.0,21.27671241760254,221.633544921875,-0.0023531038314104,4.812687397003174,18.66166114807129,8.420584678649902,0.0,12749.754138122806,17.409658902991207,275.9618227412112,441.6652857853048,12.095775674984043,0.75,10.0,0.0,0.0,14.999999999999998,29.300000000000004,46.1,0.417,0.0,0.0,0.0,999999.0,354.0,373.2,272.8,640920
1,981.0,19.969453811645508,122.275634765625,-0.0041832961142063,4.850121021270752,16.868284225463867,8.845903396606445,6.0,75131.4598626399,167.55105475317194,4160.593372684188,0.0,0.0,0.75,10.0,0.1,1.6,4.699999999999999,25.2,72.8,0.421,0.0,0.0,0.0,999999.0,350.0,360.2,289.4,641096
1,2852.0,25.88996124267578,271.9091491699219,0.0031374716199934,4.560647964477539,22.5313720703125,14.247806549072266,6.0,106647.22085482247,8065.414686805354,7003.563389520349,0.0,0.0,0.75,10.0,0.5,2.0,31.5,47.0,91.5,0.428,0.0,0.0,0.0,999999.0,332.4,387.8,280.2,641306
1,881.0,43.74993515014648,254.32049560546875,-0.0039218408055603,4.254623889923096,64.54259490966797,22.387216567993164,6.0,77696.29281429647,780.4161722226219,60.99470272839473,337.14510584729913,0.238732414637843,0.75,10.0,0.7,4.3,21.7,52.7,97.5,0.429,0.0,0.0,0.0,999999.0,336.2,370.4,293.4,641162
1,2993.0,19.279935836791992,146.30992126464844,0.0332049131393432,4.877337455749512,16.063682556152344,14.832396507263184,18.0,56748.39714627896,3101.9764792851247,2790.142066359598,0.0,0.0,0.75,10.0,0.0,0.0,53.400000000000006,112.5,240.2,0.42,0.0,1.0,4.5,184798.52208821385,368.0,375.0,257.0,536215
1,490.0,14.640094757080078,21.80140686035156,0.007320768199861,5.0661797523498535,10.82064151763916,6.893157958984375,0.0,8699.268879930989,873.4978581796224,2228.6449397139704,0.0,0.477464829275686,0.75,10.0,0.0,4.7,12.2,110.4,218.0,0.427,0.0,0.0,0.0,999999.0,401.4,308.0,290.4,640920
1,313.0,21.35999298095703,330.255126953125,-0.0047062076628208,4.79790735244751,18.54637718200684,10.349366188049316,0.0,12272.731607710177,71.38684579439213,285.47117647630296,551.4085210362584,10.822536130248883,0.75,10.0,0.3,1.2,17.2,74.3,189.0,0.512,1.0,2.0,4.6,262003.6852969184,341.6,372.6,285.8,640920
1,201.0,2.0707030296325684,63.4349479675293,-0.0018301920499652,6.798747539520264,1.172268629074097,0.7856128215789795,6.0,8504.802382582002,89.36710982479049,407.3593287859347,1127.2920564091305,6.445775195221762,0.75,10.0,0.0,1.7999999999999998,15.6,77.80000000000001,208.7,0.428,1.0,3.0,4.6,258963.88804168,373.2,316.4,310.6,640920
1,2514.0,34.81061172485352,270.0,0.0088895037770271,4.322752952575684,36.44879531860352,18.220867156982425,6.0,99199.45235416896,9411.273461193869,2245.914912593607,0.0,0.0,0.75,10.0,0.0,0.0,8.5,52.89999999999999,198.9,0.42,1.0,1.0,4.2,228951.9281102423,306.4,381.8,311.8,641306
1,825.0,23.94131851196289,190.49148559570312,-0.0020916478242725,4.660417556762695,20.83356285095215,11.349559783935549,6.0,68789.17459705206,251.8520680262189,2631.4952188629427,0.0,0.0,0.75,10.0,0.2,0.8999999999999999,4.8,54.8,122.1,0.423,1.0,1.0,4.2,231057.2434287908,330.4,355.4,314.4,641118
1,499.0,11.9050874710083,355.6012878417969,0.0015687360428273,5.192260265350342,7.994982719421387,5.117372512817383,6.0,8684.645685618196,913.8735452186704,2123.2653111665777,0.0,0.716197243913529,0.75,10.0,0.1,1.5,10.6,47.9,140.20000000000002,0.427,1.0,2.0,4.6,263320.9678097382,403.2,325.0,271.4,640920
1,263.0,10.980945587158203,-0.0,-0.0094124153256416,5.248529434204102,7.164211273193359,4.653627395629883,6.0,5683.644100473769,52.618488599831394,74.82076402497027,199.23783668889703,0.0,0.050000000745058,50.0,5.6,29.6,102.6,159.8,193.3,0.438,0.0,3.0,4.6,256762.53321515312,351.2,345.8,303.0,640920
1,229.0,28.967065811157227,6.709836959838867,0.0026145603042095,4.50185489654541,27.634841918945312,14.672598838806152,0.0,5812.47833450401,86.24267587893009,604.676749205414,316.5621034951755,5.411268065124442,0.75,10.0,2.1,5.9,35.3,171.89999999999998,223.9,0.429,0.0,2.0,4.6,260428.57909085,377.2,335.4,287.2,640920
1,264.0,4.622196197509766,180.0,0.0062749441713094,6.024405479431152,2.702120065689087,4.104113578796387,6.0,10085.455453784309,49.370396009019466,264.7005080310581,1150.7915594090118,12.971127861989473,0.75,10.0,5.5,16.3,53.8,186.0,225.3,0.438,0.0,1.0,4.6,302463.3972156065,357.0,330.4,312.6,640920
1,252.0,17.920793533325195,-0.0,0.0086280480027198,4.8405632972717285,13.23392105102539,8.743077278137207,6.0,9442.319717297476,55.64091205096901,923.0742174676852,173.3611245716092,14.244367406724631,0.75,10.0,4.1,19.9,101.0,160.7,388.2,0.43,0.0,1.0,4.2,241600.55751910905,358.2,353.2,288.8,640920
1,326.0,26.478731155395508,144.24610900878906,0.0013072800356894,4.656248569488525,26.11246490478516,11.055258750915527,0.0,53035.231897074125,20.782655410929788,982.1557671981416,571.5259388614725,0.0795774715459476,0.75,10.0,2.7,12.0,42.8,183.8,224.4,0.439,0.0,2.0,4.6,258952.70637869817,341.6,372.6,285.8,641306
1,324.0,18.775278091430664,25.346174240112305,-0.002353104064241,4.883900165557861,15.271146774291992,8.608226776123047,6.0,50861.15088904341,976.4795696675882,608.7840962677541,371.7839346410066,0.0,0.75,10.0,4.1,19.9,101.0,160.7,388.2,0.43,0.0,1.0,4.2,239837.770718472,341.6,372.6,285.8,641306
1,231.0,19.87812805175781,169.6951446533203,0.0013072802685201,4.79973840713501,15.880661964416504,8.956709861755371,0.0,9629.43859315132,12.789200703481882,134.02400432751455,430.94467711368287,0.0,0.75,10.0,11.6,27.9,79.69999999999999,173.60000000000002,275.6,0.439,0.0,2.0,4.6,266364.67393317784,367.0,345.6,287.4,640920
1,237.0,15.370030403137209,61.927513122558594,0.0033989278599619,5.039081573486328,11.661158561706545,7.762087345123291,0.0,9698.773193162191,1.522270767764968,188.0068152046464,1536.973102122755,2.546479089470325,0.75,10.0,9.1,24.8,100.5,198.0,282.3,0.439,0.0,2.0,4.6,260760.41756743725,370.6,343.2,286.2,640920
1,291.0,7.427391529083252,262.875,-0.0020916480571031,5.604767799377441,4.617764472961426,2.6309456825256348,0.0,10495.52105894034,23.56807145090913,353.88244753899056,1066.0917103842216,12.65281797580568,0.050000000745058,50.0,9.1,24.8,100.5,198.0,282.3,0.439,0.0,2.0,4.6,260888.0808608312,376.8,342.8,280.4,640920
1,366.0,10.366950988769531,315.0,0.0026145598385483,5.360172271728516,7.120360851287842,4.506938934326172,0.0,11173.21221371366,8.945640178329118,877.8206447696373,346.75931383577074,21.645072260497766,0.050000000745058,50.0,3.1,8.5,83.80000000000001,158.20000000000002,240.7,0.438,0.0,2.0,4.6,259574.9160943509,369.0,341.6,289.4,640920
1,318.0,14.613224983215332,277.1250305175781,0.0028760165441781,5.031214714050293,10.408801078796388,5.920700073242188,6.0,10104.747978603427,93.70531349503112,1808.214346718664,41.91075375352073,5.252113122032546,0.75,10.0,3.4,8.0,67.0,142.9,234.6,0.52,0.0,2.0,4.6,260635.0322140529,341.6,372.6,285.8,640920
1,988.0,12.880515098571776,135.0,0.0122884316369891,5.187136650085449,9.357793807983398,5.979130268096924,6.0,12366.486051013722,1902.8256832811303,2683.658037005003,0.0,0.0,0.75,10.0,4.0,13.6,75.3,149.9,261.0,0.509,0.0,2.0,4.6,261668.4204855227,321.4,381.4,296.6,640920
1,159.0,14.532262802124023,273.57635498046875,-0.0054905759170651,5.024413585662842,10.218966484069824,5.696249961853027,6.0,374.73097192881227,219.34478166538065,1242.7577107313173,520.7958807019348,59.205638830185066,0.75,10.0,4.4,9.8,104.79999999999998,177.2,254.3,0.439,0.0,2.0,4.6,250733.72223192963,367.6,355.4,276.8,640920
1,2725.0,20.836181640625,167.73521423339844,-0.0007843679049983,4.770972728729248,17.09682273864746,9.591663360595703,18.0,38726.47291976294,36.06650314926104,819.7224459880815,567.1664776459943,48.30352522839024,0.75,10.0,1.1,2.2,8.399999999999999,146.10000000000002,239.9,0.43,1.0,2.0,4.6,296486.97600298683,340.6,383.8,275.8,641306
1,1665.0,11.559338569641112,341.5650634765625,0.0002614561235532,5.248600959777832,7.960803985595703,6.4031243324279785,6.0,30510.046635434795,2979.2546503221106,6228.520881912933,0.0,0.0,0.75,10.0,0.9,2.0,6.0,60.0,153.8,0.424,0.0,0.0,0.0,999999.0,288.0,353.0,359.0,641306
1,693.0,38.52892303466797,192.9074249267578,0.0023531045299023,4.329185962677002,48.11183166503906,18.5943546295166,0.0,22377.51649804662,173.37811796186708,385.11808463573794,552.4516588365959,0.0,0.75,10.0,0.4,1.3,6.300000000000001,139.0,218.7,0.503,1.0,2.0,4.6,288899.4712333845,347.2,351.0,301.8,641306
1,1403.0,33.42437744140625,120.96375274658205,0.0047062081284821,4.491750240325928,38.88802719116211,17.26629638671875,0.0,42045.38436179974,1259.8117821525907,7472.811076417728,0.0,0.0,0.75,10.0,0.0,0.0,3.5,11.8,33.4,0.399,0.0,1.0,4.5,252926.63728767887,329.0,367.0,304.0,641306
1,2129.0,23.250146865844727,289.79888916015625,0.007059312891215,4.714394092559815,20.58915901184082,11.135528564453123,18.0,44205.16039181112,4.492438018659607,2233.15449823542,0.0,0.0,0.75,50.0,0.0,0.5,20.0,60.900000000000006,90.3,0.424,0.0,0.0,0.0,999999.0,342.0,373.4,284.6,641306
1,368.0,21.688684463500977,26.56505012512207,-0.0057520321570336,4.78109884262085,18.860746383666992,10.263710021972656,6.0,10237.08930340763,65.04119982084472,2581.303765892744,0.0,10.90211360179483,0.75,10.0,2.1,8.799999999999999,44.8,68.0,227.20000000000005,0.481,1.0,3.0,4.2,118006.40475550876,409.0,331.0,260.0,640920
1,134.0,26.333515167236328,321.63250732421875,-0.006274945102632,4.662611484527588,25.94684219360352,11.858129501342772,6.0,53909.30321705664,118.04660109803298,496.1029882570562,284.357028508315,2.228169203286535,0.75,10.0,1.9,5.3,27.3,91.4,151.2,0.492,0.0,1.0,4.5,297179.2515817763,366.0,351.0,283.0,653072
1,58.0,1.309969782829285,225.0,0.0020916480571031,7.2413506507873535,0.7299740314483643,0.6667683720588684,6.0,54243.840717776366,52.14704011326383,194.30528856330056,611.916961673027,2.864788975654116,0.050000000745058,50.0,0.9,2.8,23.9,54.6,221.1,0.485,2.0,6.0,4.6,17331.46515334935,419.6,316.4,264.2,653072
1,121.0,10.71705722808838,250.01690673828125,1.1641532182693479e-10,5.313267707824707,7.271801948547363,4.961571216583252,6.0,38776.58237448303,181.9752003016642,3931.624082409006,0.0,0.0795774715459476,0.75,10.0,2.1,8.799999999999999,44.8,68.0,227.20000000000005,0.481,1.0,3.0,4.2,117263.53875665496,355.0,368.0,277.0,653072
1,65.0,0.9263692498207092,-0.0,-0.0,7.572137355804443,0.508084774017334,0.6285057663917542,6.0,6705.693005859935,1205.382086951338,3810.7669911843386,0.0,16.47253661001117,0.6000000238418579,40.0,6.0,15.8,79.0,134.0,153.60000000000002,0.483,0.0,4.0,4.6,24214.35723759323,342.0,389.0,269.0,653072
1,121.0,10.71705722808838,250.01690673828125,1.1641532182693479e-10,5.313267707824707,7.271801948547363,4.961571216583252,6.0,38776.58237448303,181.9752003016642,3931.624082409006,0.0,0.0795774715459476,0.75,10.0,2.7,12.9,46.50000000000001,84.5,259.6,0.462,2.0,4.0,4.2,95078.54411954003,355.0,368.0,277.0,653072
1,132.0,5.541357040405273,180.0,-0.0036603840999305,5.856933116912842,3.29105281829834,2.8284270763397217,6.0,51300.666189865406,61.639806869415246,1158.217045625613,204.23660672769407,0.5570423008216338,0.75,10.0,0.1,0.4,54.5,197.3,229.8,0.5,0.0,4.0,4.6,48648.51218547023,374.0,354.0,273.0,655035
1,83.0,12.40361213684082,233.97262573242188,0.0036603840999305,5.213824272155762,8.890074729919434,5.265787124633789,6.0,52434.68540973759,1.7374469199286775,2214.8695405392955,0.0,6.047887837492023,0.050000000745058,50.0,0.1,0.4,54.5,197.3,229.8,0.488,0.0,3.0,4.6,40001.169643733694,379.0,351.4,269.4,653072
1,121.0,10.71705722808838,250.01690673828125,1.1641532182693479e-10,5.313267707824707,7.271801948547363,4.961571216583252,6.0,38776.58237448303,181.9752003016642,3931.624082409006,0.0,0.0795774715459476,0.75,10.0,4.4,9.3,24.9,61.900000000000006,120.1,0.465,0.0,0.0,0.0,999999.0,355.0,368.0,277.0,653072
1,132.0,5.541357040405273,180.0,-0.0036603840999305,5.856933116912842,3.29105281829834,2.8284270763397217,6.0,51300.666189865406,61.639806869415246,1158.217045625613,204.23660672769407,0.5570423008216338,0.75,10.0,4.1,19.8,125.3,184.2,328.3,0.497,0.0,0.0,0.0,999999.0,381.2,341.8,276.6,655035
1,134.0,26.333515167236328,321.63250732421875,-0.006274945102632,4.662611484527588,25.94684219360352,11.858129501342772,6.0,53909.30321705664,118.04660109803298,496.1029882570562,284.357028508315,2.228169203286535,0.75,10.0,7.1,41.4,163.4,263.4,425.6,0.508,0.0,0.0,0.0,999999.0,364.4,349.0,286.4,653072
1,121.0,10.71705722808838,250.01690673828125,1.1641532182693479e-10,5.313267707824707,7.271801948547363,4.961571216583252,6.0,38776.58237448303,181.9752003016642,3931.624082409006,0.0,0.0795774715459476,0.75,10.0,4.1,19.8,125.3,184.2,328.3,0.478,0.0,0.0,0.0,999999.0,355.0,368.0,277.0,653072
1,32.0,2.927142381668091,341.5650634765625,0.0018301920499652,6.467477321624756,1.6834042072296145,1.5713615417480469,6.0,4904.027360316725,66.97131517645718,266.0541569533584,292.3590768110876,0.0,0.6000000238418579,10.0,2.5,10.2,64.30000000000001,219.6,247.4,0.505,0.0,3.0,4.2,246886.2722825105,265.0,392.8,342.0,652804
1,50.0,2.0707030296325684,243.4349670410156,-0.0005229120142757,6.798747539520264,1.172268629074097,1.2273335456848145,6.0,48502.7073020371,13.582352360487333,337.1827112306389,1026.826497020466,3.183098861837907,0.6000000238418579,40.0,0.0,0.1,1.1,20.1,100.4,0.5,0.0,1.0,4.8,281083.58910932514,370.0,351.0,279.0,655035
1,112.0,18.43554306030273,129.09384155273438,-0.0036603843327611,4.914578914642334,15.141264915466309,7.007947444915772,16.0,53816.930420426885,7.553988030320841,857.2282248216924,278.0659494399053,1.7507043740108488,0.050000000745058,50.0,0.0,0.0,8.2,36.9,162.79999999999998,0.498,0.0,1.0,4.8,272132.63946019055,355.0,368.0,277.0,653072
1,147.0,1.309969782829285,225.0,0.0057520316913723,7.2413506507873535,0.7299740314483643,1.2854351997375488,0.0,50409.356326356006,138.92786583325176,899.5147036009079,0.0,5.570423008216337,0.75,10.0,0.0,0.0,8.2,36.9,162.79999999999998,0.498,0.0,1.0,4.8,273316.20581862907,364.2,353.6,282.0,653072
1,889.0,16.0606632232666,308.1572265625,-0.0020916478242725,5.016142845153809,12.50089168548584,6.78233003616333,18.0,9330.417145033627,1682.0868267756407,3782.813338569607,0.0,0.0,0.5,30.0,2.0,3.8,57.0,139.6,171.2,0.519,0.0,5.0,4.8,205532.66585623336,351.8,364.2,283.8,652838
1,68.0,3.924445152282715,135.0,0.0013072800356894,6.2035064697265625,2.3271255493164062,1.3331705331802368,29.0,51757.97545196191,15.695336078863004,2525.0713466429147,0.0,5.80915542285418,0.050000000745058,50.0,2.6,10.3,17.700000000000003,22.0,123.79999999999998,0.432,0.0,0.0,0.0,999999.0,365.2,355.6,279.6,653072
1,121.0,10.71705722808838,250.01690673828125,1.1641532182693479e-10,5.313267707824707,7.271801948547363,4.961571216583252,6.0,38776.58237448303,181.9752003016642,3931.624082409006,0.0,0.0795774715459476,0.75,10.0,0.0,0.0,8.4,83.80000000000001,103.4,0.493,0.0,0.0,0.0,999999.0,355.0,368.0,277.0,653072
1,49.0,0.9263692498207092,-0.0,0.002353104064241,7.572137355804443,0.508084774017334,0.8163968920707703,6.0,13219.162759615,20.179921709416053,3141.2622971408605,0.0,0.0795774715459476,0.050000000745058,10.0,1.1,4.1,13.7,42.5,78.9,0.407,1.0,5.0,4.6,168214.851713458,390.0,346.0,264.0,655147
1,121.0,10.71705722808838,250.01690673828125,1.1641532182693479e-10,5.313267707824707,7.271801948547363,4.961571216583252,6.0,38776.58237448303,181.9752003016642,3931.624082409006,0.0,0.0795774715459476,0.75,10.0,0.0,0.8,18.0,52.3,63.5,0.491,1.0,4.0,4.3,168757.02472652696,355.0,368.0,277.0,653072
1,25.0,2.618571519851685,45.0,0.0018301920499652,6.579049110412598,1.5056828260421753,1.0999544858932495,6.0,23116.6315508876,172.99100986972414,795.5317152816666,967.7924828434072,1.432394487827058,0.6000000238418579,40.0,0.0,0.0,1.6,5.4,5.4,0.323,0.0,4.0,4.3,107866.95860964156,358.8,343.2,297.4,652815
1,264.0,18.43554306030273,309.0938720703125,0.0128113431856036,4.914578914642334,15.141264915466309,8.042367935180664,6.0,2137.618493762333,2427.8921698194977,340.03248055615666,307.09160613960256,0.0,0.75,10.0,2.1,6.5,26.2,69.0,87.9,0.498,1.0,5.0,4.3,152018.62424854355,376.0,338.8,285.2,652804
1,87.0,1.309969782829285,315.0,0.0002614560071378,7.2413506507873535,0.7299740314483643,0.6665852665901184,6.0,22068.4314491885,843.1796086659571,3270.3742203358174,0.0,138.2260680753111,0.75,10.0,0.2,0.5,23.200000000000003,66.0,100.9,0.407,2.0,4.0,4.5,145225.8649924393,374.4,351.8,273.6,653072
1,95.0,2.0707030296325684,26.56505012512207,-0.0005229120724834,6.798747539520264,1.172268629074097,0.9426939487457277,6.0,14593.552073890132,52.15912548304383,404.5703193894128,447.8345733151705,880.8430325420948,0.75,10.0,0.1,0.3,1.8000000000000005,66.6,128.8,0.383,2.0,4.0,4.5,137899.2474441029,406.0,319.0,274.6,653072
1,121.0,10.71705722808838,250.01690673828125,1.1641532182693479e-10,5.313267707824707,7.271801948547363,4.961571216583252,6.0,38776.58237448303,181.9752003016642,3931.624082409006,0.0,0.0795774715459476,0.75,10.0,0.3,1.6,13.5,31.700000000000003,149.5,0.425,0.0,3.0,4.4,262799.4330130872,355.0,368.0,277.0,653072
1,94.0,1.309969782829285,315.0,-0.0010458240285515,7.2413506507873535,0.7299740314483643,0.916429877281189,6.0,11698.334776761663,56.92232192032662,34.2017368467919,342.34867718454046,76.7922600418395,0.0,60.0,0.0,0.0,0.0,57.89999999999999,69.7,0.451,0.0,0.0,0.0,999999.0,406.0,319.0,274.6,653072
1,42.0,1.309969782829285,225.0,0.0007843680796213,7.2413506507873535,0.7299740314483643,0.6665852665901184,6.0,56027.54585307621,695.700873011216,8400.963106800473,0.0,0.0,0.6000000238418579,40.0,0.1,0.1,29.9,77.7,139.0,0.51,0.0,2.0,4.5,25005.59082412568,374.0,337.0,289.0,653072
1,88.0,2.0707030296325684,243.4349670410156,-0.0020916480571031,6.798747539520264,1.172268629074097,0.6658523678779602,6.0,15867.316469309975,65.84177871970635,782.8192306350526,0.0,809.4620405653797,0.75,10.0,0.0,0.0,0.0,29.7,45.7,0.347,0.0,0.0,0.0,999999.0,360.0,374.4,265.4,653072
1,121.0,10.71705722808838,250.01690673828125,1.1641532182693479e-10,5.313267707824707,7.271801948547363,4.961571216583252,6.0,38776.58237448303,181.9752003016642,3931.624082409006,0.0,0.0795774715459476,0.75,10.0,0.0,0.0,0.0,2.7,8.299999999999999,0.353,2.0,2.0,4.0,125868.30991771971,355.0,368.0,277.0,653072
1,25.0,2.618571519851685,45.0,0.0018301920499652,6.579049110412598,1.5056828260421753,1.0999544858932495,6.0,23116.6315508876,172.99100986972414,795.5317152816666,967.7924828434072,1.432394487827058,0.6000000238418579,40.0,0.0,0.0,0.0,0.0,0.0,0.263,0.0,4.0,4.4,100974.94920282066,358.8,343.2,297.4,652815
1,282.0,2.927142381668091,108.43494415283205,0.0049676643684506,6.467477321624756,1.6834042072296145,1.6630167961120603,6.0,6113.649970849596,1793.7693348792957,2614.8159076491843,0.0,0.0,0.75,10.0,2.0,6.4,34.7,386.7,470.6,0.479,0.0,2.0,5.5,276132.8457754734,372.0,333.0,295.0,653026
1,721.0,12.40361213684082,233.97262573242188,0.0013072798028588,5.213824272155762,8.890074729919434,6.329494476318359,6.0,14590.976021361885,266.13586331692187,471.5228718082929,549.2828997388522,3.501408748021697,0.5,30.0,6.9,26.6,109.5,244.20000000000005,351.0,0.484,0.0,0.0,0.0,999999.0,350.6,350.2,299.2,653026
1,25.0,2.618571519851685,45.0,0.0018301920499652,6.579049110412598,1.5056828260421753,1.0999544858932495,6.0,23116.6315508876,172.99100986972414,795.5317152816666,967.7924828434072,1.432394487827058,0.6000000238418579,40.0,0.2,1.1,45.7,109.4,187.6,0.476,0.0,0.0,0.0,999999.0,358.8,343.2,297.4,652815
1,577.0,23.176389694213867,10.885527610778809,-0.0013072803849354,4.68614673614502,19.87395095825196,10.28652000427246,6.0,15802.739114558295,378.0460078223665,623.7653507380921,752.0867738982257,2.705634032562221,0.75,10.0,0.0,0.0,7.3,20.5,103.1,0.492,0.0,3.0,5.5,169885.07899000455,356.0,367.0,277.0,652838
1,29.0,2.927142381668091,18.434947967529297,-0.0,6.467477321624756,1.6834042072296145,0.9937856197357178,6.0,51219.30782332063,22.788312434221982,817.9390979177263,613.6921281663255,0.0,0.5,10.0,1.8,2.0,8.2,74.5,141.4,0.514,0.0,2.0,5.5,263273.23158021475,289.6,382.8,327.4,653072
1,95.0,2.777172803878784,180.0,0.0054905759170651,6.504854202270508,1.572763204574585,1.5946688652038574,16.0,55271.654070696815,44.91306345183925,166.61097574968457,315.0357846960504,31.51267873219528,0.050000000745058,50.0,0.2,1.1,45.7,109.4,187.6,0.476,0.0,0.0,0.0,999999.0,406.0,319.0,274.6,653072
1,92.0,17.16695213317871,83.9909896850586,0.0049676639027893,4.898491382598877,12.796144485473633,8.010795593261719,16.0,55210.98276672152,24.980865548858947,284.084042432342,259.7581353809665,27.69296009798979,0.050000000745058,50.0,0.1,0.3,4.500000000000001,11.0,132.7,0.487,0.0,0.0,0.0,999999.0,366.6,370.4,262.6,653072
1,25.0,2.618571519851685,45.0,0.0018301920499652,6.579049110412598,1.5056828260421753,1.0999544858932495,6.0,23116.6315508876,172.99100986972414,795.5317152816666,967.7924828434072,1.432394487827058,0.6000000238418579,40.0,0.0,0.0,2.4000000000000004,9.6,90.3,0.468,1.0,2.0,5.5,138306.20044126772,358.8,343.2,297.4,652815
1,89.0,16.96628761291504,327.99462890625,-0.000784368137829,4.969577312469482,13.400117874145508,7.651305675506592,0.0,29077.141249581724,689.0791337733394,3904.094339856973,0.0,0.0,0.75,10.0,0.0,0.0,2.3999999999999995,19.9,135.7,0.445,0.0,0.0,0.0,999999.0,366.0,368.2,265.6,652815
1,60.0,7.19770097732544,320.1944274902344,0.0018301920499652,5.664364337921143,4.599712371826172,2.871771335601806,6.0,11951.84603202207,561.1441046251579,510.7522618205404,445.9617285258167,0.0,0.75,10.0,0.0,0.0,1.2,10.5,91.9,0.393,0.0,0.0,0.0,999999.0,360.6,356.2,283.6,655302
1,256.0,25.004467010498047,123.6900634765625,-0.0028760158456861,4.693005561828613,23.75025749206543,11.183135032653809,0.0,13956.56934259156,1245.8163087264268,3568.212344751897,0.0,0.0,0.75,10.0,0.0,0.0,4.2,23.1,38.1,0.485,1.0,1.0,4.4,197367.46567570328,364.4,348.6,287.0,653072
1,396.0,2.927142381668091,341.5650634765625,-0.0,6.467477321624756,1.6834042072296145,1.3975424766540527,0.0,14246.407094325754,2177.711184923681,58.37781513474084,1046.406414140754,4.7746482927568605,0.6000000238418579,40.0,0.2,0.4,21.6,52.2,170.4,0.497,0.0,0.0,0.0,999999.0,317.0,377.6,305.4,653026
1,99.0,19.54463195800781,149.93141174316406,0.0052291196770966,4.8625993728637695,16.302183151245117,7.859856605529785,6.0,7493.946073764004,337.80223975428027,92.50993934695175,566.7680182513963,0.0,0.75,10.0,0.5,3.1,16.0,67.0,116.2,0.435,1.0,1.0,4.4,230001.3517741589,391.4,345.2,263.2,652838
1,179.0,24.57676696777344,81.8698959350586,-0.0007843675557523,4.630807876586914,21.45966148376465,11.38649845123291,6.0,5576.970780419651,201.8338550367892,497.5736646084723,352.86256472647085,0.0,0.75,10.0,0.1,0.6,9.9,29.6,73.3,0.487,1.0,2.0,4.5,292746.91202861554,358.8,368.6,272.8,652826
1,69.0,0.9263692498207092,90.0,0.0033989280927926,7.572137355804443,0.508084774017334,0.6662189364433289,29.0,18115.83666608076,354.1522924634453,295.8487064434697,831.7612075958721,0.0,0.6000000238418579,40.0,0.0,0.0,1.1,4.499999999999999,74.1,0.456,1.0,2.0,4.5,229392.44375938608,369.0,349.0,282.4,653072
1,106.0,2.0707030296325684,243.4349670410156,-0.0002614560653455,6.798747539520264,1.172268629074097,0.9941233396530152,6.0,2784.791065756439,1587.8468567894404,2003.6571197607925,0.0,82.52183799314774,0.6000000238418579,40.0,0.0,0.0,13.6,110.9,149.20000000000002,0.475,0.0,1.0,4.5,310053.0754477369,419.0,337.0,244.0,653072
1,160.0,15.96420669555664,47.29060363769531,0.0028760163113474,5.022491931915283,12.421771049499512,8.225341796875,6.0,17329.321459400348,723.6363266720899,807.1192802088533,328.75673835098473,2.626056561016273,0.75,10.0,0.4,0.7,12.0,39.5,96.7,0.409,0.0,1.0,4.7,261091.0491137146,370.0,351.4,278.4,652838
1,693.0,6.522665023803711,8.13010311126709,0.0015687360428273,5.721734046936035,3.9928789138793945,2.6983790397644043,6.0,17793.08080336936,13.344938050298518,781.4071221748542,391.6419522107239,2.705634032562221,0.050000000745058,50.0,0.0,0.0,17.1,86.69999999999999,127.2,0.478,0.0,1.0,4.5,327770.75143047795,348.4,347.0,304.4,652838
1,151.0,3.336585760116577,303.6900634765625,-0.0026145598385483,6.351368427276611,1.9485265016555784,1.5232572555541992,6.0,2378.118558169373,211.09336660270813,72.43392303327553,435.0350268737729,0.3183098861837907,0.75,10.0,0.0,0.0,24.4,120.4,148.50000000000003,0.476,0.0,1.0,4.5,316895.24215275067,380.4,322.2,297.4,653026
1,53.0,5.541357040405273,270.0,-0.0018301920499652,5.856933116912842,3.29105281829834,2.538569688796997,6.0,64457.93369507599,88.48784741167304,1268.13723103493,209.22596343395944,0.0,0.75,10.0,0.0,0.0,0.0,5.9,6.8,0.343,0.0,0.0,0.0,999999.0,402.8,316.8,280.8,653072
1,79.0,19.87812805175781,169.6951446533203,-0.0015687356935814,4.79973840713501,15.880661964416504,8.77846908569336,16.0,55151.91993983789,36.48159585091094,299.4885276587592,261.3370255823547,30.00070677282228,0.75,10.0,0.1,0.2,0.2,0.8999999999999999,64.4,0.404,0.0,0.0,0.0,999999.0,373.0,349.0,277.8,653072
1,64.0,17.16695213317871,353.9909973144531,0.0036603840999305,4.898491382598877,12.79614543914795,7.8740234375,6.0,27038.18325104433,1434.2709946613102,4861.419186640384,0.0,0.0,0.75,10.0,0.3,1.2,54.900000000000006,82.80000000000001,107.1,0.463,2.0,5.0,4.5,92015.45126369386,376.8,345.2,278.4,652815
1,264.0,26.187000274658203,9.462321281433104,0.0020916480571031,4.58968448638916,23.81304359436035,12.05359172821045,6.0,10627.989094644783,1438.0371113602296,1471.955488948142,320.9011414989421,0.0,0.75,10.0,0.7,2.2,16.299999999999997,91.4,209.5,0.501,0.0,3.0,4.4,21015.98208626039,373.2,353.0,273.8,652838
1,318.0,7.865800857543945,249.4439697265625,-0.0026145600713789,5.57457160949707,5.031844615936279,3.614207983016968,6.0,3253.2891505525527,5331.57332509567,15.221409894687111,451.0338927800159,0.0,0.75,10.0,0.0,0.2,3.9,14.8,28.0,0.46,2.0,4.0,4.7,170508.31145002914,341.6,372.6,285.8,652838
1,72.0,1.8522543907165527,-0.0,-0.0002614560071378,6.894777297973633,1.0323392152786257,1.15455961227417,6.0,12670.103336611835,132.12050880604053,347.1280577085226,1.1518965442148663,6.8436625529515,0.6000000238418579,40.0,1.1,1.3,7.7,43.900000000000006,185.2,0.498,1.0,1.0,4.0,250115.14014509384,375.2,349.4,275.6,653072
1,41.0,5.839084625244141,18.434947967529297,2.9103830456733704e-11,5.833305835723877,3.5713398456573486,2.3465607166290283,6.0,27864.307374064687,2.668618160750866,162.19596255736602,742.7500302007535,0.3978873577297384,0.050000000745058,50.0,2.7,10.4,136.3,300.1,350.70000000000005,0.426,2.0,3.0,5.4,117435.22706556166,358.0,359.0,283.0,655080
1,57.0,1.8522543907165527,180.0,0.0015687360428273,6.894777297973633,1.0323392152786257,0.8165464401245117,6.0,52415.25157975847,6.408239480040724,352.99933533444374,491.09619684749407,5.729577951308232,0.050000000745058,50.0,0.5,2.1,11.1,48.9,68.5,0.429,0.0,3.0,4.4,253630.16647473123,429.2,301.8,269.4,653072
1,54.0,0.0,-0.0,0.0015687360428273,10.33923053741455,0.0309222228825092,0.3144470453262329,29.0,51608.83766457667,23.230651231312457,36.24412943275022,335.77892466522053,4.615493349664965,0.050000000745058,50.0,0.2,0.5,10.3,68.89999999999999,130.8,0.504,1.0,1.0,4.0,75855.97797174648,426.0,307.4,267.0,653072
1,154.0,8.47900104522705,192.52880859375,-0.000784367963206,5.498475551605225,5.429692268371582,4.058170795440674,6.0,14156.105040546505,11.922638839383623,243.6813598575093,524.3640408977902,0.238732414637843,0.75,10.0,1.5,2.2,21.700000000000003,58.4,97.5,0.516,1.0,2.0,5.4,80195.4535794278,368.6,347.0,284.2,652838
1,656.0,14.852996826171877,322.431396484375,-0.0031374723184853,5.074938774108887,11.250423431396484,6.131374359130859,6.0,18259.78272631728,22.33791522832476,665.0400118929847,443.6056934845385,3.501408748021697,0.75,10.0,1.9,6.300000000000001,159.2,268.8,339.3,0.457,2.0,3.0,5.4,111565.16846193554,350.8,356.0,293.0,652838
1,312.0,16.251489639282227,266.8201904296875,0.0026145598385483,4.932089328765869,11.783143997192385,7.60139799118042,6.0,7365.532562755743,24.406703861960604,1129.8567094145128,447.5797023895845,1.989436788648692,0.050000000745058,10.0,2.9,10.2,143.7,236.6,296.49999999999994,0.474,2.0,3.0,5.4,100039.43031530136,341.6,372.6,285.8,653026
1,54.0,1.8522543907165527,-0.0,0.0018301920499652,6.894777297973633,1.0323392152786257,0.9428234100341796,29.0,51797.15229698949,31.809162691339257,145.14167863063847,337.57374919831904,4.615493349664965,0.050000000745058,50.0,11.7,26.2,61.6,119.1,181.3,0.488,0.0,1.0,4.3,80067.55622104449,426.0,307.4,267.0,653072
1,74.0,14.984245300292969,154.9831085205078,-0.0047062076628208,5.0538740158081055,11.220672607421877,6.599634647369385,0.0,50108.1641544373,13.63945886996001,679.6014891928847,792.7377255104016,2.466901617924378,0.050000000745058,50.0,2.7,9.3,65.4,190.2,264.0,0.507,0.0,1.0,4.3,79690.03790311624,388.4,338.0,273.4,655035
1,64.0,10.247346878051758,333.4349365234375,-0.0033989280927926,5.359101295471191,6.9460320472717285,4.763498306274414,6.0,46843.67080813504,26.66509192096635,300.66213316152897,660.5132601007929,1.8302818455567964,0.75,10.0,2.7,9.3,65.4,190.2,264.0,0.507,0.0,1.0,4.3,83422.83411362614,376.8,345.2,278.4,653072
1,158.0,15.54615879058838,125.53766632080078,0.0005229120724834,5.038832187652588,11.940632820129396,6.66277551651001,16.0,47014.95314470615,367.9043543329918,845.0058297177608,598.0984862846245,2.148591731740587,0.75,10.0,0.7,3.1,42.1,150.59999999999997,385.2000000000001,0.515,0.0,1.0,4.3,82671.88940153822,379.6,333.8,286.4,653072
1,104.0,10.247346878051758,153.43495178222656,-0.003137471852824,5.359101295471191,6.9460320472717285,4.54620361328125,6.0,49218.30821955236,107.66175281752172,375.947169362142,648.5001273396723,44.08591923645501,0.75,10.0,1.0,1.6,12.4,133.10000000000002,381.8,0.497,0.0,1.0,4.3,78402.10179934361,411.6,317.6,270.6,653072
1,58.0,1.309969782829285,225.0,0.0020916480571031,7.2413506507873535,0.7299740314483643,0.6667683720588684,6.0,54243.840717776366,52.14704011326383,194.30528856330056,611.916961673027,2.864788975654116,0.050000000745058,50.0,0.2,0.6000000000000001,24.6,109.0,173.8,0.46,0.0,3.0,4.7,215660.1764175076,419.6,316.4,264.2,653072
1,672.0,3.336585760116577,146.30992126464844,0.002353104064241,6.351368427276611,1.9485265016555784,1.6955825090408323,0.0,17107.496802225298,57.008209540359125,95.98568689430584,458.53745573938016,3.899296105751436,0.050000000745058,10.0,0.1,0.4,6.199999999999999,59.2,326.4,0.487,0.0,0.0,0.0,999999.0,333.6,359.2,307.2,652838
1,132.0,5.541357040405273,180.0,-0.0036603840999305,5.856933116912842,3.29105281829834,2.8284270763397217,6.0,51300.666189865406,61.639806869415246,1158.217045625613,204.23660672769407,0.5570423008216338,0.75,10.0,1.0,4.0,40.6,158.7,416.6,0.515,0.0,1.0,4.3,82082.99402197362,381.2,341.8,276.6,655035
1,65.0,0.9263692498207092,-0.0,-0.0,7.572137355804443,0.508084774017334,0.6285057663917542,6.0,6705.693005859935,1205.382086951338,3810.7669911843386,0.0,16.47253661001117,0.6000000238418579,40.0,0.2,1.9,4.699999999999999,7.1,128.2,0.514,0.0,0.0,0.0,999999.0,383.2,337.8,279.2,653072
1,51.0,0.9263692498207092,180.0,0.0013072800356894,7.572137355804443,0.508084774017334,0.4968160390853882,6.0,51231.05810557384,24.93677846669936,337.51660821655315,281.72583457627337,0.6366197723675814,0.050000000745058,50.0,0.7,2.0,39.3,66.3,74.2,0.415,0.0,0.0,0.0,999999.0,397.0,329.0,274.0,653072
1,115.0,39.51068115234375,-0.0,0.0117655200883746,4.2256598472595215,46.52856063842773,19.737165451049805,16.0,49641.14938049709,123.98524500257668,337.0176201858516,653.0996363025392,2.148591731740587,0.75,10.0,0.0,0.0,14.000000000000002,55.1,78.7,0.481,0.0,3.0,4.4,31709.784027646063,357.2,364.6,278.2,655035
1,143.0,19.600738525390625,92.6025619506836,0.0018301925156265,4.780220031738281,15.106490135192873,9.158435821533203,16.0,54842.8932771096,0.1157272183724142,489.7282207188976,234.9765656573262,1.6711269024649011,0.75,50.0,0.0,0.0,5.300000000000001,39.9,72.3,0.471,0.0,3.0,4.4,32343.716291112447,344.0,349.0,307.0,653072
1,84.0,8.47900104522705,319.3987121582031,0.0086280480027198,5.525561332702637,5.578768730163574,3.552067995071411,29.0,53380.09109958143,33.003905949826915,776.2718234238606,481.0498723308457,47.7464829275686,0.75,50.0,0.0,0.0,14.000000000000002,55.1,78.7,0.464,0.0,3.0,4.4,27575.67528855799,362.8,373.0,264.2,653072
1,235.0,13.749568939208984,187.5946502685547,0.0007843678467907,5.082090854644775,9.646242141723633,6.349827766418457,16.0,55383.734751135926,21.773878125452324,68.06651593777907,467.97651421667047,2.228169203286535,0.050000000745058,10.0,0.0,0.0,22.4,47.5,64.0,0.453,0.0,1.0,4.5,130553.86873873232,373.6,342.6,283.8,653072
1,107.0,7.918813228607178,54.46231842041016,-0.003137471852824,5.581403255462647,5.135739803314209,4.748046398162842,6.0,43992.99506679161,11.30408976134176,1773.0053263465657,36.30300089719781,0.7957747154594768,0.050000000745058,10.0,0.0,0.0,22.4,47.5,64.0,0.493,0.0,2.0,4.6,126433.2104259398,407.8,321.2,270.8,653072
1,121.0,10.71705722808838,250.01690673828125,1.1641532182693479e-10,5.313267707824707,7.271801948547363,4.961571216583252,6.0,38776.58237448303,181.9752003016642,3931.624082409006,0.0,0.0795774715459476,0.75,10.0,0.0,0.0,21.9,61.0,79.99999999999999,0.48,0.0,2.0,4.6,122024.2342033451,355.0,368.0,277.0,653072
1,23.0,1.8522543907165527,90.0,-0.0013072800356894,6.894777297973633,1.0323392152786257,0.9161967635154724,12.0,24681.259646449704,20.895445433379106,36.48058117344513,566.190110218577,217.3260747919831,0.050000000745058,50.0,4.5,11.3,52.3,171.6,230.7,0.5,0.0,1.0,4.3,291442.42226803506,323.4,386.6,289.6,652815
1,64.0,17.16695213317871,353.9909973144531,0.0036603840999305,4.898491382598877,12.79614543914795,7.8740234375,6.0,27038.18325104433,1434.2709946613102,4861.419186640384,0.0,0.0,0.75,10.0,2.7,2.9000000000000004,15.8,39.8,111.9,0.454,0.0,1.0,4.3,269833.5271599978,425.0,320.0,255.0,652815
1,62.0,2.927142381668091,161.56504821777344,0.0002614560071378,6.467477321624756,1.6834042072296145,1.3426594734191897,29.0,49238.86181507438,19.45619775243636,397.62402804304566,174.70992648266582,42.97183463481174,0.050000000745058,50.0,0.2,0.7,26.3,37.8,187.8,0.476,0.0,3.0,4.3,116666.63171468551,373.2,345.0,282.0,653072
1,53.0,2.0707030296325684,153.43495178222656,-0.0005229120142757,6.798747539520264,1.172268629074097,0.9938777685165404,29.0,51405.92984809172,32.538121576336216,437.57973575143393,399.45248749369614,24.27112882151404,0.050000000745058,50.0,0.2,0.7,26.3,37.8,187.8,0.491,0.0,3.0,4.3,114557.29307959892,402.8,316.8,280.8,653072
1,63.0,4.622196197509766,143.13009643554688,0.0005229121306911,6.053886890411377,2.782968044281006,1.911685347557068,6.0,52467.33378726316,13.268463859518024,2287.1732231715987,0.0,8.037324626140714,0.050000000745058,50.0,0.2,0.7,26.3,37.8,187.8,0.491,0.0,3.0,4.3,111295.2320136408,373.2,345.0,282.0,653072
1,56.0,1.8522543907165527,180.0,-0.0,6.894777297973633,1.0323392152786257,0.7370297908782959,29.0,51202.05942084517,19.989219944124176,601.006659037988,403.0621800888537,23.31619916296267,0.050000000745058,50.0,0.7,1.5,4.7,38.0,113.7,0.494,0.0,3.0,4.3,112377.77323835052,429.2,301.8,269.4,653072
1,81.0,12.880515098571776,8.13010311126709,0.0015687360428273,5.137028694152832,8.900449752807617,5.933839321136475,16.0,55135.74108739979,0.9788740561854408,295.4843024519967,266.52527314345605,30.47817160209796,0.75,10.0,0.0,1.1,26.8,49.4,83.7,0.463,0.0,2.0,4.3,146616.21996423497,386.0,332.2,281.6,653072
1,25.0,2.618571519851685,45.0,0.0018301920499652,6.579049110412598,1.5056828260421753,1.0999544858932495,6.0,23116.6315508876,172.99100986972414,795.5317152816666,967.7924828434072,1.432394487827058,0.6000000238418579,40.0,0.3,1.5,7.0,40.5,168.09999999999997,0.445,0.0,3.0,4.3,114617.12998766814,358.8,343.2,297.4,652815
1,86.0,24.53608131408692,22.932098388671875,-0.0070593124255537,4.684595108032227,22.560604095458984,11.09555435180664,0.0,49885.54220227608,240.31957189891668,472.4388810618732,386.3745405104193,1.8302818455567964,0.75,30.0,3.7,9.8,45.8,143.0,184.1,0.478,0.0,2.0,4.1,194082.20113377267,366.0,368.2,265.6,653072
1,145.0,5.386162281036377,329.0362548828125,0.0033989280927926,5.914565086364746,3.292612314224243,2.7884387969970703,6.0,51473.358927157984,23.83569089423452,857.371223828716,4.795729361092021,0.477464829275686,0.75,10.0,1.5,4.7,58.2,143.60000000000002,184.9,0.478,0.0,2.0,4.1,197155.599650683,364.2,347.4,288.2,653072
1,53.0,2.0707030296325684,26.56505012512207,-0.0007843680214136,6.798747539520264,1.172268629074097,0.9429528713226318,6.0,48750.44932796357,11.792826091894556,0.9743143491107948,961.7532694813322,3.42183127647575,0.75,10.0,3.7,9.8,45.8,143.0,184.1,0.478,0.0,2.0,4.1,196704.59828445903,402.8,316.8,280.8,655035
1,76.0,7.020287990570068,336.8014221191406,-0.0015687360428273,5.675756931304932,4.423606872558594,3.675098419189453,0.0,48800.15371888071,2.3059775048663416,16.438194849330234,484.6763260102618,43.44929946408743,0.6000000238418579,40.0,1.5,4.7,58.2,143.60000000000002,184.9,0.514,0.0,2.0,4.1,202476.6882290659,381.0,344.6,274.6,653072
1,60.0,2.0707030296325684,116.5650405883789,0.0007843680796213,6.798747539520264,1.172268629074097,0.9558107852935792,0.0,45355.269116035866,39.03235402420206,1490.8459753915686,277.9961074080294,2.7852115041081684,0.75,10.0,3.7,9.8,45.8,143.0,184.1,0.514,0.0,2.0,4.1,203996.23637726763,419.6,316.4,264.2,653072
1,62.0,2.777172803878784,180.0,-0.0007843680214136,6.504854202270508,1.572763204574585,1.633018136024475,29.0,48505.18716502479,30.45146051717525,903.90048920113,328.6710096437578,17.10915638237875,0.050000000745058,50.0,1.5,4.7,58.2,143.60000000000002,184.9,0.488,0.0,2.0,4.1,207640.20896387903,369.8,349.6,280.6,653072
1,83.0,10.24734592437744,190.3048553466797,-0.0028760158456861,5.332730293273926,6.765250205993652,4.570412635803223,16.0,53389.75035293311,3.820075925404608,766.0474339108154,211.63362570733045,0.3978873577297384,0.050000000745058,50.0,1.5,4.7,58.2,143.60000000000002,184.9,0.488,0.0,2.0,4.1,209334.67663438,371.0,365.0,264.0,653072
1,63.0,6.713759422302246,164.05459594726562,-0.001568735926412,5.706815719604492,4.169779300689697,2.8283839225769043,6.0,48154.52238671901,1.8984101779374016,550.9783091837277,356.5794214397156,1.1140846016432675,0.050000000745058,50.0,0.2,0.2,8.6,84.19999999999999,185.5,0.497,0.0,2.0,4.1,202802.2692900243,361.0,352.0,288.0,653072
1,69.0,2.777172803878784,-0.0,-0.0020916480571031,6.504854202270508,1.572763204574585,1.5235776901245115,6.0,44386.24483293677,2.3048631883672464,1318.794068332257,176.18164980306696,1.1140846016432675,0.050000000745058,50.0,1.5,4.7,58.2,143.60000000000002,184.9,0.488,0.0,2.0,4.1,210031.7458661201,369.0,349.0,282.4,653072
1,74.0,8.33016586303711,186.34019470214844,-0.0013072800356894,5.502618789672852,5.259802341461182,3.4569053649902344,29.0,48634.90305429885,18.54834527558418,236.3247844697216,492.6995773549076,44.48380659418475,0.050000000745058,50.0,1.5,4.7,58.2,143.60000000000002,184.9,0.514,0.0,2.0,4.1,211021.48810073835,381.0,344.6,274.6,653072
1,57.0,1.8522543907165527,-0.0,-0.0005229119560681,6.894777297973633,1.0323392152786257,0.955938458442688,0.0,45598.22685376951,6.986084781362852,1271.6730601802994,265.12442502088203,2.466901617924378,0.050000000745058,50.0,0.0,0.0,0.3,0.7000000000000001,0.8,0.252,0.0,1.0,4.2,191960.66958853736,429.2,301.8,269.4,653072
1,61.0,8.47900104522705,319.3987121582031,-0.0067978557199239,5.525561332702637,5.578768730163574,4.163351535797119,11.0,54667.24547664806,39.09765631407916,563.455838092843,407.0824532524432,1.909859317102744,0.75,10.0,0.4,1.1,26.9,92.3,209.8,0.497,0.0,2.0,4.1,203874.01016339843,360.6,356.2,283.6,653072
1,121.0,10.71705722808838,250.01690673828125,1.1641532182693479e-10,5.313267707824707,7.271801948547363,4.961571216583252,6.0,38776.58237448303,181.9752003016642,3931.624082409006,0.0,0.0795774715459476,0.75,10.0,0.0,0.0,1.2000000000000002,1.5,2.0,0.264,0.0,1.0,4.2,161228.14397501713,355.0,368.0,277.0,653072
1,35.0,1.309969782829285,135.0,0.0015687360428273,7.2413506507873535,0.7299740314483643,0.8165464401245117,6.0,27569.09704788312,2.360362877918361,185.4445033289464,534.7553904052646,0.0,0.75,10.0,0.0,0.0,0.7,0.7,2.6,0.133,3.0,5.0,4.8,159406.556573986,393.0,326.0,281.0,652815
1,33.0,4.622196197509766,306.8699035644531,-0.0010458240285515,6.053886890411377,2.782968044281006,2.0547914505004883,6.0,27713.53862730364,65.62871879234422,1467.5443942315694,216.3584782601728,0.0,0.5,30.0,0.0,0.0,0.7,0.7,2.6,0.133,3.0,5.0,4.8,158297.8332007421,278.6,378.8,342.6,652815
1,83.0,16.602092742919922,220.601303100586,0.000522912479937,4.992569923400879,13.095528602600098,7.85671854019165,6.0,2439.871141325388,27.44063163631182,271.7309088985583,532.7420173618871,0.0,0.75,10.0,0.0,0.0,0.0,0.0,0.1,0.255,1.0,2.0,4.4,259152.59286692564,424.0,297.0,278.0,652815
1,25.0,2.618571519851685,45.0,0.0018301920499652,6.579049110412598,1.5056828260421753,1.0999544858932495,6.0,23116.6315508876,172.99100986972414,795.5317152816666,967.7924828434072,1.432394487827058,0.6000000238418579,40.0,0.5,2.3,22.0,101.8,362.1,0.487,0.0,3.0,4.4,229021.06090006867,358.8,343.2,297.4,652815
1,28.0,0.9263692498207092,180.0,-0.0002614560071378,7.572137355804443,0.508084774017334,0.5665544271469116,6.0,25373.57240634269,277.4202282774749,470.2742257428904,686.1999579141142,0.6366197723675814,0.6000000238418579,40.0,0.0,0.0,0.1,72.2,298.8,0.472,1.0,6.0,5.1,123638.51333451863,370.0,351.0,279.0,652815
1,248.0,5.541357040405273,270.0,0.003921840339899,5.856933116912842,3.29105281829834,3.62122654914856,16.0,39459.94281596807,591.8079678813936,5400.886570845058,0.0,0.0795774715459476,0.75,10.0,0.5,1.5,30.5,116.3,289.2,0.459,1.0,2.0,4.4,158937.60345418606,374.0,358.0,268.0,653072
1,137.0,14.852996826171877,142.431396484375,-0.0015687358099967,5.074938774108887,11.250423431396484,6.92989444732666,6.0,38591.05437835505,22.725643491730064,4489.098380236549,0.0,0.0795774715459476,0.75,30.0,0.5,3.7,32.2,140.89999999999998,358.4,0.497,1.0,4.0,4.4,115502.98385652232,356.0,368.0,276.0,653072
1,58.0,2.927142381668091,108.43494415283205,0.0007843680214136,6.467477321624756,1.6834042072296145,1.7497209310531616,6.0,59446.00875069059,34.12901385815554,183.3873832512654,248.61217649266885,0.3183098861837907,0.75,10.0,2.1,6.5,42.7,141.79999999999998,243.4,0.478,1.0,2.0,4.2,157903.02098502693,419.6,316.4,264.2,653072
1,51.0,2.927142381668091,341.5650634765625,0.0007843680214136,6.467477321624756,1.6834042072296145,1.1652940511703491,11.0,59349.87887548444,67.16675799101014,227.39427610320445,262.7959743291767,0.6366197723675814,0.75,10.0,2.1,6.5,42.7,141.79999999999998,243.4,0.478,1.0,2.0,4.2,158129.99263887346,382.0,337.0,281.0,653072
1,62.0,1.309969782829285,315.0,0.0007843680214136,7.2413506507873535,0.7299740314483643,0.8313615918159485,29.0,39029.381438020006,1000.37099126649,1253.6812955704988,174.06273167374405,0.0,0.75,10.0,1.2,2.5,17.5,88.39999999999999,160.20000000000002,0.481,1.0,2.0,4.2,170735.21674273757,369.8,349.6,280.6,653072
1,236.0,16.0606632232666,231.8427734375,0.0007843680214136,5.016142845153809,12.50089168548584,6.988271236419678,16.0,55434.81261279367,7.963823869451393,132.01321415623752,497.2225126157797,2.546479089470325,0.050000000745058,50.0,0.2,0.7,18.0,75.2,181.7,0.49,0.0,3.0,4.2,124563.5699235531,370.6,343.2,286.2,653072
1,26.0,0.9263692498207092,-0.0,-0.0002614560071378,7.572137355804443,0.508084774017334,1.1967158317565918,6.0,33970.093706173095,255.5988235678149,152.82965091102452,471.0017837605947,0.0795774715459476,0.6000000238418579,40.0,0.0,0.0,33.4,93.6,166.3,0.45,2.0,4.0,4.8,105796.07151003768,386.6,335.4,277.4,655313
1,97.0,12.272893905639648,311.9872131347656,0.0026145598385483,5.224753379821777,8.793439865112305,5.404533863067627,0.0,9020.513626779566,578.4630892612806,6465.57329259022,0.0,0.0,0.75,10.0,0.0,0.0,24.8,71.10000000000001,125.9,0.417,2.0,4.0,4.8,130203.10645775688,378.8,359.4,261.6,655147
1,61.0,10.24734592437744,10.30484676361084,-0.0088895037770271,5.332730293273926,6.765250205993652,5.497469425201416,0.0,17178.82214642098,417.3238282383568,6726.737418460159,0.0,0.0,0.75,10.0,0.0,0.0,24.8,71.10000000000001,125.9,0.417,2.0,4.0,4.8,125592.469992791,376.8,345.2,278.4,655147
1,38.0,11.559338569641112,71.56504821777344,-0.003137471852824,5.248600959777832,7.960803985595703,4.7945332527160645,6.0,17355.196546691546,22.65678430108794,3645.107644419461,0.0,0.0,0.75,10.0,0.0,0.0,24.8,71.10000000000001,125.9,0.417,2.0,4.0,4.8,127817.20759812465,416.2,310.0,273.6,655147
1,43.0,0.0,-0.0,-0.0007843680214136,10.33923053741455,0.0309222228825092,0.3142528831958771,6.0,13693.725437948277,51.03785225806856,3544.283610307658,0.0,0.0795774715459476,0.75,10.0,0.0,0.0,24.1,57.3,110.3,0.416,2.0,5.0,4.8,142574.06093946428,325.8,367.0,306.8,655147
1,46.0,1.309969782829285,135.0,-0.0007843680214136,7.2413506507873535,0.7299740314483643,0.6850097179412842,6.0,13425.275441645066,26.56232374660517,3320.23271177499,0.0,0.0795774715459476,0.75,10.0,0.0,0.0,24.1,57.3,110.3,0.416,2.0,5.0,4.8,142760.897908426,390.0,346.0,264.0,655147
1,49.0,0.9263692498207092,-0.0,0.002353104064241,7.572137355804443,0.508084774017334,0.8163968920707703,6.0,13219.162759615,20.179921709416053,3141.2622971408605,0.0,0.0795774715459476,0.050000000745058,10.0,0.0,0.0,24.1,57.3,110.3,0.416,2.0,5.0,4.8,142919.40709982996,363.2,358.2,278.6,655147
1,32.0,0.9263692498207092,-0.0,0.0013072800356894,7.572137355804443,0.508084774017334,0.6849651336669922,6.0,16057.863090251956,280.32003580486423,821.5691097800137,524.0774773939228,0.8753521870054244,0.6000000238418579,40.0,0.1,0.7000000000000001,9.9,71.3,131.79999999999998,0.424,2.0,4.0,4.8,134041.00855467672,308.8,359.6,331.6,655147
1,124.0,12.239968299865724,153.43495178222656,-0.0054905759170651,5.215076923370361,8.660645484924316,6.5111083984375,16.0,54118.82188579198,30.51922432788803,681.0468472581201,236.59533707836843,3.660563691113593,0.75,10.0,0.1,0.3,9.8,19.0,122.6,0.482,0.0,0.0,0.0,999999.0,355.0,368.0,277.0,653072
1,111.0,13.516231536865234,340.34619140625,-0.0047062076628208,5.124920845031738,9.716629028320312,5.209197998046875,16.0,53962.15225764632,14.025625124217648,805.1098984258686,238.9177309416652,4.058451048843331,0.050000000745058,50.0,0.1,0.3,9.8,19.0,122.6,0.482,0.0,0.0,0.0,999999.0,369.0,357.0,274.0,653072
1,164.0,2.0707030296325684,26.56505012512207,0.0007843680796213,6.798747539520264,1.172268629074097,0.9416574239730836,0.0,4679.488823306897,602.0639856808959,1547.7385419697823,161.2282185809386,1.6711269024649011,0.75,10.0,0.4,0.9,20.700000000000003,67.5,104.5,0.421,0.0,1.0,4.5,315966.2610034164,349.6,352.6,297.6,542298
1,182.0,5.617307186126709,189.4623260498047,-0.0078436806797981,5.857865810394287,3.385626792907715,2.4027979373931885,6.0,27723.931531565115,1310.2569757484268,2861.3164932921013,0.0,0.7957747154594768,0.75,10.0,1.8,4.9,19.2,169.7,414.7000000000001,0.482,0.0,0.0,0.0,999999.0,362.4,355.4,282.4,653072
1,74.0,5.386162281036377,329.0362548828125,0.0041832961142063,5.914565086364746,3.292612314224243,2.393431663513184,0.0,43086.5260600535,6.065810957264425,1588.8140924003062,181.02790105722173,4.297183463481174,0.050000000745058,50.0,0.0,0.6,10.4,29.3,133.7,0.453,0.0,0.0,0.0,999999.0,375.2,349.4,275.6,653072
1,83.0,27.864255905151367,113.4286880493164,-0.0083665922284126,4.596713542938232,27.71428298950196,13.856389045715332,0.0,52761.7063681264,47.57253783443115,1024.586647343553,360.3033549650601,50.53169443167677,0.75,10.0,0.0,0.5,9.7,42.7,128.2,0.498,0.0,0.0,0.0,999999.0,366.0,368.2,265.6,653072
1,173.0,11.9050874710083,122.47118377685548,-0.0020916480571031,5.243656158447266,8.416634559631348,6.106317043304443,16.0,52722.51855573104,119.59884292794088,1426.740138497627,85.48283491538226,0.477464829275686,0.75,10.0,1.0,2.3,15.9,51.8,157.7,0.461,0.0,0.0,0.0,999999.0,349.8,363.4,287.0,653072
1,121.0,10.71705722808838,250.01690673828125,1.1641532182693479e-10,5.313267707824707,7.271801948547363,4.961571216583252,6.0,38776.58237448303,181.9752003016642,3931.624082409006,0.0,0.0795774715459476,0.75,10.0,1.0,2.3,15.9,51.8,157.7,0.461,0.0,0.0,0.0,999999.0,355.0,368.0,277.0,653072
1,98.0,16.898738861083984,244.79888916015625,0.0007843680214136,4.96235990524292,13.191637992858888,7.694800853729248,0.0,53975.82622479881,57.91863228114338,1126.330238451823,26.01213153378938,22.520424447503192,0.75,10.0,0.9,2.5,23.8,47.900000000000006,73.2,0.44,0.0,1.0,5.0,229717.05792578243,378.8,359.4,261.6,653072
1,105.0,10.08547592163086,-0.0,0.000784368137829,5.321906089782715,6.478260517120361,5.418339252471924,16.0,53061.93821889895,58.88474302287993,1099.97453714944,163.23707057718624,0.7957747154594768,0.75,10.0,0.0,0.0,0.0,0.0,0.0,0.267,0.0,1.0,4.6,181138.10553865068,411.6,317.6,270.6,653072
1,25.0,2.618571519851685,45.0,0.0018301920499652,6.579049110412598,1.5056828260421753,1.0999544858932495,6.0,23116.6315508876,172.99100986972414,795.5317152816666,967.7924828434072,1.432394487827058,0.6000000238418579,40.0,0.0,0.6,10.4,29.3,133.7,0.453,0.0,0.0,0.0,999999.0,393.0,318.0,288.0,652815
1,23.0,0.9263692498207092,180.0,0.0002614560071378,7.572137355804443,0.508084774017334,0.5665544271469116,6.0,28677.55758473137,1.8153228205197245,1046.0366748598508,381.4888152587953,0.0,0.050000000745058,50.0,0.0,0.0,0.0,0.0,0.0,0.267,0.0,1.0,4.6,180803.0626680354,372.0,337.0,290.0,652815
1,58.0,0.9263692498207092,-0.0,-0.0002614560071378,7.572137355804443,0.508084774017334,0.6850097179412842,6.0,53169.12604251992,3.104764072073969,972.5494401736028,173.0336155834545,40.58451048843331,0.050000000745058,50.0,0.3,0.8999999999999999,16.3,64.7,247.0,0.495,0.0,0.0,0.0,999999.0,429.2,301.8,269.4,653072
1,95.0,11.871017456054688,202.619873046875,-0.0020916480571031,5.234002590179443,8.28674030303955,5.216223239898682,16.0,52078.3227502777,13.600239947117483,1956.9842355527496,0.0,0.6366197723675814,0.050000000745058,50.0,2.9,6.699999999999999,58.39999999999999,67.80000000000001,477.0,0.517,0.0,4.0,4.7,60394.79656836469,378.8,359.4,261.6,653072
1,154.0,11.055072784423828,114.44395446777344,-0.0060134883970022,5.294384479522705,7.604547500610352,5.370455741882324,0.0,14266.510323227849,57.39631939620455,318.7777945261375,486.2801012801067,0.238732414637843,0.75,10.0,3.0,8.0,60.2,66.5,457.8,0.517,0.0,4.0,4.7,65505.117812865545,341.0,338.0,321.0,652838
1,725.0,8.47900104522705,282.52880859375,-0.0036603840999305,5.498475551605225,5.429692268371582,3.921096801757813,6.0,12470.725958804936,369.0096037593215,645.6767116090064,792.4322716834629,0.0795774715459476,0.5,40.0,0.0,0.2,49.1,61.1,291.5,0.504,0.0,4.0,4.7,65298.103977733794,344.0,350.0,305.0,652838
1,584.0,10.980945587158203,90.0,-0.0007843678467907,5.248529434204102,7.164211273193359,4.949747562408447,0.0,15886.738572012317,6.102954622818819,498.3813157480009,694.1443968414841,4.45633840657307,0.75,50.0,1.1,3.5000000000000004,10.6,31.4,73.2,0.462,0.0,1.0,5.0,228328.43645408924,356.8,355.6,287.8,653026
1,170.0,8.22935962677002,243.4349670410156,0.0005229120142757,5.542422771453857,5.339888572692871,3.0910656452178955,0.0,3439.0800342349003,8.72345280695549,390.0590375344613,566.7791240877791,0.3183098861837907,0.6000000238418579,40.0,3.4,8.200000000000001,94.7,195.5,614.4,0.436,0.0,4.0,4.7,43470.23423887689,326.0,396.0,278.0,653026
1,665.0,10.4458589553833,307.875,0.0005229119560681,5.352420330047607,7.175771713256836,4.892596244812012,6.0,15707.69621993179,1327.3660338164418,1373.2513506648922,375.5857205630622,0.0,0.75,10.0,0.1,0.1,0.9,42.6,135.1,0.479,0.0,2.0,4.4,108961.9452439064,333.6,359.2,307.2,652838
1,110.0,11.9050874710083,355.6012878417969,0.0010458240285515,5.192260265350342,7.994982719421387,5.67650032043457,16.0,46330.43668816365,98.67504052515405,2162.426619328417,0.0,2.148591731740587,0.75,10.0,2.3,2.3,7.5,10.0,26.0,0.506,1.0,2.0,4.5,201186.2274598828,375.6,354.2,270.2,653072
1,121.0,10.71705722808838,250.01690673828125,1.1641532182693479e-10,5.313267707824707,7.271801948547363,4.961571216583252,6.0,38776.58237448303,181.9752003016642,3931.624082409006,0.0,0.0795774715459476,0.75,10.0,0.3,6.8,46.89999999999999,53.7,365.00000000000006,0.495,0.0,4.0,4.7,70786.23502693442,355.0,368.0,277.0,653072
1,594.0,7.594903469085693,104.03623962402344,-0.0007843680214136,5.596224784851074,4.789796352386475,3.3447721004486084,6.0,40155.38135700609,4243.015546904401,2445.839938155942,0.0,0.0,0.5,30.0,0.0,0.6,2.5,5.1,52.6,0.47,1.0,2.0,4.5,133854.08955749255,336.0,327.0,337.0,653072
1,94.0,3.336585760116577,326.3099365234375,-0.0018301920499652,6.351368427276611,1.9485265016555784,1.2275325059890747,6.0,42559.24519369118,1734.26916981127,548.7429081320263,583.6614440825578,0.0,0.6000000238418579,40.0,2.1,4.9,38.5,129.2,215.8,0.507,0.0,1.0,4.3,203438.4609673017,361.0,368.0,270.0,653105
1,24.0,3.814206600189209,284.0362548828125,0.0007843680214136,6.217236518859863,2.2282254695892334,1.1546916961669922,6.0,39115.75025102196,50.19168532152835,74.50779470327996,624.2416071179082,0.0795774715459476,0.75,10.0,0.0,0.0,1.3,45.3,158.8,0.477,0.0,2.0,4.4,117099.64068777216,418.0,324.0,257.0,652815
1,983.0,2.927142381668091,198.43495178222656,0.0044447518885135,6.467477321624756,1.6834042072296145,1.6955825090408323,18.0,18165.062145039425,1593.612457459874,992.9751366743754,336.3293758155922,0.0795774715459476,0.75,10.0,0.0,0.0,9.6,206.1,531.3,0.488,2.0,3.0,4.3,178960.7487215382,316.0,361.0,323.0,652838
1,175.0,11.055072784423828,24.44395446777344,0.0075822239741683,5.294384479522705,7.604547500610352,5.599769592285156,6.0,2901.9515979989624,127.6719617959295,1661.8409668434683,108.71140547468306,0.0,0.75,10.0,1.1,6.299999999999999,18.1,149.7,243.4,0.439,0.0,2.0,4.6,295178.3112108733,394.0,344.0,262.0,542298
1,205.0,29.497058868408203,30.96375274658203,-0.0036603845655918,4.575600624084473,31.069780349731445,14.164077758789062,6.0,40602.86782225333,198.337905654934,3479.420015235837,0.0,0.0795774715459476,0.75,30.0,1.0,3.3,89.4,154.5,238.1,0.496,0.0,1.0,4.6,286328.2510145469,376.6,341.2,282.2,653072
1,156.0,27.83100318908692,332.6501159667969,0.0067978557199239,4.607611179351807,27.9393310546875,12.679261207580566,6.0,39794.75799643179,76.44383577352937,4645.66546717106,0.0,0.0795774715459476,0.75,10.0,1.0,3.3,89.4,154.5,238.1,0.496,0.0,1.0,4.6,285236.5616711055,382.6,338.2,279.0,653072
1,139.0,19.279935836791992,33.690067291259766,0.0086280480027198,4.877337455749512,16.063682556152344,8.666679382324219,6.0,49917.78571083185,161.52741986082717,1671.584407990283,55.02474217020378,0.477464829275686,0.75,10.0,1.0,3.3,89.4,154.5,238.1,0.496,0.0,1.0,4.6,283963.28541520744,370.0,358.0,271.0,653072
1,104.0,14.341259002685549,18.434947967529297,-0.0002614561235532,5.075564861297607,10.462332725524902,6.81687068939209,6.0,38734.015580192376,28.2123300715378,4714.277714870973,0.0,0.0795774715459476,0.75,10.0,0.8,3.9,71.10000000000001,147.9,218.8,0.516,0.0,1.0,4.6,289921.8397141612,411.6,317.6,270.6,653072
1,272.0,4.976532936096191,68.1985855102539,0.0099353287369012,5.979676723480225,2.9973483085632324,3.2125244140625,6.0,49023.51333776315,1082.4204689529147,2645.224693087669,0.0,0.238732414637843,0.75,10.0,1.0,4.9,57.400000000000006,144.2,209.6,0.518,0.0,1.0,4.6,287824.8109979747,359.0,327.0,314.0,653072
1,91.0,20.27584457397461,293.1986083984375,0.0015687358099967,4.822737693786621,16.965139389038086,9.354456901550291,6.0,49170.2477675452,115.35251034318932,1004.0103299885412,11.687857194442454,0.1591549430918953,0.75,10.0,0.8,3.9,71.10000000000001,147.9,218.8,0.516,0.0,1.0,4.6,290891.158664066,348.0,375.0,277.0,653072
1,49.0,2.0707030296325684,206.56504821777344,-0.0007843680214136,6.798747539520264,1.172268629074097,0.7371953725814819,6.0,49604.41805070845,124.63586048958348,848.4190592969842,11.687857194442454,0.6366197723675814,0.6000000238418579,40.0,0.2,0.3,4.2,75.69999999999999,273.4,0.486,0.0,1.0,4.6,290974.7658243455,340.0,385.0,275.0,653072
1,62.0,3.336585760116577,123.6900634765625,-0.0005229120142757,6.351368427276611,1.9485265016555784,1.4142135381698608,0.0,43737.59474443281,0.3573045994563277,624.7055307854283,661.8082145123632,6.286620252129866,0.050000000745058,50.0,1.0,4.9,57.400000000000006,144.2,209.6,0.518,0.0,1.0,4.6,287868.03111233097,373.2,345.0,282.0,653072
1,82.0,4.713325023651123,11.309931755065918,-0.0026145600713789,6.019644260406494,2.7968568801879883,2.5434696674346924,0.0,3352.3723009067044,249.37976058084632,118.45935211490112,180.47294789255545,15.67676189455169,0.75,10.0,0.4,2.6,71.9,125.7,236.4,0.515,1.0,3.0,4.9,234027.1544787407,378.4,349.2,272.4,653072
1,87.0,15.96420669555664,132.70938110351562,-0.0104582402855157,5.022491931915283,12.421771049499512,7.760262966156006,0.0,54046.16135074468,29.3615087973557,1113.1948407142022,25.65869902314654,24.27112882151404,0.050000000745058,50.0,1.3,3.4000000000000004,30.8,86.7,173.89999999999998,0.511,0.0,1.0,4.6,298836.0873802242,366.0,368.2,265.6,653072
1,82.0,12.755314826965332,-0.0,0.0070593124255537,5.121102333068848,8.584620475769043,6.038976669311523,0.0,48088.54662986178,19.73485495784741,218.1909822826255,365.3206950962503,18.78028328484365,0.75,10.0,3.6,4.7,61.39999999999999,247.3,326.3,0.494,1.0,3.0,4.9,257858.1707323887,386.0,332.2,281.6,653072
1,82.0,0.9263692498207092,-0.0,0.0005229120142757,7.572137355804443,0.508084774017334,0.4965702593326568,6.0,16489.611368057173,224.7329446258057,2528.4586242860046,0.0,38.75422864287651,0.6000000238418579,40.0,0.0,0.8999999999999999,57.2,63.2,63.5,0.509,0.0,3.0,4.5,201318.9997062102,378.4,349.2,272.4,653072
1,86.0,2.927142381668091,71.56504821777344,0.0020916480571031,6.467477321624756,1.6834042072296145,1.1969199180603027,6.0,15465.373078232256,22.703386932936603,3121.792597334509,0.0,28.01126998417358,0.75,10.0,0.0,0.0,0.0,0.0,0.0,0.239,3.0,4.0,4.7,75192.96544577216,371.4,368.4,260.2,653072
1,545.0,13.035094261169434,167.9052276611328,0.000522912479937,5.137446880340576,9.126773834228516,5.86834716796875,6.0,17106.20654316824,1026.7495029046158,262.51935451507603,443.7910931347725,1.5119719593730057,0.75,10.0,0.5,1.0,42.9,97.0,117.6,0.428,0.0,6.0,4.8,137460.27585589222,333.6,352.6,313.8,653026
1,790.0,1.309969782829285,225.0,0.002353104064241,7.2413506507873535,0.7299740314483643,0.8660253882408142,29.0,3104.38020003317,100.51754785035588,85.65714293723381,1199.9207942614446,0.0,0.6000000238418579,40.0,0.5,1.0,42.9,97.0,117.6,0.428,0.0,6.0,4.8,138444.68447683365,320.0,362.0,318.0,655213
1,556.0,27.908485412597656,192.339096069336,-0.0060134883970022,4.555947303771973,26.706758499145508,13.561203956604004,16.0,3666.3443943837538,920.4351090813065,1304.7022160837084,264.33742569439335,0.0,0.75,10.0,0.0,0.4,7.9,26.700000000000003,127.0,0.48,1.0,5.0,4.6,126599.25331130518,317.0,365.0,318.0,655069
1,571.0,22.20048141479492,213.6900787353516,-0.0028760163113474,4.776196479797363,19.76121711730957,10.30624771118164,6.0,4857.890176390048,78.79760735150788,268.9595507607467,379.38947807116006,0.8753521870054244,0.75,10.0,0.2,0.6000000000000001,12.8,92.0,186.7,0.504,0.0,5.0,4.6,148287.47244568574,331.0,369.0,300.0,653948
1,1012.0,2.0707030296325684,206.56504821777344,0.0013072800356894,6.798747539520264,1.172268629074097,0.9354143738746644,0.0,1683.2968452481766,166.96433794886468,95.9094488774552,399.9461083213318,0.0795774715459476,0.6000000238418579,40.0,0.0,1.0,23.5,76.10000000000001,169.4,0.473,1.0,6.0,4.6,119391.5427249772,328.8,370.8,300.0,655213
1,1525.0,37.33343505859375,355.135498046875,-0.0010458237957209,4.303729057312012,43.03427505493164,18.93409538269043,18.0,7922.757812733601,153.57988645655038,2807.47860723976,0.0,0.0,0.5,30.0,3.6,4.7,61.39999999999999,247.3,326.3,0.494,1.0,3.0,4.9,256202.96125745767,329.2,379.0,292.0,655213
1,1948.0,11.018078804016112,318.366455078125,-0.0002614560944493,5.310585021972656,7.675814151763916,5.916079998016357,18.0,25059.89694975332,964.4174843480512,4254.642485776862,0.0,0.0,0.75,10.0,0.0,0.0,15.4,33.4,99.8,0.483,1.0,5.0,4.5,159317.17708097247,324.0,404.0,272.2,653948
1,1285.0,24.68475914001465,129.28939819335938,-0.0060134883970022,4.707640647888184,23.405197143554688,13.765899658203123,0.0,18830.47668145848,87.29524504674808,1904.7491861253184,18.854077803289883,0.0,0.5,10.0,1.6,4.2,28.0,59.900000000000006,140.3,0.516,0.0,1.0,4.6,294098.7655971327,328.2,367.6,304.6,655213
1,899.0,8.22935962677002,26.56505012512207,0.0028760156128555,5.542422771453857,5.339888572692871,3.674234628677368,0.0,31171.83386762271,446.60747144596,299.58929882333825,379.49769233149857,0.0,0.5,30.0,0.0,0.0,0.1,17.4,61.400000000000006,0.397,2.0,6.0,4.5,152147.15742954265,391.6,342.2,266.0,655213
1,1503.0,15.769145011901855,203.6293792724609,0.0023531038314104,5.012138843536377,11.979608535766602,7.6157732009887695,18.0,17920.929770030405,341.2927935000342,2528.738625237126,0.0,0.0,0.75,10.0,0.0,0.0,3.8,10.2,115.9,0.432,1.0,5.0,4.6,57873.57551784761,353.2,345.8,301.0,653948
1,470.0,22.24761009216309,161.56504821777344,-0.0023531042970716,4.742379665374756,19.194107055664062,11.606167793273926,6.0,4421.006310097028,379.05612259931394,4066.679557866803,0.0,0.0795774715459476,0.75,10.0,0.1,0.2,10.5,39.5,59.6,0.486,1.0,7.0,4.6,152983.16262912692,369.2,324.6,306.0,655069
1,777.0,3.814206600189209,345.9637451171875,-0.0033989280927926,6.217236518859863,2.2282254695892334,1.5,6.0,23823.692012273925,24.35043760777421,18.66394649845472,726.306789167653,0.477464829275686,0.75,10.0,0.4,1.0,10.2,24.9,88.3,0.429,1.0,3.0,5.5,161621.46033014983,312.0,377.0,311.2,655213
1,1033.0,14.613224983215332,82.8749771118164,0.0078436797484755,5.031214714050293,10.408801078796388,6.846531867980957,0.0,1100.0082168639867,509.5734807372948,1286.29534962218,504.2463867177382,0.8753521870054244,0.5,30.0,0.0,0.0,5.9,29.6,51.5,0.479,1.0,8.0,4.5,126634.39852630932,345.2,351.8,303.0,655213
1,1561.0,35.87168884277344,206.56504821777344,-0.0023531033657491,4.433769226074219,44.05447769165039,17.64227867126465,18.0,12759.950827486353,3841.972999008976,3301.602363405154,0.0,0.0,0.5,30.0,0.0,0.0,2.5,2.5,2.5,0.189,1.0,2.0,5.5,162488.8512816182,330.0,386.8,283.2,655213
1,1223.0,11.055072784423828,65.55604553222656,0.0026145598385483,5.294384479522705,7.604547500610352,4.56891679763794,18.0,1546.7066677599014,12.487004581677525,1028.3534830246497,175.58988709798254,0.3183098861837907,0.050000000745058,50.0,0.0,0.0,3.2,26.1,56.3,0.471,1.0,2.0,4.3,82568.52767274377,327.6,362.6,309.8,655069
1,915.0,35.82400894165039,195.5928192138672,0.0036603840999305,4.393620491027832,42.17266082763672,17.567726135253906,18.0,26132.545726871344,1323.793845251077,1543.9499373228366,164.77783888426288,0.0,0.75,10.0,0.0,0.0,8.6,22.000000000000004,47.400000000000006,0.415,0.0,3.0,5.5,72944.74432527724,394.2,321.6,284.4,655213
1,883.0,13.864537239074709,148.39248657226562,0.0057520321570336,5.122920513153076,10.223761558532717,6.977643013000488,0.0,15169.307566961465,33.24583494872377,743.4117797667309,688.6960765247262,0.0795774715459476,0.5,30.0,0.0,0.0,5.199999999999999,10.1,115.9,0.435,1.0,5.0,4.6,76667.04752871323,367.8,352.6,279.2,655435
1,407.0,15.344671249389648,45.0,-0.0047062076628208,5.052531719207764,11.778167724609377,7.737893581390381,18.0,11680.627383643932,3546.135467114676,822.7960487760431,303.83411555970395,0.0,0.75,10.0,0.2,0.8999999999999999,14.8,25.7,54.5,0.425,0.0,0.0,0.0,999999.0,286.0,392.0,322.0,653948
1,1315.0,17.342899322509766,291.2505187988281,0.0018301915843039,4.934804439544678,13.560192108154297,7.322909355163574,18.0,443.2200516502472,53.910388044316825,928.7944175661522,3.1246723955486027,0.5570423008216338,0.75,10.0,0.0,0.0,20.700000000000003,41.0,82.9,0.415,1.0,1.0,4.1,233266.3151319751,316.4,368.8,314.8,655069
1,1406.0,22.24761009216309,161.56504821777344,0.0020916478242725,4.742379665374756,19.194107055664062,10.29563045501709,18.0,15367.067507310818,2.857627356543267,2240.734400029636,0.0,0.0795774715459476,0.050000000745058,50.0,0.0,0.0,19.9,43.2,124.5,0.452,1.0,2.0,4.4,227856.35267434185,323.0,353.2,324.0,653948
1,1559.0,28.810976028442383,155.6954345703125,0.0088895037770271,4.576056480407715,29.3824462890625,13.610657691955566,18.0,48552.91655628961,75.38922248736147,4379.905575915649,0.0,0.0,0.5,30.0,0.0,0.0,20.5,46.6,117.4,0.497,1.0,3.0,4.4,248229.92118824023,330.0,386.8,283.2,655213
1,853.0,0.9263692498207092,180.0,-0.0013072800356894,7.572137355804443,0.508084774017334,0.55901700258255,0.0,529.2855903738827,37.12438678476487,248.4629947004466,883.2085139300469,0.8753521870054244,0.75,10.0,0.0,0.2,8.8,38.7,74.0,0.468,1.0,3.0,4.6,209147.6553897987,315.4,375.0,309.2,655213
1,556.0,27.908485412597656,192.339096069336,-0.0060134883970022,4.555947303771973,26.706758499145508,13.561203956604004,16.0,3666.3443943837538,920.4351090813065,1304.7022160837084,264.33742569439335,0.0,0.75,10.0,0.0,0.0,1.3,12.2,62.3,0.408,1.0,2.0,4.6,229167.5776512516,341.0,361.0,297.8,655069
1,1535.0,28.77958106994629,132.61404418945312,-0.0007843683706596,4.605045318603516,30.16826629638672,13.702189445495604,18.0,48609.220247774494,80.62572449358119,4326.420821369314,0.0,0.0,0.5,30.0,1.5,4.1,23.3,28.6,60.3,0.449,0.0,3.0,4.1,155840.32565112953,304.0,385.0,311.0,655213
1,1064.0,37.54926300048828,67.75096893310547,0.0264070555567741,4.388941287994385,47.599239349365234,17.171924591064453,18.0,3874.64439336625,785.8460501229437,2583.2013889623627,0.0,0.0,0.75,10.0,0.7,2.5,15.6,48.3,113.8,0.484,1.0,6.0,4.6,75990.07106897782,359.2,350.2,290.8,655069
1,1306.0,27.278148651123047,41.18592071533203,-0.0047062076628208,4.640542984008789,27.54747009277344,13.052777290344238,18.0,18508.779632986352,1518.880049318879,2764.4881067797046,0.0,0.0,0.75,10.0,0.7,1.1,4.4,13.3,118.90000000000002,0.43,0.0,3.0,4.1,169642.24454687003,328.0,375.6,296.6,653948
1,788.0,10.678775787353516,329.0362548828125,0.0057520316913723,5.329860210418701,7.339499473571777,5.105144500732422,16.0,3222.171835221908,375.07436288695146,4759.627111411301,0.0,0.0795774715459476,0.75,10.0,1.3,3.1,9.5,26.8,64.1,0.43,0.0,2.0,4.1,178493.5174706914,316.0,371.0,313.0,655069
1,1755.0,9.09423542022705,315.0,-0.0005229120142757,5.467675685882568,6.0702433586120605,4.609772205352783,18.0,23243.77792462481,281.04976416123577,3466.8643555933386,0.0,0.1591549430918953,0.75,10.0,0.3,1.2,17.5,27.6,60.50000000000001,0.497,0.0,3.0,4.1,118499.42494987074,296.0,374.0,330.0,655213
1,753.0,28.94634056091309,15.255119323730469,0.0067978557199239,4.541989803314209,28.71742248535156,12.427288055419922,6.0,10382.19099794,2.0765060205012564,556.3188851923165,298.48065725514897,0.0,0.75,10.0,2.7,8.4,36.1,79.30000000000001,96.8,0.43,0.0,0.0,0.0,999999.0,359.2,354.0,287.0,655069
1,512.0,22.074106216430664,274.57391357421875,0.0020916480571031,4.696296215057373,18.014612197875977,9.161741256713867,18.0,1338.4769972783824,1558.2633090584843,5537.83983962896,0.0,0.0,0.75,10.0,1.7,4.4,27.200000000000003,71.0,78.7,0.469,0.0,0.0,0.0,999999.0,359.6,367.2,273.2,655069
1,796.0,17.16695213317871,222.87890625,-0.0010458240285515,4.968413352966309,13.72290325164795,6.832825183868408,6.0,12244.187862429771,61.49229278424664,680.8348777582236,16.75228056499741,0.5570423008216338,0.050000000745058,50.0,0.0,0.4,6.4,37.7,81.6,0.415,1.0,2.0,5.1,246060.9937340945,339.4,353.2,307.6,655435
1,1077.0,13.893108367919922,168.6900634765625,0.0052291201427578,5.083894729614258,9.874655723571776,5.123475551605225,18.0,460.5745666711287,91.0650187463774,606.4810048046849,392.7701819912836,0.238732414637843,0.050000000745058,50.0,2.0,5.0,32.8,72.5,84.69999999999999,0.433,0.0,0.0,0.0,999999.0,359.6,349.8,290.8,655213
1,1678.0,18.128936767578125,110.224853515625,-0.0023531038314104,4.898963928222656,14.380550384521484,8.645808219909668,18.0,23166.36059071905,9.08538887202236,3401.508870011561,0.0,0.1591549430918953,0.050000000745058,50.0,0.7,2.0,25.2,72.4,96.1,0.507,0.0,0.0,0.0,999999.0,298.2,350.8,350.8,655213
1,1371.0,24.964847564697266,290.3231506347656,-0.0065363999456167,4.664912223815918,23.009057998657227,10.971553802490234,18.0,1599.5851927486835,413.369736228422,3381.6926604211176,0.0,0.0,0.75,10.0,0.0,0.0,13.3,60.400000000000006,102.9,0.437,0.0,0.0,0.0,999999.0,304.4,369.6,326.0,653837
1,1002.0,21.226524353027344,267.61407470703125,-0.0075822249054908,4.716672420501709,16.865501403808594,9.25,6.0,1342.4372020550666,153.71347928385077,38.28308314070741,810.4195785750974,0.0,0.5,10.0,0.0,0.0,13.1,65.5,94.8,0.419,0.0,0.0,0.0,999999.0,328.8,370.8,300.0,655213
1,1646.0,14.613224983215332,172.87496948242188,0.0002614557452034,5.031214714050293,10.408801078796388,6.4031243324279785,18.0,23609.964270725985,198.9447904510485,2859.8215178116,0.0,0.1591549430918953,0.75,10.0,0.5,1.4,33.7,70.5,128.60000000000002,0.422,0.0,4.0,4.7,40560.06374662204,323.0,371.0,305.8,655213
1,462.0,16.0606632232666,231.8427734375,0.0088895037770271,5.016142845153809,12.50089168548584,6.110953330993652,6.0,8816.928362881905,2049.0338515696963,2051.586516226588,0.0,0.0,0.75,10.0,0.0,0.0,17.5,66.6,102.8,0.419,0.0,0.0,0.0,999999.0,361.8,329.4,308.8,655069
1,556.0,27.908485412597656,192.339096069336,-0.0060134883970022,4.555947303771973,26.706758499145508,13.561203956604004,16.0,3666.3443943837538,920.4351090813065,1304.7022160837084,264.33742569439335,0.0,0.75,10.0,0.1,0.4,33.3,127.0,146.7,0.425,2.0,4.0,4.7,135746.93606925156,341.0,361.0,297.8,655069
1,735.0,37.84658050537109,192.0114898681641,-0.0070593105629086,4.337005615234375,46.17002868652344,19.73258781433105,18.0,17430.055095565076,2504.965798907956,1892.1579170014809,28.078331232556863,0.0,0.75,10.0,0.1,0.3,20.0,66.5,101.7,0.446,2.0,4.0,4.7,121964.60634630808,359.2,354.0,287.0,653948
1,1379.0,42.8795166015625,172.99871826171875,-0.0049676643684506,4.2159857749938965,58.42902755737305,24.79667282104492,18.0,11341.8446755433,2349.218260061928,1733.1692793661516,28.981581163089896,0.0,0.75,10.0,0.0,0.0,8.3,24.0,44.2,0.449,3.0,6.0,4.7,81010.97174292209,299.0,360.0,340.0,655213
1,866.0,25.638227462768555,122.6192398071289,0.0041832961142063,4.674163818359375,24.67959976196289,12.038999557495115,0.0,11972.694699675294,77.01548073725579,164.20143452579435,930.9965178550063,0.0795774715459476,0.75,10.0,0.0,0.0,0.7,14.900000000000002,48.6,0.483,0.0,3.0,4.7,123924.126954883,298.0,390.4,311.6,655213
1,785.0,32.47236251831055,297.21612548828125,0.0060134879313409,4.502371311187744,36.543067932128906,14.497844696044922,18.0,9940.684464925904,83.06458038636278,1128.248365350182,264.99271664205025,0.0,0.5,30.0,0.2,0.6000000000000001,58.2,167.6,196.6,0.425,2.0,4.0,4.7,127094.02135431122,330.0,356.2,313.8,655213
1,784.0,1.309969782829285,135.0,0.0010458240285515,7.2413506507873535,0.7299740314483643,0.6614378094673157,6.0,16916.7010003227,7.109684214464164,197.19529513608003,756.9920834338849,10.106338886335354,0.050000000745058,50.0,0.0,0.0,5.0,15.4,54.4,0.475,0.0,3.0,4.7,133130.06518878933,312.0,377.0,311.2,655213
1,1398.0,9.752992630004885,41.18592071533203,-0.0002614556578919,5.40956449508667,6.604212284088135,4.677071571350098,18.0,15433.688522010943,59.85303883361186,1961.905495679164,7.665932312646753,0.0795774715459476,0.6000000238418579,40.0,0.0,0.0,6.8,28.5,79.80000000000001,0.497,0.0,2.0,4.7,187796.55711332924,311.4,359.4,329.4,653948
1,785.0,2.618571519851685,45.0,0.0031374720856547,6.579049110412598,1.5056828260421753,1.5811388492584229,6.0,17067.066440779996,11.539421977731823,412.0841892015018,889.5360668083226,7.719014739956924,0.5,60.0,0.0,0.0,25.1,57.2,161.20000000000002,0.448,0.0,3.0,4.7,69304.27026453675,312.0,377.0,311.2,655213
1,288.0,12.17381763458252,77.00537872314453,0.0023531038314104,5.195295810699463,8.39666748046875,6.61614990234375,6.0,405.14543313566605,1084.1891591790145,3221.459588320293,0.0,0.0,0.75,10.0,0.0,0.0,10.9,31.1,117.0,0.432,0.0,3.0,4.7,123173.59662216566,370.2,353.2,276.6,742694
1,781.0,0.0,-0.0,0.0039218398742377,10.33923053741455,0.0309222228825092,1.25,6.0,16264.659118737543,404.1200672133087,946.3173808144816,697.8781403492997,0.0795774715459476,0.6000000238418579,40.0,0.9,2.3000000000000003,4.2,9.6,78.6,0.449,1.0,3.0,4.7,112426.79809235867,312.0,377.0,311.2,655435
1,1393.0,13.864537239074709,31.60750198364257,-0.0010458237957209,5.122920513153076,10.223761558532717,6.062177658081055,18.0,15449.6877466549,73.23118858071955,1950.7407176582933,9.522642919298274,0.0795774715459476,0.5,30.0,0.0,0.6,14.8,31.6,96.5,0.458,1.0,1.0,4.0,246520.4755160108,309.4,376.6,314.2,653948
1,1095.0,12.272893905639648,311.9872131347656,-0.0028760158456861,5.224753379821777,8.793439865112305,5.916079998016357,0.0,5656.677303355159,165.17185001586105,1402.8379791408047,191.11740925144392,0.1591549430918953,0.75,10.0,0.0,0.0,0.6000000000000001,10.0,24.4,0.29,1.0,3.0,4.8,116812.9114216832,355.2,376.4,268.6,653948
1,524.0,33.69098281860352,140.90614318847656,-0.0033989278599619,4.498477935791016,39.94953155517578,16.194135665893555,0.0,13546.60209360037,135.394414650696,451.1569416252762,583.7578537854932,0.0,0.75,10.0,0.1,0.4,9.9,17.1,35.6,0.415,0.0,2.0,5.4,167655.04818465814,305.0,397.0,299.0,653948
1,784.0,2.0707030296325684,63.4349479675293,0.0033989280927926,6.798747539520264,1.172268629074097,1.3228756189346311,0.0,21868.5314898598,11.56791042360673,46.89071883875553,559.8364107420184,0.0795774715459476,0.75,10.0,0.5,1.6,17.6,28.1,42.8,0.514,2.0,5.0,4.8,54496.57142422303,312.0,377.0,311.2,655435
1,1141.0,4.136011123657227,296.5650634765625,0.0010458242613822,6.150826454162598,2.4530060291290283,2.3184046745300293,18.0,2075.675462518011,439.7492205662492,1503.9363118269737,148.35884037662933,0.7957747154594768,0.75,50.0,0.4,0.7,4.0,149.60000000000002,539.1,0.418,0.0,5.0,4.6,205766.1619035555,391.0,314.0,296.0,655069
1,998.0,5.541357040405273,90.0,-0.0052291201427578,5.856933116912842,3.29105281829834,2.25,0.0,1370.9806676701048,377.1599952106304,178.5658311734444,799.1895480337128,0.0,0.6000000238418579,40.0,0.0,0.1,5.9,21.6,107.2,0.426,1.0,1.0,5.0,171156.43479279405,287.0,374.0,338.0,655213
1,1684.0,26.18699836730957,242.59243774414065,0.0073207691311836,4.649796009063721,25.288379669189453,12.78671169281006,18.0,18428.531480695063,495.41206274105775,4223.702973460523,0.0,0.0,0.75,10.0,0.3,1.1,9.2,38.5,135.7,0.44,1.0,2.0,5.0,171408.16667696976,335.8,356.6,307.6,655213
1,663.0,35.555747985839844,142.3523712158203,0.0104582393541932,4.461684226989746,44.25966262817383,18.16332244873047,6.0,4006.457107877552,8.026517148827674,3912.7057251992856,0.0,0.0,0.75,10.0,1.5,4.7,18.4,42.0,81.6,0.43,1.0,2.0,5.0,170639.97652346815,354.0,352.6,293.4,655069
1,1251.0,30.242321014404297,250.5599670410156,-0.0162102729082107,4.527105331420898,31.43682861328125,14.115593910217283,18.0,2572.105975971915,6.151340926336597,1550.4785337578098,0.0,0.0,0.75,50.0,0.0,0.3,5.5,8.5,84.0,0.414,0.0,5.0,5.0,143086.20749883694,313.2,375.0,312.0,655069
1,1311.0,31.00130081176757,23.80594253540039,-0.0010458244942128,4.524321556091309,33.3027458190918,14.05346965789795,18.0,355.08726594591195,110.35333591311564,308.73224616504456,58.90694939061606,0.3183098861837907,0.75,10.0,0.0,0.3,5.5,8.5,84.0,0.412,0.0,5.0,5.0,143613.4579553399,324.0,364.6,311.2,655069
1,1897.0,10.4458589553833,344.744873046875,0.0018301920499652,5.32639217376709,6.991409778594971,4.092676162719727,18.0,42748.24628052228,18.08280359230329,2085.018479719304,0.0,20.610565130400445,0.0,60.0,0.0,0.0,4.6,7.5,15.7,0.404,2.0,4.0,5.7,83837.73640085847,340.2,363.0,297.0,655213
1,1339.0,11.165250778198242,304.9920349121094,0.0005229118978604,5.29697847366333,7.780966281890869,4.596194267272949,18.0,52180.673157935074,1878.341372597495,6230.651350291128,0.0,0.0,0.75,10.0,0.0,0.0,0.0,0.1,24.6,0.37,2.0,4.0,4.6,67178.71220208064,324.0,412.0,264.0,655213
1,1022.0,35.37440490722656,149.93141174316406,4.656612873077393e-10,4.452101230621338,43.25422286987305,18.06239128112793,18.0,6310.372511856932,2.5870995871990194,2092.875523396286,0.0,0.0795774715459476,0.75,10.0,0.0,0.1,2.2,12.7,37.3,0.398,1.0,3.0,4.3,106051.58245085234,339.2,367.2,293.4,653948
1,1650.0,14.09121799468994,284.9314270019531,-0.000784368137829,5.081603527069092,10.146775245666504,6.576473236083984,18.0,3787.386850822013,0.8380141179839803,2968.317202243417,0.0,0.0,0.75,10.0,0.7,1.8,20.6,86.70000000000002,171.4,0.434,1.0,5.0,4.5,166103.67158967315,294.0,358.0,348.0,653837
1,1779.0,22.074106216430664,265.42608642578125,-0.00836659129709,4.696296215057373,18.014612197875977,9.110433578491213,18.0,17196.70629715735,73.72316209051121,2960.2354396793507,0.0,0.0,0.5,30.0,0.7,1.8,20.6,86.70000000000002,171.4,0.445,1.0,5.0,4.5,166976.60306641753,303.0,347.0,350.0,653837
1,1435.0,19.241729736328125,166.6074981689453,-0.007320768199861,4.834949970245361,15.331212997436523,10.38027000427246,18.0,14968.075099179188,17.84958490474065,601.3535192197451,258.0504674818967,0.0,0.5,30.0,0.7,1.8,20.6,86.70000000000002,171.4,0.445,1.0,5.0,4.5,161812.8327139106,266.0,358.0,375.0,653837
1,1328.0,22.93803024291992,313.45184326171875,-0.0067978557199239,4.760313034057617,20.915433883666992,10.535654067993164,18.0,17338.451193383018,97.10705379061687,3663.513172856192,0.0,0.0,0.75,10.0,0.7,1.8,20.6,86.70000000000002,171.4,0.432,1.0,5.0,4.5,160072.28756814872,287.0,374.0,339.0,653837
1,1315.0,13.63347625732422,126.8698959350586,0.0060134874656796,5.140389442443848,10.046712875366213,4.962358474731445,6.0,11552.615146605134,82.55187216276468,1477.716411906289,217.2771406636953,0.0,0.75,10.0,0.0,0.0,14.200000000000005,90.6,174.89999999999998,0.421,1.0,4.0,4.4,108074.65564900044,276.0,385.0,339.0,653948
1,1251.0,3.7006449699401855,-0.0,-0.0078436806797981,6.232475757598877,2.129356861114502,3.5,18.0,476.5455130270325,218.60377506600653,967.6715959127732,48.11537532873145,0.1591549430918953,0.75,10.0,1.4,5.9,50.8,125.2,194.1,0.477,0.0,5.0,4.5,114132.37042771972,352.0,312.0,336.0,655069
1,1767.0,25.33090782165528,277.85333251953125,-0.0036603834014385,4.606994152069092,22.447689056396484,11.704699516296388,18.0,42167.86255658175,21.73592170828433,2313.504544757634,0.0,0.0,0.75,10.0,0.7,1.8,20.6,86.70000000000002,171.4,0.429,1.0,5.0,4.5,152917.9348688702,328.4,369.6,301.8,655213
1,1602.0,24.711645126342773,251.5650634765625,-0.0002614556578919,4.666337013244629,22.51375770568848,12.186058044433594,18.0,24659.76217709098,0.6515144936731049,6812.72271355173,0.0,0.0795774715459476,0.75,10.0,1.3,5.4,59.9,166.0,299.1,0.428,0.0,5.0,4.5,108611.07237961648,337.0,372.0,291.0,655213
1,1464.0,32.49747848510742,113.96248626708984,0.0044447523541748,4.4926581382751465,36.25993347167969,15.85086727142334,0.0,18241.27522045002,8021.486844873081,1630.5051100665407,84.7615936203474,0.0,0.75,30.0,0.3,1.4,11.3,392.8,594.3,0.432,0.0,3.0,4.4,31996.712210162445,322.0,404.0,273.0,742380
1,1241.0,11.9050874710083,122.47118377685548,-0.0005229120142757,5.243656158447266,8.416634559631348,5.5,0.0,16348.592298895708,7.950305283560847,8544.565957391964,0.0,0.0,0.5,30.0,0.3,1.4,11.3,392.8,594.3,0.452,0.0,3.0,4.4,39447.21991725048,331.0,348.4,320.8,742380
1,992.0,20.470813751220703,94.96974182128906,0.0028760163113474,4.756332874298096,16.209697723388672,9.43729305267334,0.0,23927.022962889987,826.2512617663145,1492.094846395013,137.48620756851338,0.0,0.75,10.0,0.3,1.4,11.3,392.8,594.3,0.466,0.0,3.0,4.4,40472.84216224452,358.0,381.0,260.0,655213
1,981.0,11.871017456054688,112.61986541748048,0.0101967835798859,5.234002590179443,8.28674030303955,5.332682132720947,0.0,9874.559964564278,6410.889461591244,2018.088476581837,0.0,0.0,0.75,10.0,0.3,1.3,6.9,288.20000000000005,444.4,0.503,0.0,3.0,4.4,49442.71930093058,321.4,381.4,296.6,742380
1,1173.0,30.24232482910156,356.8201599121094,0.0062749437056481,4.450028896331787,29.104820251464844,14.080127716064451,0.0,29017.87030916785,8.284249900838303,1443.904476779705,227.2785122252648,0.0,0.75,10.0,0.3,1.4,11.3,392.8,594.3,0.481,0.0,3.0,4.4,45322.80607343194,341.0,382.0,277.0,655213
1,939.0,13.035094261169434,12.094756126403809,0.0083665931597352,5.137446880340576,9.126773834228516,6.154266834259033,0.0,3699.577126454174,7067.168512601084,1423.9928769071537,50.56842140515105,0.0,0.75,10.0,0.6,2.1,6.6000000000000005,246.1,385.00000000000006,0.448,0.0,3.0,4.4,59085.94226590653,339.0,370.0,291.0,742380
1,1373.0,19.749324798583984,305.837646484375,0.0062749441713094,4.862145900726318,16.666664123535156,10.612492561340332,0.0,26482.646590687025,352.5290615335577,1702.3233750828774,114.43040814213008,0.0,0.75,10.0,0.6,2.1,6.6000000000000005,246.1,385.00000000000006,0.448,0.0,3.0,4.4,62446.608242321454,337.0,370.0,293.0,655213
1,1392.0,18.971454620361328,311.1859130859375,0.0075822239741683,4.894730091094971,15.786703109741213,10.265233039855955,6.0,13538.21244515062,85.02781025531402,4716.882647661765,0.0,0.0,0.75,10.0,0.3,1.3,6.9,288.20000000000005,444.4,0.433,0.0,3.0,4.4,49189.2802282166,307.8,376.0,316.4,655213
1,1175.0,32.50584030151367,215.70669555664065,0.0047062085941433,4.518346309661865,37.22743606567383,15.644487380981444,0.0,10577.227677537296,222.5228718854797,3269.570986885381,0.0,0.0,0.75,10.0,0.3,1.3,6.9,288.20000000000005,444.4,0.487,0.0,3.0,4.4,47732.5090503312,334.6,368.0,297.2,742380
1,1009.0,5.839084625244141,288.4349365234375,0.007320768199861,5.833305835723877,3.5713398456573486,4.213074684143066,0.0,20345.04199572538,996.1022003595268,49.968721054829366,278.15268712392555,0.0,0.75,10.0,0.3,1.3,6.9,288.20000000000005,444.4,0.442,0.0,3.0,4.4,58878.42214767588,328.8,370.8,300.0,655213
1,263.0,13.248056411743164,164.05459594726562,-0.0020916480571031,5.1332621574401855,9.399006843566896,5.925316333770752,0.0,3010.1111139416744,2691.2774525500577,2081.36585557458,0.0,0.0,0.75,10.0,0.2,0.4,7.6,406.6,690.5,0.481,0.0,3.0,4.4,51803.97113706595,358.4,349.4,292.2,742380
1,1314.0,11.055072784423828,335.5560302734375,0.0041832961142063,5.294384479522705,7.604547500610352,5.419870853424072,18.0,18629.19773097617,68.232973990497,6387.009846746434,0.0,0.0,0.75,10.0,0.0,0.5,6.800000000000001,208.1,439.19999999999993,0.424,0.0,3.0,4.4,70952.3469791519,337.0,361.0,302.0,655213
1,931.0,19.54463195800781,300.0685729980469,2.3283064365386963e-10,4.8625993728637695,16.302181243896484,8.58778190612793,0.0,36460.10542460822,7.935754604662101,76.15453472997348,749.5665780547332,0.0,0.050000000745058,50.0,0.0,0.0,4.1000000000000005,103.7,196.1,0.413,0.0,5.0,4.5,113823.82789807324,359.0,360.0,281.0,655213
1,1853.0,15.769145011901855,283.24053955078125,0.0088895037770271,4.988284111022949,11.697219848632812,6.633249759674072,18.0,41967.27500774544,10.668581757732165,1096.1216426671626,140.45337231138404,20.5309876588545,0.75,50.0,0.0,0.0,3.6,81.5,151.39999999999998,0.443,0.0,5.0,4.5,107918.450615732,310.4,393.4,296.6,654059
1,1726.0,12.66049098968506,300.2564392089844,-0.0026145598385483,5.192656993865967,9.080256462097168,6.062177658081055,18.0,46868.84002618821,4.134598662363172,3845.651512788554,0.0,0.1591549430918953,0.75,10.0,0.0,0.0,4.1000000000000005,103.7,196.1,0.465,0.0,5.0,4.5,118270.66251513916,288.0,403.0,309.0,655213
1,1833.0,24.57676696777344,45.0,0.0002614561235532,4.712615966796875,23.289043426513672,11.467345237731934,18.0,29865.00089448649,41.41799775570618,9739.49621372458,0.0,0.0,0.75,10.0,0.0,0.0,3.9,116.5,247.0,0.413,0.0,5.0,4.5,96077.26685007336,358.8,357.4,284.0,652431
1,1143.0,7.370669364929199,270.0,0.0057520321570336,5.598304271697998,4.517427444458008,4.242640495300293,6.0,3333.154468836404,67.8633464452437,3104.4851311898874,0.0,1.1936620731892151,0.050000000745058,50.0,0.2,3.9,10.6,40.0,69.6,0.446,0.0,1.0,4.2,124747.12221694758,339.4,369.4,291.6,655069
1,767.0,4.976532936096191,21.801408767700195,-0.0062749441713094,5.979676723480225,2.9973483085632324,3.5,6.0,3721.4747209696193,4.100438651427066,4109.600576631736,0.0,0.0795774715459476,0.050000000745058,50.0,0.1,2.4,11.8,27.0,98.3,0.424,0.0,1.0,4.2,85415.79535080158,305.0,385.0,310.0,655069
1,661.0,12.66049098968506,30.25643539428711,-0.0023531038314104,5.192656993865967,9.080256462097168,5.159941673278809,18.0,16435.392967943502,117.99523236340173,2928.818467365859,0.0,0.0,0.75,10.0,0.1,2.4,11.8,27.0,98.3,0.422,0.0,1.0,4.2,77311.71116266938,312.0,386.4,301.4,653948
1,1396.0,2.927142381668091,251.5650634765625,0.0049676643684506,6.467477321624756,1.6834042072296145,1.6955825090408323,18.0,42319.746681372286,75.02268070535325,298.7414838930912,268.6261839463869,0.0,0.75,10.0,0.3,0.5,3.0,18.6,134.3,0.419,3.0,6.0,4.7,101197.702249113,311.4,359.4,329.4,655213
1,1704.0,15.39533805847168,139.76364135742188,-0.001568736275658,5.049071788787842,11.818992614746094,7.193747520446777,18.0,23664.863131040187,29.99846193153382,2880.105869488414,0.0,0.1591549430918953,0.050000000745058,50.0,0.0,0.0,15.2,42.6,87.8,0.484,1.0,4.0,4.7,127802.62014954894,310.8,381.2,307.6,655213
1,1018.0,31.36363220214844,68.1985855102539,0.0149029921740293,4.510045051574707,33.7816047668457,15.658464431762695,18.0,7311.138746099449,3.6188135058710977,356.0067571388864,258.08060718163665,0.0,0.75,50.0,0.0,0.0,7.5,66.3,165.2,0.407,0.0,3.0,4.7,55799.51845194091,328.2,379.2,292.4,655213
1,1661.0,15.370030403137209,151.92750549316406,0.0028760163113474,5.039081573486328,11.661158561706545,6.383572578430176,18.0,30691.63771724157,120.44627952485718,3343.044924156783,0.0,0.0795774715459476,0.75,10.0,0.0,0.0,1.7000000000000002,76.9,293.70000000000005,0.462,2.0,3.0,4.3,136213.15168334224,288.0,353.0,359.0,655213
1,1054.0,23.042755126953125,278.74615478515625,-0.0047062085941433,4.681778430938721,19.53328514099121,10.776130676269531,18.0,1574.3061575676622,94.30309620642284,71.74079909622039,377.40866670668737,0.1591549430918953,0.5,30.0,12.2,18.2,38.6,57.89999999999999,69.49999999999999,0.43,1.0,3.0,4.6,84546.32376918751,361.4,347.2,291.6,655213
1,1846.0,16.555870056152344,112.380126953125,0.0010458237957209,4.972488880157471,12.759681701660156,7.762087345123291,18.0,42152.26636449872,21.687573763474045,1905.992542079865,60.232507219283214,0.3978873577297384,0.050000000745058,50.0,0.6,3.5,34.900000000000006,84.7,149.3,0.43,1.0,5.0,4.6,96353.3861479535,308.4,399.8,292.2,654059
1,599.0,36.04083251953125,306.8699035644531,-0.0073207686655223,4.451881408691406,45.42041015625,17.62632942199707,16.0,8417.085197141223,140.83937090825097,534.6596110455993,345.188285133176,0.0,0.75,10.0,0.4,1.5,145.4,167.5,176.4,0.51,1.0,6.0,5.1,91710.30891940033,359.4,346.6,294.0,655069
1,798.0,29.497058868408203,59.03623962402344,-0.0026145600713789,4.575600624084473,31.069780349731445,14.328729629516602,16.0,1250.5438278298905,61.99980329674123,1308.94517162721,247.8856998402536,0.0,0.75,10.0,0.3,1.8,23.0,84.0,148.5,0.428,1.0,5.0,4.6,96874.63177423106,283.0,379.0,338.0,655069
1,860.0,37.35205078125,216.3843688964844,0.0054905763827264,4.427859306335449,48.78752136230469,18.947296142578125,16.0,4291.923063486836,32.33697008302149,1212.3728333619924,210.87356171114857,0.0,0.5,30.0,1.6,3.3000000000000003,15.1,71.1,147.79999999999998,0.43,1.0,5.0,4.6,94427.9291037308,298.0,390.4,311.6,655069
1,989.0,0.9263692498207092,-0.0,0.003921840339899,7.572137355804443,0.508084774017334,1.0897247791290283,0.0,1991.812546807944,186.7940926732084,266.27324946854407,477.51493238582543,0.0,0.75,10.0,0.1,0.2,23.5,62.900000000000006,154.0,0.503,1.0,5.0,4.6,48560.53376422637,326.8,371.0,301.8,655213
1,923.0,3.336585760116577,326.3099365234375,0.0013072800356894,6.351368427276611,1.9485265016555784,1.3228756189346311,0.0,35384.80694333529,26.6347347754091,171.58326902438586,1020.816205481638,0.0,0.050000000745058,10.0,0.0,0.1,4.7,36.8,95.2,0.497,1.0,5.0,4.6,44240.68794695924,380.4,334.6,285.0,655213
1,1741.0,33.566062927246094,133.02505493164062,-0.0,4.503206253051758,39.76108932495117,17.190113067626953,18.0,25245.94569729848,57.12560862425861,3148.9909734448206,0.0,0.0,0.75,10.0,1.5,3.9,19.1,59.6,132.9,0.513,3.0,6.0,4.9,97899.52507783566,309.2,387.6,303.2,655213
1,1111.0,19.600738525390625,177.39743041992188,-0.0026145603042095,4.780220031738281,15.106490135192873,9.565563201904297,0.0,35345.17453787912,1415.0327798430474,302.81378320950967,470.623008433414,0.0,0.75,10.0,0.0,0.2,2.5,21.5,84.1,0.397,1.0,6.0,4.9,86035.06048675542,342.4,375.6,282.0,655213
1,1083.0,19.54463195800781,59.93141555786133,-0.004967663437128,4.8625993728637695,16.302181243896484,9.158329963684082,0.0,7372.23940919197,183.4196146936217,1880.9308122694256,9.977155076305618,0.0795774715459476,0.75,10.0,0.3,0.5,67.39999999999999,123.7,239.9,0.426,2.0,6.0,4.9,59001.861552135546,363.6,357.4,279.2,655069
1,498.0,44.136714935302734,246.42529296875,-0.0020916480571031,4.284647941589356,68.33143615722656,23.565401077270508,6.0,10199.11752078357,121.79587195630415,731.8964223143871,542.0195739312269,0.0,0.75,10.0,0.0,0.5,8.600000000000001,43.400000000000006,143.89999999999998,0.422,1.0,6.0,4.9,54443.72486647548,302.0,387.0,312.0,653948
1,938.0,34.926387786865234,95.31453704833984,0.0062749432399868,4.355886459350586,38.00274658203125,17.108112335205078,18.0,10845.998888995522,433.6933476080819,1882.774005921233,0.0,0.238732414637843,0.75,10.0,0.0,0.2,4.9,67.1,171.0,0.502,1.0,6.0,4.9,23934.059947165184,376.0,330.8,293.4,655435
1,810.0,3.814206600189209,75.96375274658203,5.820766091346741e-11,6.217236518859863,2.2282254695892334,1.620185136795044,0.0,4659.932210574697,24.02880556677162,547.0869727289063,880.970052406168,0.3183098861837907,0.050000000745058,50.0,0.2,1.1,26.8,48.2,108.29999999999998,0.512,0.0,5.0,4.9,40772.22078471251,347.4,342.0,310.8,655435
1,1309.0,38.031837463378906,150.25511169433594,-0.0002614555996842,4.403336524963379,49.99874496459961,19.795833587646484,18.0,4983.410314476857,5182.80765301669,4886.822237389953,0.0,0.0,0.75,10.0,2.4,6.4,16.799999999999997,52.7,168.79999999999998,0.497,1.0,6.0,4.9,63915.09645988993,324.0,364.6,311.2,655213
1,1070.0,9.752992630004885,318.8140869140625,-0.0049676643684506,5.40956449508667,6.604212284088135,3.889087200164795,18.0,127.2442103540238,261.79741840071085,116.51306539948312,414.52980922708696,0.0795774715459476,0.5,40.0,0.3,1.1,6.6000000000000005,34.2,78.0,0.425,0.0,0.0,0.0,999999.0,359.6,349.8,290.8,655213
1,1234.0,29.834623336791992,229.5739288330078,0.0010458240285515,4.579945087432861,32.07185363769531,13.411748886108398,18.0,1390.5423897133892,9.887245221637407,2837.050321640784,0.0,0.0,0.050000000745058,50.0,0.5,0.8,88.9,109.1,127.6,0.509,1.0,4.0,5.1,84548.19299934593,329.0,364.0,307.2,655069
1,807.0,25.98957633972168,5.710592746734619,-0.0067978557199239,4.577540397644043,23.11868476867676,12.589678764343262,0.0,15497.414709713805,1.573352734893065,70.09683590802543,676.9171564707766,0.0,0.75,10.0,0.0,0.0,41.3,52.60000000000001,57.60000000000001,0.495,0.0,2.0,4.4,96304.79464902496,339.4,353.2,307.6,655213
1,356.0,26.478731155395508,215.7538909912109,-0.0031374716199934,4.656248569488525,26.11246490478516,12.380680084228516,0.0,18046.59966222263,12.93837481023794,269.9103199403869,604.9627741818343,0.1591549430918953,0.75,10.0,0.0,0.0,1.8,46.8,343.9,0.407,1.0,4.0,5.1,107008.65380304908,355.8,346.6,297.6,653948
1,1202.0,15.54615879058838,234.4623413085937,-0.0036603840999305,5.038832187652588,11.940632820129396,6.901086807250977,18.0,1395.738427968514,197.81929396260708,849.5275523889663,116.70517499780038,0.7957747154594768,0.75,10.0,0.0,0.0,5.5,19.4,33.3,0.416,1.0,5.0,4.6,155919.68885031604,329.4,364.6,305.8,655069
1,247.0,21.62350273132324,11.768287658691406,-0.0033989278599619,4.741326332092285,18.0054874420166,9.66226577758789,6.0,39540.94314489522,295.20346447147733,4565.610865674177,0.0,0.0795774715459476,0.5,30.0,0.0,0.0,25.0,149.8,178.7,0.5,0.0,4.0,4.6,32417.81878691157,354.0,360.0,286.0,653072
1,324.0,15.769145011901855,246.37063598632807,0.0020916478242725,5.012138843536377,11.979608535766602,6.25,0.0,25408.041538467,1308.802721187752,2426.883297336046,0.0,0.0,0.75,10.0,0.0,0.0,1.7,240.3,381.4,0.463,1.0,6.0,4.9,91767.36261482042,341.6,372.6,285.8,653516
1,1472.0,47.57782745361328,251.02960205078125,0.0096738720312714,4.212908744812012,80.89227294921875,27.66315269470215,18.0,20228.66657957355,950.7481699796592,3006.1944982347345,0.0,0.0,0.75,10.0,0.0,0.0,1.1,200.8,325.20000000000005,0.453,0.0,1.0,4.2,171226.37382523445,307.0,359.0,334.0,653338
1,1307.0,37.876609802246094,110.69544219970705,0.0122884325683116,4.377134799957275,48.16455078125,18.547237396240234,6.0,22647.987159576733,678.2090045254108,2476.061250803444,0.0,0.0,0.75,10.0,2.0,9.7,81.4,218.5,358.8,0.445,0.0,0.0,0.0,999999.0,324.0,364.6,311.2,653271
1,447.0,7.020287990570068,113.1985855102539,-0.0052291201427578,5.675756931304932,4.423606872558594,4.366062164306641,6.0,3789.7192123679088,4941.514612709018,3898.722576273685,0.0,0.0,0.75,10.0,1.7,5.5,62.89999999999999,175.3,254.6,0.506,0.0,0.0,0.0,999999.0,383.8,327.0,288.8,653516
1,581.0,19.087900161743164,232.5946350097656,0.0057520321570336,4.888136863708496,15.89113712310791,9.211066246032717,0.0,1002.9363227536396,410.2919358121813,372.0409571237597,25.134100029177134,1.6711269024649011,0.75,10.0,1.9,4.800000000000001,16.299999999999997,29.4,61.400000000000006,0.461,0.0,1.0,4.3,300198.6969983718,349.2,371.8,279.0,653482
1,1686.0,4.622196197509766,36.869895935058594,0.0010458240285515,6.053886890411377,2.782968044281006,2.5,18.0,10764.1909885514,207.9811224918084,2038.545580777932,0.0,0.8753521870054244,0.75,10.0,1.7,5.5,62.89999999999999,175.3,254.6,0.493,0.0,0.0,0.0,999999.0,298.2,350.8,350.8,653305
1,1348.0,10.678775787353516,30.963756561279297,-0.0010458240285515,5.329860210418701,7.339499473571777,5.024937629699707,0.0,9457.847536684636,75.40751633997048,183.9347438397736,626.849832260631,26.97676285407626,0.75,10.0,0.4,5.0,6.5,35.9,61.5,0.491,0.0,0.0,0.0,999999.0,312.2,377.8,310.0,653516
1,114.0,27.232187271118164,133.7269744873047,-0.0044447518885135,4.642513275146484,27.493242263793945,11.939176559448242,6.0,39179.6712457444,165.08158819011956,5081.047849868295,0.0,0.0795774715459476,0.75,10.0,0.0,0.0,60.3,171.2,174.6,0.487,0.0,2.0,3.9,287078.6235938662,355.0,368.0,277.0,653072
1,1472.0,47.57782745361328,251.02960205078125,0.0096738720312714,4.212908744812012,80.89227294921875,27.66315269470215,18.0,20228.66657957355,950.7481699796592,3006.1944982347345,0.0,0.0,0.75,10.0,0.0,0.0,7.9,36.9,360.9,0.483,0.0,1.0,4.5,282366.4157260915,323.2,378.0,298.6,653338
1,1418.0,15.54615879058838,324.4623107910156,-0.001568736275658,5.038832187652588,11.940632820129396,6.51920223236084,18.0,11598.088871964484,214.18454804859013,561.2939447192368,362.64658209040505,26.65845296789247,0.75,10.0,0.0,0.0,1.6,159.70000000000002,171.8,0.463,1.0,1.0,0.0,246109.30254610963,347.0,284.0,369.0,653516
1,605.0,32.90230178833008,91.43209075927734,-0.0018301920499652,4.375501155853272,33.26946258544922,16.02634620666504,6.0,10373.13325145484,8.360769742547406,63.74954064326406,681.8366177097555,0.0,0.75,10.0,0.4,1.1,18.700000000000003,137.8,228.7,0.494,0.0,0.0,0.0,999999.0,423.0,289.0,288.0,653172
1,1227.0,3.336585760116577,123.6900634765625,0.0020916480571031,6.351368427276611,1.9485265016555784,1.5811388492584229,0.0,22994.612225742523,830.1916754797385,375.9066683519846,320.4637552600837,0.0795774715459476,0.5,30.0,6.1,16.799999999999997,73.0,90.8,140.6,0.501,0.0,4.0,6.1,237322.67134418327,332.6,350.4,317.2,653172
1,1205.0,0.9263692498207092,90.0,0.0007843680214136,7.572137355804443,0.508084774017334,0.8660253882408142,0.0,20803.54357955388,1363.7378607250698,677.8792233637621,246.9348604302678,0.0,0.5,30.0,1.9,4.8,37.4,149.60000000000002,172.9,0.51,0.0,1.0,4.5,268079.11892010574,360.0,322.0,318.0,653172
1,1496.0,11.31031322479248,165.9637451171875,0.0041832961142063,5.2580389976501465,7.6847100257873535,5.267827033996582,18.0,6164.047658777835,179.61295931659126,1316.908465367279,331.8934173923974,0.0,0.75,10.0,0.3,0.8999999999999999,86.20000000000002,255.6,379.5,0.491,0.0,0.0,0.0,999999.0,350.0,295.0,355.0,653516
1,1472.0,47.57782745361328,251.02960205078125,0.0096738720312714,4.212908744812012,80.89227294921875,27.66315269470215,18.0,20228.66657957355,950.7481699796592,3006.1944982347345,0.0,0.0,0.75,10.0,1.0,1.9,96.3,255.2,461.7,0.494,0.0,0.0,0.0,999999.0,307.0,359.0,334.0,653338
1,1504.0,9.36370849609375,348.6900634765625,-0.002353104064241,5.411240577697754,6.088409900665283,4.358899116516113,18.0,12169.357301714155,0.9758633353490744,230.50392652832497,301.38194097692514,42.49436980553605,0.050000000745058,50.0,0.7,1.7,68.69999999999999,173.1,318.2,0.445,0.0,0.0,0.0,999999.0,344.0,352.4,303.8,653305
1,535.0,5.386162281036377,329.0362548828125,0.0049676639027893,5.914565086364746,3.292612314224243,3.391165018081665,0.0,20201.544159233672,1188.2811439041589,598.4176278736229,399.7690774661999,0.0,0.75,10.0,2.9,7.1,12.8,34.0,131.2,0.463,0.0,1.0,4.0,223851.6592420979,358.2,345.0,296.8,653516
1,447.0,7.020287990570068,113.1985855102539,-0.0052291201427578,5.675756931304932,4.423606872558594,4.366062164306641,6.0,3789.7192123679088,4941.514612709018,3898.722576273685,0.0,0.0,0.75,10.0,4.8,12.5,73.4,104.6,187.9,0.519,0.0,1.0,4.0,241238.0298400999,377.0,343.0,279.0,653516
1,317.0,12.40361213684082,252.89727783203125,-0.003921840339899,5.188774108886719,8.670143127441406,5.36918306350708,0.0,2672.4755176667486,58.50227131957886,31.589057848336736,285.0449397908643,14.00563499208679,0.050000000745058,10.0,4.8,12.5,73.4,104.6,187.9,0.495,0.0,1.0,4.0,233027.25325560087,341.6,372.6,285.8,653482
1,535.0,5.386162281036377,329.0362548828125,0.0049676639027893,5.914565086364746,3.292612314224243,3.391165018081665,0.0,20201.544159233672,1188.2811439041589,598.4176278736229,399.7690774661999,0.0,0.75,10.0,0.9,3.5,63.8,86.4,128.2,0.443,0.0,1.0,4.0,223851.6592420979,358.2,345.0,296.8,653516
1,78.0,9.451704978942873,240.9454040527344,-0.000261456152657,5.428440093994141,6.3131489753723145,4.556878089904785,0.0,10065.764206991593,115.60943246557191,479.0633974206233,520.2031284487199,0.1591549430918953,0.75,10.0,0.0,0.0,11.2,29.4,103.1,0.49,1.0,2.0,4.2,27169.26739300864,358.0,357.0,285.0,653482
1,1418.0,15.54615879058838,324.4623107910156,-0.001568736275658,5.038832187652588,11.940632820129396,6.51920223236084,18.0,11598.088871964484,214.18454804859013,561.2939447192368,362.64658209040505,26.65845296789247,0.75,10.0,0.0,0.0,11.2,76.3,92.3,0.405,0.0,1.0,4.0,255473.13966217765,320.8,343.0,336.4,653516
1,1273.0,24.19297790527344,329.7435607910156,0.0036603840999305,4.710596084594727,22.4285831451416,11.5,6.0,10564.034070980908,64.4483643761459,2873.600151009044,0.0,0.0,0.5,10.0,0.5,1.3,13.9,34.3,85.80000000000001,0.501,0.0,1.0,4.3,150479.64761232678,326.2,359.4,314.8,653249
1,236.0,21.24327278137207,253.072494506836,-0.0023531038314104,4.77178430557251,17.85196876525879,10.432821273803713,6.0,1627.0780025523236,224.285468966923,367.85185818290927,330.3131215596773,0.0,0.75,10.0,1.5,3.8,15.2,72.3,228.90000000000003,0.456,0.0,4.0,5.6,175607.45227044853,420.0,262.0,318.0,653172
1,69.0,1.309969782829285,225.0,0.0002614561235532,7.2413506507873535,0.7299740314483643,0.9941233396530152,6.0,33640.73228020148,169.8767746785945,422.3713143803244,390.54509291885233,0.3183098861837907,0.050000000745058,50.0,0.6,1.6,12.0,45.7,150.2,0.495,1.0,3.0,4.7,208486.00522745,369.0,349.0,282.4,653072
1,1841.0,10.247346878051758,153.43495178222656,0.0005229119560681,5.359101295471191,6.9460320472717285,3.4278273582458496,18.0,5131.57002778882,38.978681025872525,829.3178193027977,746.6290589419833,0.0,0.5,30.0,6.2,12.3,87.7,338.20000000000005,463.6,0.492,0.0,3.0,4.3,230825.11562823583,345.2,366.6,288.2,653338
1,447.0,7.020287990570068,113.1985855102539,-0.0052291201427578,5.675756931304932,4.423606872558594,4.366062164306641,6.0,3789.7192123679088,4941.514612709018,3898.722576273685,0.0,0.0,0.75,10.0,0.6,2.1,15.2,47.5,75.7,0.435,0.0,1.0,4.1,21348.487663417625,377.0,343.0,279.0,653516
1,338.0,11.62940502166748,135.0,0.0023531042970716,5.267757415771484,8.216209411621094,4.984350681304932,0.0,10988.072426812669,748.6481563804801,4077.9453500485647,0.0,0.0,0.75,10.0,0.1,0.7999999999999999,15.0,53.400000000000006,74.80000000000001,0.499,0.0,1.0,4.1,67141.18159510284,344.4,360.2,295.4,653072
1,341.0,4.713325023651123,281.3099365234375,0.0070593124255537,6.019644260406494,2.7968568801879883,2.616056203842163,0.0,30434.738015372302,28.704322442215563,10121.819042168418,0.0,0.0,0.75,10.0,2.6,10.6,23.6,64.6,100.8,0.44,0.0,1.0,4.1,44313.787236592914,359.4,351.6,289.0,653516
1,34.0,13.516231536865234,227.726318359375,-0.002353104064241,5.14935827255249,9.957008361816406,5.028313159942627,0.0,15173.915847843,0.2651214453475318,2254.562475079042,0.0,0.0795774715459476,0.75,50.0,0.0,0.3,3.3,63.10000000000001,106.4,0.401,0.0,1.0,4.1,12882.79695601824,393.0,339.0,268.0,653072
1,1472.0,47.57782745361328,251.02960205078125,0.0096738720312714,4.212908744812012,80.89227294921875,27.66315269470215,18.0,20228.66657957355,950.7481699796592,3006.1944982347345,0.0,0.0,0.75,10.0,0.6,1.7000000000000002,76.19999999999999,268.2,368.3,0.468,0.0,3.0,4.4,202698.3262586965,323.2,378.0,298.6,653338
1,1479.0,11.559338569641112,18.434947967529297,0.0020916478242725,5.248600959777832,7.960803985595703,4.527692794799805,0.0,10330.813249618892,2.917698077781865,265.9377954230479,358.8373640602365,15.915494309189532,0.75,10.0,0.6,1.7000000000000002,76.19999999999999,268.2,368.3,0.475,0.0,3.0,4.4,207948.49879874225,345.2,355.6,299.0,653305
1,61.0,2.0707030296325684,116.5650405883789,-0.0052291201427578,6.798747539520264,1.172268629074097,1.227234125137329,0.0,18748.949252541195,215.94094828722223,126.60709241296586,345.3090049644348,0.0,0.6000000238418579,10.0,0.0,0.3,2.9,80.3,156.2,0.482,0.0,1.0,4.1,67012.2150400218,369.8,349.6,280.6,653072
1,286.0,9.451704978942873,150.9453887939453,-1.1641532182693479e-10,5.428440093994141,6.3131489753723145,3.7437448501586914,6.0,25720.78096405138,33.471835170877924,1661.824130042463,0.0,0.0795774715459476,0.75,10.0,0.0,0.0,0.0,0.6,2.3,0.432,0.0,2.0,4.1,209889.60736930303,378.0,343.0,279.0,653516
1,661.0,20.40020751953125,-0.0,0.0109811518341302,4.736800193786621,15.776859283447266,10.319883346557615,18.0,14058.574704299335,487.4882001962283,4745.059126004519,0.0,0.238732414637843,0.75,10.0,0.0,0.0,1.4,1.4,5.6,0.453,0.0,2.0,4.1,211541.45587073223,315.6,377.2,307.2,653382
1,47.0,4.622196197509766,216.86990356445312,-0.0028760160785168,6.053886890411377,2.782968044281006,1.88564682006836,0.0,12246.517537327449,117.83408773803107,166.45097911014216,760.3560359398799,0.0795774715459476,0.6000000238418579,40.0,0.0,0.0,0.2,0.5,11.4,0.431,0.0,0.0,0.0,999999.0,385.0,352.0,262.8,653516
1,1472.0,47.57782745361328,251.02960205078125,0.0096738720312714,4.212908744812012,80.89227294921875,27.66315269470215,18.0,20228.66657957355,950.7481699796592,3006.1944982347345,0.0,0.0,0.75,10.0,2.9,12.6,59.8,111.2,150.5,0.504,0.0,1.0,4.3,272069.8460564653,323.2,378.0,298.6,653338
1,1385.0,2.0707030296325684,206.56504821777344,0.0047062081284821,6.798747539520264,1.172268629074097,2.0310096740722656,0.0,18539.16978755355,384.4672342508467,1381.6522176289104,183.7104209407453,0.1591549430918953,0.5,60.0,0.5,1.5,35.4,305.79999999999995,420.8,0.498,0.0,1.0,4.3,237449.39530914696,309.4,376.6,314.2,653249
1,1165.0,4.136011123657227,206.56504821777344,-0.0013072800356894,6.150826454162598,2.4530060291290283,1.9039433002471924,0.0,24392.82662595446,442.2566552675554,1970.894034989527,2.211204623682311,0.1591549430918953,0.5,30.0,0.3,1.1,29.1,198.5,294.9,0.496,0.0,1.0,4.3,216197.55138505137,365.0,347.0,288.0,653172
1,307.0,7.918813228607178,324.4623107910156,-0.0065363999456167,5.581403255462647,5.135739803314209,3.842606544494629,0.0,3083.785749857175,25.432937337967346,127.2093766186591,378.5469043769204,14.244367406724631,0.75,10.0,0.0,0.0,21.8,56.0,281.9,0.446,0.0,0.0,0.0,999999.0,349.8,358.0,292.2,653482
1,325.0,22.20048141479492,303.6900634765625,-0.0026145596057176,4.776196479797363,19.76121711730957,9.425281524658203,6.0,3121.546783405243,7.688956363806234,677.7787697086025,316.5633071531568,13.926057520540844,0.75,10.0,0.0,0.0,21.8,56.0,281.9,0.446,0.0,0.0,0.0,999999.0,341.6,372.6,285.8,653482
1,324.0,15.769145011901855,246.37063598632807,0.0020916478242725,5.012138843536377,11.979608535766602,6.25,0.0,25408.041538467,1308.802721187752,2426.883297336046,0.0,0.0,0.75,10.0,0.0,0.0,17.2,48.4,303.0,0.438,0.0,0.0,0.0,999999.0,341.6,372.6,285.8,653516
1,447.0,7.020287990570068,113.1985855102539,-0.0052291201427578,5.675756931304932,4.423606872558594,4.366062164306641,6.0,3789.7192123679088,4941.514612709018,3898.722576273685,0.0,0.0,0.75,10.0,0.0,0.1,11.5,71.1,291.5,0.462,0.0,0.0,0.0,999999.0,383.8,327.0,288.8,653516
1,1433.0,23.176389694213867,259.1144714355469,0.0002614558325149,4.68614673614502,19.87395095825196,10.440306663513184,18.0,11760.05116590856,102.57675688394846,542.5072122226052,358.8156939286246,15.597184423005745,0.75,10.0,0.0,0.0,3.9,43.3,248.6,0.482,0.0,0.0,0.0,999999.0,310.0,346.4,343.8,653516
1,315.0,11.165250778198242,325.00799560546875,0.0088895037770271,5.296978950500488,7.780966758728027,5.736396789550781,0.0,3589.8283607535463,87.55465590541559,632.3016094014442,493.5600436485456,14.72183223600032,0.75,10.0,1.2,3.6000000000000005,51.0,92.4,138.0,0.499,0.0,1.0,4.4,231422.60546666567,341.6,372.6,285.8,653482
1,273.0,4.622196197509766,-0.0,-0.000784368137829,6.024405479431152,2.702120065689087,2.616056203842163,0.0,3701.456273589593,12.542055092285713,1877.4810214015763,11.939290092645738,0.0,0.75,10.0,4.8,12.9,71.7,192.9,329.40000000000003,0.469,1.0,3.0,4.5,187982.31204283543,380.0,313.0,307.0,653682
1,133.0,9.8790922164917,158.19857788085938,0.0065363999456167,5.383364677429199,6.604228496551514,4.331930637359619,6.0,679.85136730776,32.18552688089275,529.5973785157173,838.0506230273659,0.477464829275686,0.75,10.0,1.2,4.0,52.3,144.89999999999998,205.2,0.503,0.0,1.0,4.4,247005.73037130103,371.4,346.6,281.8,652815
1,160.0,9.8790922164917,111.80140686035156,0.0005229120724834,5.383364677429199,6.604228496551514,4.216550350189209,6.0,3376.2558515215483,157.70981589034824,634.3433127894046,394.3731765455773,0.0,0.75,10.0,3.3,10.2,48.6,153.1,244.0,0.469,1.0,3.0,4.5,191351.11545371244,390.0,326.0,283.6,653172
1,802.0,8.47900104522705,192.52880859375,0.0060134874656796,5.498475551605225,5.429692268371582,4.4721360206604,0.0,10728.159044200092,46.97607992859656,3029.9571580597385,0.0,0.0,0.75,30.0,0.0,0.5,8.0,25.1,456.6,0.462,1.0,3.0,4.2,110205.01776275811,347.4,342.0,310.8,653172
1,75.0,11.62940502166748,135.0,-0.0015687360428273,5.267757415771484,8.216209411621094,4.78681230545044,6.0,33386.85588045973,34.93770175701294,303.6168412333902,411.9131562882337,0.3183098861837907,0.050000000745058,50.0,3.3,10.2,48.6,153.1,244.0,0.46,1.0,3.0,4.5,199726.2904203157,385.6,337.2,277.2,653072
1,289.0,11.018078804016112,138.366455078125,-0.0002614561235532,5.310585021972656,7.675814151763916,5.207416534423828,6.0,25748.50115932316,66.88477634584504,1626.279688470759,0.0,0.0795774715459476,0.75,10.0,0.0,0.2,3.4,95.7,465.4,0.504,0.0,2.0,4.2,178716.0852473278,369.0,337.0,294.0,653516
1,1472.0,47.57782745361328,251.02960205078125,0.0096738720312714,4.212908744812012,80.89227294921875,27.66315269470215,18.0,20228.66657957355,950.7481699796592,3006.1944982347345,0.0,0.0,0.75,10.0,6.5,13.3,26.200000000000003,106.4,184.0,0.491,0.0,0.0,0.0,999999.0,323.2,378.0,298.6,653338
1,1448.0,6.522665023803711,261.8699035644531,-0.0018301919335499,5.721734046936035,3.9928789138793945,3.041381359100342,0.0,11917.892930680791,70.4703973523726,392.24016669109466,486.23527896210845,53.63521582196873,0.050000000745058,50.0,0.2,0.6000000000000001,46.6,203.5,299.29999999999995,0.5,1.0,4.0,4.2,144899.22593623755,318.2,363.4,318.4,653305
1,145.0,16.0606632232666,218.15724182128903,0.0028760160785168,5.016142845153809,12.50089168548584,8.586417198181152,6.0,1700.0047337438946,1559.980438955776,600.9546968308499,315.6226634111758,0.0,0.75,10.0,0.5,1.0,38.5,152.5,220.5,0.504,2.0,5.0,4.7,123700.13012968063,386.0,319.0,295.0,653682
1,188.0,34.458248138427734,325.5610046386719,0.0073207672685384,4.477930545806885,41.462249755859375,15.712629318237305,6.0,38375.68353672381,34.415599434401074,4382.724144207379,0.0,0.0795774715459476,0.75,10.0,2.8,9.2,53.5,105.5,223.1,0.466,0.0,0.0,0.0,999999.0,353.0,359.0,288.0,653072
1,1614.0,2.927142381668091,341.5650634765625,0.0010458240285515,6.467477321624756,1.6834042072296145,1.5,0.0,23077.38060806981,38.59349447178475,539.8518386219422,484.2219924411041,0.0,0.6000000238418579,40.0,0.0,0.0,0.0,0.1,2.0,0.285,1.0,3.0,4.5,16537.37571897494,351.0,332.0,317.0,653338
1,1647.0,18.43554306030273,337.1663513183594,-0.0039218398742377,4.892317771911621,14.807920455932615,9.05538558959961,6.0,22850.333269846964,92.64495943858608,1517.3061001316498,279.8375053361727,0.0,0.75,10.0,0.0,0.0,0.0,0.1,2.0,0.285,1.0,3.0,4.5,17503.232534856033,358.0,338.0,304.0,653338
1,585.0,7.427391529083252,330.255126953125,0.0013072803849354,5.632607936859131,4.748127937316895,3.90512490272522,0.0,17702.266944686875,88.83591015272661,6311.225984875151,0.0,0.6366197723675814,0.75,10.0,0.9,3.1,12.4,22.3,67.2,0.517,1.0,1.0,4.4,260028.80297443224,356.8,355.6,287.8,653516
1,64.0,37.15864181518555,303.6900634765625,-0.0115040652453899,4.4270124435424805,48.06797790527344,18.710935592651367,6.0,1563.1244954298877,500.6931345572153,62.31331522924985,599.2697320413613,0.3183098861837907,0.75,10.0,0.3,1.2,53.6,148.60000000000002,379.6,0.509,0.0,0.0,0.0,999999.0,436.0,277.0,287.0,653638
1,1882.0,2.927142381668091,198.43495178222656,0.0018301920499652,6.467477321624756,1.6834042072296145,1.5811388492584229,18.0,15830.845994764191,58.814730738504814,1776.1163202775042,49.86848932205577,0.0795774715459476,0.75,30.0,0.8,1.0,77.9,196.7,427.1,0.509,0.0,1.0,4.4,297414.2951897775,356.0,322.0,322.0,653283
1,1472.0,47.57782745361328,251.02960205078125,0.0096738720312714,4.212908744812012,80.89227294921875,27.66315269470215,18.0,20228.66657957355,950.7481699796592,3006.1944982347345,0.0,0.0,0.75,10.0,0.2,0.2,35.099999999999994,104.20000000000002,266.2,0.508,0.0,1.0,4.4,292529.31974367547,323.2,378.0,298.6,653338
1,986.0,12.272893905639648,131.98721313476562,0.0086280480027198,5.224753379821777,8.793439865112305,6.442049503326416,6.0,6050.482766115,30.909744337937127,989.4930108455396,282.1674461326887,3.9788735772973833,0.75,10.0,0.0,0.1,41.4,97.2,246.5,0.496,0.0,1.0,4.4,281267.22997026826,321.4,381.4,296.6,653305
1,612.0,12.006650924682615,278.74615478515625,0.007320768199861,5.196612358093262,8.171557426452637,5.080600261688232,18.0,10700.614010866166,154.30869126607524,4355.41530568155,0.0,0.0,0.75,10.0,0.9,1.7999999999999998,9.1,19.2,194.7,0.514,0.0,1.0,4.6,267861.21081601206,368.0,330.0,302.0,653382
1,622.0,16.73981475830078,126.25382995605467,0.0101967845112085,4.983823299407959,13.21057415008545,7.701460838317871,18.0,10918.115988768164,152.84207784061624,4237.336035469558,0.0,0.0,0.75,10.0,0.1,0.4,4.699999999999999,73.0,288.0,0.494,0.0,1.0,4.6,267465.3244615468,363.0,349.6,287.2,653382
1,159.0,12.692188262939451,158.9624786376953,-0.0007843680796213,5.177626132965088,8.991142272949219,5.77338981628418,6.0,3271.056179658321,699.9124795507854,954.8722701359025,281.21908518411465,14.164789935178684,0.75,10.0,0.0,0.0,0.9,1.7000000000000002,16.2,0.459,1.0,2.0,4.6,200634.774944778,431.0,294.0,275.0,652815
1,1543.0,4.713325023651123,348.6900634765625,-0.0007843679049983,6.019644260406494,2.7968568801879883,1.8708287477493288,18.0,14344.298310318873,39.581240406399935,526.8751717493905,600.661795900187,21.008452488130185,0.6000000238418579,40.0,0.5,1.2,8.2,43.900000000000006,142.5,0.511,0.0,0.0,0.0,999999.0,331.6,388.0,280.6,653338
1,1629.0,18.10825729370117,188.53077697753903,0.0018301922827959,4.865437030792236,13.872488975524902,8.015609741210938,6.0,20557.07217194556,58.58357644664424,747.8917450301625,389.1078463751208,0.0,0.5,30.0,0.5,1.2,8.2,43.900000000000006,142.5,0.511,0.0,0.0,0.0,999999.0,359.2,362.4,278.2,653338
1,1249.0,2.927142381668091,18.434947967529297,-0.002353104064241,6.467477321624756,1.6834042072296145,1.9039433002471924,0.0,14326.861377889869,34.08649939582644,1692.1993089667576,159.91062131236188,0.0795774715459476,0.6000000238418579,30.0,0.3,0.7,6.9,33.3,126.0,0.507,0.0,0.0,0.0,999999.0,367.0,329.0,305.0,653338
1,518.0,25.67623710632324,42.27368927001953,-0.0020916478242725,4.682140350341797,24.96196174621582,12.676257133483888,0.0,14910.95728265105,13.735413851633794,3507.607756403036,0.0,12.493663032713783,0.75,10.0,0.2,1.2,16.7,33.3,78.7,0.426,0.0,3.0,3.9,171062.86464266185,378.0,366.0,255.0,655069
1,1241.0,7.865800857543945,159.44393920898438,0.0057520321570336,5.57457160949707,5.031844615936279,3.824264526367188,0.0,37159.8247986739,40.72383522107661,2971.344313336348,0.0,4.7746482927568605,0.75,10.0,0.0,0.0,0.0,0.1,0.1,0.255,0.0,1.0,6.21,193299.19976118344,258.0,402.0,340.0,655069
1,1143.0,20.74998664855957,140.1944122314453,0.0041832961142063,4.8296637535095215,17.96666145324707,9.572094917297363,16.0,6060.561540156765,245.83931977409068,1451.2963003728723,80.09356055901615,46.71197579747128,0.75,10.0,0.0,0.0,8.7,31.8,43.4,0.419,3.0,7.0,4.6,124808.25883129708,320.0,376.0,304.0,655069
1,410.0,21.024112701416016,112.24901580810548,-0.00836659129709,4.79398775100708,17.842243194580078,9.797959327697754,16.0,13039.827953779826,2081.570649106341,4106.803212472152,0.0,0.3978873577297384,0.75,10.0,0.0,0.0,0.0,0.1,0.1,0.186,0.0,1.0,6.21,40317.57352366168,312.4,369.8,317.8,655069
1,804.0,14.74699878692627,259.3803405761719,-0.0099353287369012,5.03413724899292,10.640019416809082,6.633249759674072,16.0,13240.68456650898,7.327954246344798,2260.7004817304714,0.0,237.22044267847,0.050000000745058,30.0,1.3,2.6,25.9,45.0,114.3,0.43,1.0,5.0,4.8,112542.87913555144,339.4,353.2,307.6,655069
1,447.0,18.128936767578125,110.224853515625,-0.0081051364541053,4.898963928222656,14.380550384521484,8.950384140014648,16.0,5670.959192566574,48.18280639384126,650.9293398471784,423.2010720895052,174.2746626856254,0.75,10.0,0.0,0.0,0.8,4.300000000000001,43.1,0.394,3.0,4.0,4.8,68407.79698981733,362.0,346.0,292.0,655069
1,826.0,11.871017456054688,67.38013458251953,-0.0047062076628208,5.234002590179443,8.28674030303955,4.451123237609863,6.0,8159.411050883905,12.977677731065244,4792.501782636513,0.0,0.0795774715459476,0.75,10.0,0.0,0.0,0.8,4.300000000000001,43.1,0.39,3.0,4.0,4.8,77926.82250034358,330.4,355.4,314.4,655147
1,988.0,22.4036865234375,41.82016754150391,0.0125498874112963,4.776367664337158,20.16796875,10.392304420471191,0.0,5742.354508781529,8.671049510143913,1221.6256095154663,139.62977441678612,1629.5874623179163,0.050000000745058,30.0,0.0,0.0,19.7,87.19999999999999,94.6,0.42,0.0,0.0,0.0,999999.0,344.2,362.8,292.4,655069
1,852.0,19.06855773925781,169.21568298339844,-0.0070593124255537,4.833251953125,15.009611129760742,9.113862991333008,0.0,5495.090587603985,24.30288895296209,1595.9028722897328,103.6582452040229,1610.648024089981,0.75,10.0,0.0,0.0,18.6,64.5,107.7,0.418,0.0,0.0,0.0,999999.0,315.4,375.0,309.2,655069
1,1024.0,33.57389450073242,267.2073059082031,-0.0125498883426189,4.369192600250244,34.79482650756836,15.71225643157959,16.0,6478.253024211164,12.596414169855494,985.0781881137984,146.8221984911901,1592.186050691321,0.050000000745058,50.0,0.0,0.3,17.9,61.900000000000006,118.5,0.422,0.0,2.0,4.6,189672.4792783864,339.2,367.2,293.4,655069
1,421.0,25.98957633972168,84.28939819335938,-0.0054905759170651,4.577540397644043,23.11868667602539,12.664542198181152,16.0,21173.449690102683,2372.4373937373425,2643.081453931366,0.0,0.1591549430918953,0.75,10.0,0.9,2.6,10.3,44.1,69.1,0.43,2.0,4.0,4.6,189793.55983232608,263.0,421.0,316.0,655069
1,950.0,28.12788391113281,86.5317611694336,-0.0013072805013507,4.506240367889404,25.88534927368164,12.747549057006836,0.0,6925.467706098182,8.280405780465125,609.7662385661346,146.8221984911901,1491.759281600335,0.050000000745058,50.0,0.0,0.0,12.9,23.6,51.2,0.415,1.0,2.0,5.1,231827.18692680268,380.2,337.6,282.6,655069
1,931.0,13.864537239074709,301.6075134277344,-0.0062749437056481,5.122920513153076,10.223761558532717,6.661456108093262,0.0,6512.658995383536,15.49663801715021,1522.0621466416671,146.8221984911901,1442.8191365995772,0.050000000745058,50.0,0.0,0.0,12.9,23.6,51.2,0.415,1.0,2.0,5.1,232338.98547191,380.4,334.6,285.0,655069
1,986.0,21.62350273132324,281.768310546875,-0.0007843680796213,4.741326332092285,18.0054874420166,10.040542602539062,0.0,6452.468854904242,35.16520877821058,303.8522845513078,146.8221984911901,1736.7783164903078,0.75,10.0,0.0,0.0,12.9,23.6,51.2,0.415,1.0,2.0,5.1,232214.70041667213,350.0,360.2,289.4,655069
1,969.0,21.35999298095703,60.25511169433594,-0.0036603840999305,4.79790735244751,18.54637718200684,9.48683261871338,0.0,3471.2495611843,9.064196439145938,4450.387267939824,0.0,683.9683679374202,0.050000000745058,50.0,0.0,0.0,12.9,23.6,51.2,0.415,1.0,2.0,5.1,235526.6949713505,263.0,454.0,282.0,655169
1,733.0,22.81748580932617,92.2025909423828,-0.0052291206084191,4.659526348114014,18.6893367767334,10.194973945617676,16.0,19630.42333804257,159.47256290374432,2869.081886490426,0.0,25.30563595161136,0.75,10.0,0.2,0.6000000000000001,19.9,44.7,75.9,0.426,1.0,1.0,5.1,255231.29913025984,355.8,349.0,295.4,655069
1,410.0,21.024112701416016,112.24901580810548,-0.00836659129709,4.79398775100708,17.842243194580078,9.797959327697754,16.0,13039.827953779826,2081.570649106341,4106.803212472152,0.0,0.3978873577297384,0.75,10.0,0.0,0.0,10.9,29.200000000000003,63.50000000000001,0.417,1.0,2.0,5.1,253178.53242848133,312.4,369.8,317.8,655069
1,808.0,13.63347625732422,233.13009643554688,0.0031374720856547,5.140389442443848,10.046712875366213,6.244997978210449,16.0,11650.859627147916,202.9690381097368,3090.5133040382125,0.0,16.154226723827378,0.75,10.0,0.0,0.0,14.8,34.2,73.6,0.416,1.0,2.0,5.1,254079.81370774,339.4,353.2,307.6,655069
1,1334.0,35.3463249206543,133.1523895263672,0.0005229122471064,4.469420433044434,43.9185905456543,17.439180374145508,6.0,5108.323412110485,126.75081319131829,240.8888403629752,227.8270459028103,8.594366926962348,0.75,10.0,0.0,0.0,12.6,47.8,73.9,0.414,2.0,4.0,5.6,69803.24557443002,324.0,362.0,313.8,655069
1,795.0,29.5070858001709,36.869895935058594,-0.0010458239121362,4.584254741668701,31.36543655395508,13.73863124847412,16.0,8737.110691424217,11.481247412436453,2939.9099980299206,0.0,294.67537713464424,0.75,10.0,1.5,2.6,12.6,44.4,75.1,0.43,1.0,2.0,5.1,230324.98635903647,280.0,418.0,302.0,655069
1,679.0,25.17503547668457,130.81507873535156,0.0054905759170651,4.695024490356445,24.17010307312012,11.046775817871094,16.0,12067.881359444636,740.0771177929724,4541.287953931278,0.0,5.411268065124442,0.75,10.0,0.0,0.0,18.4,38.5,59.900000000000006,0.418,1.0,2.0,5.1,269465.8425326854,240.0,428.0,332.0,655069
1,328.0,26.076244354248047,97.59464263916016,-0.0010458236793056,4.584193229675293,23.452224731445312,12.272937774658203,0.0,9036.340564949554,809.6933701838742,1709.2697272889718,71.85876254277771,0.0,0.75,10.0,0.2,0.6000000000000001,32.8,48.3,79.80000000000001,0.421,0.0,3.0,4.8,130244.59854950222,341.6,372.6,285.8,655069
1,821.0,19.87812805175781,100.30484008789062,0.0031374720856547,4.79973840713501,15.880661964416504,9.96556568145752,6.0,10844.245370422988,299.7205802063968,3713.8697246754937,0.0,0.1591549430918953,0.75,10.0,0.0,0.7,22.1,42.5,81.9,0.422,0.0,3.0,4.8,104405.90656793916,330.4,355.4,314.4,655147
1,78.0,9.1850004196167,306.8699035644531,-0.0005229119560681,5.457574367523193,6.131872653961182,4.268685817718506,0.0,6975.646804715913,0.8630904504930998,41.68884166552303,388.56885608408624,0.1591549430918953,0.75,10.0,0.0,0.0,0.0,0.0,32.2,0.361,0.0,4.0,4.6,187074.63103569124,367.4,362.4,270.2,655069
1,674.0,5.386162281036377,149.03623962402344,-0.0049676643684506,5.914565086364746,3.292612314224243,2.861380815505981,6.0,12219.61064020711,10.163354889269472,3600.925183200492,0.0,0.1591549430918953,0.050000000745058,50.0,6.4,14.3,66.5,98.0,120.6,0.43,0.0,3.0,4.6,203112.1815955416,333.6,359.2,307.2,655136
1,410.0,21.024112701416016,112.24901580810548,-0.00836659129709,4.79398775100708,17.842243194580078,9.797959327697754,16.0,13039.827953779826,2081.570649106341,4106.803212472152,0.0,0.3978873577297384,0.75,10.0,0.0,0.0,9.000000000000002,29.2,85.1,0.397,0.0,3.0,4.6,157014.3046726641,312.4,369.8,317.8,655069
1,1081.0,7.865800857543945,249.4439697265625,0.006536400411278,5.57457160949707,5.031844615936279,4.227883815765381,0.0,6173.093515482564,20.03773413998511,447.7970035429652,146.8221984911901,1752.2163459702217,0.050000000745058,50.0,0.0,0.0,14.3,91.2,132.9,0.418,1.0,4.0,4.3,178317.90224100393,359.6,349.8,290.8,655069
1,852.0,19.06855773925781,169.21568298339844,-0.0070593124255537,4.833251953125,15.009611129760742,9.113862991333008,0.0,5495.090587603985,24.30288895296209,1595.9028722897328,103.6582452040229,1610.648024089981,0.75,10.0,0.0,0.0,6.4,19.2,72.3,0.387,1.0,4.0,4.6,166462.8870837587,315.4,375.0,309.2,655069
1,846.0,23.250146865844727,199.7988739013672,0.0070593114942312,4.714394092559815,20.58915901184082,11.747340202331545,0.0,2957.9207891266487,18.981114097962195,3695.343360203459,0.0,538.8190598376117,0.050000000745058,50.0,0.0,0.0,14.3,91.2,132.9,0.418,1.0,4.0,4.3,175771.19173815055,315.4,375.0,309.2,655169
1,410.0,21.024112701416016,112.24901580810548,-0.00836659129709,4.79398775100708,17.842243194580078,9.797959327697754,16.0,13039.827953779826,2081.570649106341,4106.803212472152,0.0,0.3978873577297384,0.75,10.0,0.0,0.0,8.1,15.8,23.1,0.35,0.0,1.0,4.5,165707.43267190226,228.0,437.0,335.0,655069
1,900.0,20.836181640625,77.73522186279297,0.0115040643140673,4.770972728729248,17.09682273864746,8.631338119506836,0.0,4123.188384641512,92.4217729543834,3004.9747710187976,0.0,528.6331434797304,0.75,10.0,0.0,0.0,9.1,16.5,54.7,0.411,2.0,4.0,4.5,149639.81181122866,393.6,334.4,272.0,655169
1,1380.0,9.048489570617676,203.9624938964844,0.0159488152712583,5.459531307220459,5.959567546844482,5.4772257804870605,16.0,793.7199649555187,27.34965900696405,3297.321979985482,0.0,22.520424447503192,0.5,30.0,0.0,0.8,17.4,34.5,89.1,0.428,0.0,1.0,4.5,218913.0338271344,310.0,354.0,336.0,655069
1,1089.0,25.939844131469727,254.57785034179688,0.0010458242613822,4.6210551261901855,24.04063034057617,13.043197631835938,16.0,3561.4173737343094,19.40246209134922,2514.8497636919487,0.0,44.881693951914485,0.75,10.0,0.0,0.0,3.8,21.9,47.3,0.41,0.0,1.0,4.5,257207.6778890748,363.6,357.4,279.2,655069
1,811.0,5.617307186126709,99.46231842041016,-0.0002614559489302,5.857865810394287,3.385626792907715,2.8284270763397217,6.0,10533.674768217405,4.133058988375064,4102.981594229918,0.0,0.238732414637843,0.050000000745058,50.0,0.0,0.0,6.200000000000001,24.1,49.2,0.412,0.0,1.0,4.5,251426.4077478145,347.4,342.0,310.8,655147
1,871.0,24.68475914001465,129.28939819335938,0.0033989280927926,4.707640647888184,23.405197143554688,11.583932876586914,0.0,5173.884054094177,18.454719228123373,1421.020190215272,86.59908630023962,1528.842383340747,0.050000000745058,10.0,0.0,0.0,7.699999999999999,21.9,69.4,0.415,0.0,1.0,4.5,270051.9337621746,336.2,370.4,293.4,655069
1,624.0,26.18699836730957,313.66778564453125,0.0041832961142063,4.669055938720703,25.78015899658203,13.61180591583252,0.0,2572.8770326833924,7.588168756894272,805.2745561863511,371.9800188962647,2.148591731740587,0.5,30.0,0.0,0.0,10.7,35.9,72.4,0.416,0.0,1.0,4.5,229896.10134608703,387.6,319.8,292.6,655069
1,876.0,29.060022354125977,81.63410949707031,0.0107196951285004,4.507996082305908,28.01858711242676,15.902044296264648,0.0,3616.611258146437,900.0154815750476,2548.811144833596,0.0,18.30281845556797,0.75,10.0,0.0,0.0,1.3,16.5,45.2,0.4,0.0,1.0,4.5,262567.65799983847,286.0,392.0,322.0,655069
1,1032.0,14.532262802124023,86.42366027832031,0.002353104064241,5.024413585662842,10.218966484069824,7.373940467834473,0.0,6032.818138656478,16.5792310344868,750.5912163975095,146.8221984911901,1730.8100061243615,0.050000000745058,50.0,0.7,1.8,12.8,34.5,57.7,0.43,0.0,4.0,4.5,249949.70289100177,321.8,365.4,312.6,655069
1,1044.0,18.10825729370117,8.53076457977295,-0.0060134883970022,4.865437030792236,13.872488975524902,7.881941318511963,0.0,6025.476851721756,6.858463458957404,1017.9497779457844,146.8221984911901,1661.975493237117,0.050000000745058,50.0,0.7,1.8,12.8,34.5,57.7,0.43,0.0,4.0,4.5,250050.51696497257,359.8,340.8,299.4,655069
1,852.0,19.06855773925781,169.21568298339844,-0.0070593124255537,4.833251953125,15.009611129760742,9.113862991333008,0.0,5495.090587603985,24.30288895296209,1595.9028722897328,103.6582452040229,1610.648024089981,0.75,10.0,2.7,5.9,55.8,91.9,119.4,0.43,1.0,6.0,4.8,170804.46880033484,315.4,375.0,309.2,655069
1,1741.0,16.898738861083984,154.79885864257812,-0.0062749441713094,4.96235990524292,13.191637992858888,6.204836845397949,18.0,37597.39096203494,372.8713583411434,2246.191870707881,0.0,28.966199642724952,0.75,10.0,0.3,0.4,1.7000000000000002,18.8,41.900000000000006,0.416,1.0,6.0,4.9,134044.03944491298,288.0,378.0,334.0,655069
1,1569.0,9.752992630004885,221.18592834472656,-0.0026145600713789,5.40956449508667,6.604212284088135,5.0,18.0,38412.64762283716,17.649216965272547,2002.1079199129103,0.0,33.90000287857371,0.5,30.0,0.4,0.8,4.7,30.3,59.900000000000006,0.414,1.0,6.0,4.9,132402.08466429068,344.0,364.6,291.4,655069
1,1072.0,18.252370834350582,281.3099365234375,0.0067978566512465,4.868669509887695,14.155596733093262,8.131728172302246,0.0,6144.226757589281,2.380551294310534,464.4126137854209,146.8221984911901,1724.2846534575942,0.75,10.0,0.0,0.0,7.800000000000001,42.6,77.1,0.418,0.0,1.0,5.0,209609.0308813101,359.6,349.8,290.8,655069
1,583.0,23.81398582458496,8.426969528198242,0.0007843679049983,4.655708312988281,20.488178253173828,12.026013374328612,16.0,6293.882869970342,1195.5291864508802,1209.6909221125238,305.3258467425598,2.307746674832482,0.75,10.0,0.0,0.0,11.3,42.5,83.7,0.418,0.0,1.0,5.0,220655.8614154948,237.0,466.0,297.0,655069
1,655.0,37.457122802734375,45.85509490966797,-0.0151644498109817,4.431850433349609,49.35636520385742,18.51604080200196,16.0,10392.003135566389,23.4970937337051,4783.6035815476935,0.0,0.0,0.75,10.0,0.0,0.1,0.7000000000000001,62.4,130.8,0.387,1.0,1.0,4.5,163608.55666785766,329.0,379.0,292.0,655147
1,1103.0,35.680118560791016,305.837646484375,0.0248383209109306,4.457099437713623,44.46305847167969,16.248077392578125,16.0,6420.984247312731,66.04852778786974,1303.9370237214732,146.8221984911901,1537.436750267709,0.050000000745058,50.0,0.0,0.0,8.3,86.0,136.9,0.405,1.0,2.0,4.3,142096.1929369438,345.2,378.8,276.2,655069
1,171.0,32.125274658203125,214.508529663086,0.0065363999456167,4.524453639984131,36.37015914916992,15.078375816345217,0.0,231.3510641559789,141.08826516068822,519.3348599379046,420.9288878126442,108.70282613176452,0.75,10.0,0.6,2.1,11.2,52.49999999999999,112.2,0.426,0.0,1.0,4.1,275594.05829773244,386.0,345.2,268.6,655280
1,852.0,19.06855773925781,169.21568298339844,-0.0070593124255537,4.833251953125,15.009611129760742,9.113862991333008,0.0,5495.090587603985,24.30288895296209,1595.9028722897328,103.6582452040229,1610.648024089981,0.75,10.0,1.2,2.7,13.2,53.400000000000006,132.7,0.429,2.0,3.0,4.6,252122.82969855607,315.4,375.0,309.2,655069
1,886.0,21.376596450805664,231.70985412597656,-0.0002614562399685,4.807541847229004,18.757936477661133,10.532687187194824,0.0,2828.6873288456536,3.9357809559810266,3732.525392652436,0.0,506.5106063899569,0.5,30.0,1.2,2.7,13.2,53.400000000000006,132.7,0.429,2.0,3.0,4.6,249433.9361602636,336.2,370.4,293.4,655169
1,822.0,7.594903469085693,255.96376037597656,0.0010458237957209,5.596224784851074,4.789796352386475,3.4910600185394287,16.0,5868.613536767606,252.28411650469567,2443.481724833952,0.0,2.864788975654116,0.5,30.0,1.2,3.3,23.2,53.6,128.1,0.43,2.0,3.0,4.6,237014.2807099634,338.4,344.2,317.6,655069
1,930.0,29.111438751220703,244.17901611328125,0.0020916478242725,4.572994232177734,30.02682876586914,13.21693992614746,0.0,8120.985875402296,111.01017613149914,270.6232766461357,524.5075136224106,117.13803811563496,0.75,30.0,10.1,24.6,169.0,237.1,294.1,0.43,0.0,2.0,4.1,231352.0667203297,303.0,394.0,303.0,655069
1,379.0,4.622196197509766,36.869895935058594,-0.0057520326226949,6.053886890411377,2.782968044281006,3.972562074661255,0.0,5986.607409136196,356.17401823063057,2714.7299200457296,0.0,4.933803235848756,0.75,10.0,0.1,2.4,5.0,24.7,219.8,0.421,0.0,3.0,4.6,217220.15301972663,375.0,311.0,314.0,655069
1,514.0,25.53643226623535,156.03750610351562,0.0054905759170651,4.659086227416992,24.089534759521484,12.02861213684082,0.0,917.2450687261564,80.71659749007964,177.86755795483296,403.6825215603176,1.432394487827058,0.75,10.0,0.0,0.0,29.3,346.0,486.0,0.417,0.0,1.0,4.1,247180.3860928797,359.6,367.2,273.2,655069
1,577.0,20.042110443115234,102.80426025390624,0.010719696059823,4.802138328552246,16.205350875854492,8.147085189819336,16.0,11444.053733801426,296.6351735828144,1179.2934981949054,333.3881264884178,83.87465500942885,0.75,10.0,0.0,0.0,12.8,27.8,61.2,0.414,1.0,6.0,4.6,159559.55376208414,356.0,367.0,277.0,655069
1,412.0,10.4458589553833,142.12501525878906,0.0018301920499652,5.352420330047607,7.175771713256836,3.901121616363525,0.0,15551.987058100882,189.1259973433572,1522.9608618436769,140.62062667831054,1.3528170162811104,0.75,10.0,0.1,1.5000000000000002,15.7,58.900000000000006,101.5,0.418,0.0,2.0,4.5,202656.0968539338,291.0,403.0,306.0,655069
1,866.0,31.390491485595703,57.99461364746094,-0.003660385031253,4.535695552825928,34.73250961303711,14.243419647216797,0.0,2349.9046370367773,77.02147551803618,3206.59002769462,0.0,460.19651795021537,0.75,10.0,0.0,0.0,3.1,11.8,30.3,0.379,0.0,2.0,5.1,124188.90127163648,271.0,430.0,299.0,655169
1,1029.0,9.048489570617676,66.03750610351562,0.0018301921663805,5.459531307220459,5.959567546844482,4.286607265472412,16.0,6967.100569229355,56.68171995525386,1880.0617706757653,12.911667298640849,337.0901694686343,0.75,10.0,0.5,1.4,28.1,48.9,122.5,0.428,2.0,5.0,5.1,114522.96506412192,321.8,365.4,312.6,655069
1,960.0,24.81874084472656,233.53077697753903,0.0033989283256232,4.70149040222168,23.54958724975586,11.44825267791748,0.0,3785.4298619716265,2.148517095021248,3358.717183062141,0.0,1112.5726296838943,0.050000000745058,50.0,0.0,0.0,5.4,43.1,96.6,0.373,0.0,6.0,4.5,205689.9815988064,351.2,367.4,281.4,655069
1,541.0,14.09121799468994,104.93141174316406,0.0033989280927926,5.081603527069092,10.146775245666504,6.743052005767822,6.0,25243.2354327849,2502.197459515172,1491.893911873664,308.2886816169556,0.0,0.75,10.0,0.0,0.0,6.199999999999999,19.2,87.5,0.494,0.0,2.0,3.9,192533.0463583824,366.0,346.0,288.0,655213
1,466.0,20.836181640625,347.7352294921875,-0.0115040643140673,4.770972728729248,17.09682273864746,9.63554573059082,18.0,13048.415380337654,1671.4288764328985,154.6531445997419,555.7958964056251,0.0,0.75,10.0,0.6,4.5,18.8,121.8,156.20000000000002,0.459,0.0,3.0,4.6,183224.60371467585,296.0,333.0,371.0,652838
1,1135.0,22.05823516845703,118.6104507446289,0.0020916480571031,4.7729315757751465,19.41851806640625,11.08489990234375,18.0,20423.47344329148,993.1187032554164,488.6060239952511,366.0266103201513,0.0,0.75,10.0,0.6,4.5,18.8,121.8,156.20000000000002,0.438,0.0,3.0,4.6,175230.1864086845,313.0,359.0,328.0,655213
1,1456.0,13.63347625732422,126.8698959350586,-0.0,5.140389442443848,10.046712875366213,6.7082037925720215,18.0,22503.783892739964,438.010162068134,373.40674618897526,352.87772275754924,0.0,0.75,10.0,0.0,0.0,19.0,57.7,111.8,0.478,0.0,5.0,4.5,180669.94678886217,289.0,373.0,338.0,653948
1,1040.0,15.445809364318848,69.4439468383789,-0.0015687360428273,5.022061347961426,11.583373069763184,7.49166202545166,18.0,23908.58787255558,160.5108004490145,410.9580701094531,1169.8288293082353,1.0345071300973196,0.75,10.0,0.5,2.7,36.9,81.1,115.0,0.428,1.0,5.0,5.2,198599.6624186919,345.2,351.8,303.0,655213
1,489.0,15.370030403137209,28.072484970092773,0.0023531042970716,5.039081573486328,11.661158561706545,7.195919036865234,6.0,16435.342805159235,565.9301503775167,887.6951790026104,265.6778485782847,0.0795774715459476,0.75,10.0,0.0,0.0,9.5,52.2,145.8,0.488,0.0,6.0,5.2,135174.66793745005,401.4,308.0,290.4,652882
1,1019.0,11.871017456054688,202.619873046875,0.0005229119560681,5.234002590179443,8.28674030303955,5.5,18.0,25082.96910106749,786.4469470252501,1200.6501646715938,74.44503053459205,0.0,0.75,10.0,0.5,2.7,36.9,81.1,115.0,0.462,1.0,5.0,5.2,196181.3133302972,326.0,360.0,314.0,652838
1,1447.0,16.80815315246582,285.52410888671875,0.0010458243777975,4.944758415222168,12.814613342285156,6.892024517059326,18.0,31118.428351916973,3.412800634460032,149.5344434045088,2380.004090505688,328.495802541672,0.050000000745058,50.0,0.0,0.1,29.9,45.2,130.0,0.474,1.0,2.0,4.2,275762.8865814972,318.2,363.4,318.4,655213
1,957.0,20.66329765319824,120.96375274658205,0.0122884325683116,4.823638916015625,17.696090698242188,9.630680084228516,0.0,29072.34874652277,12.357825086607097,2703.3164504651004,0.0,0.0,0.75,10.0,0.7,2.1,28.8,49.400000000000006,102.9,0.479,0.0,4.0,4.4,75091.63022161357,409.0,325.0,266.0,655213
1,1378.0,7.020287990570068,246.80142211914065,0.0088895028457045,5.675756931304932,4.423606872558594,3.691205739974976,18.0,40855.97398903704,19.662790281003616,80.60494959358692,0.0,1.989436788648692,0.050000000745058,50.0,0.0,0.0,18.6,46.1,82.00000000000001,0.506,1.0,2.0,4.6,200041.88569019752,309.0,376.2,315.0,655546
1,556.0,26.5268497467041,335.0952453613281,0.0033989285584539,4.634885311126709,25.668270111083984,12.097262382507324,0.0,47151.85119564173,1157.8267614924475,188.833527591545,844.864592842638,0.0,0.75,10.0,0.1,0.2,3.5,17.5,101.2,0.499,1.0,3.0,4.4,75980.46323713854,341.0,361.0,297.8,655213
1,1814.0,19.525882720947266,133.1523895263672,-0.0002614561235532,4.874466896057129,16.462575912475586,9.082950592041016,18.0,56390.15947850093,3.7245188270998537,3053.8991845799824,0.0,0.238732414637843,0.75,50.0,0.0,0.0,29.200000000000003,50.2,126.8,0.468,1.0,2.0,4.6,209204.5767218775,357.8,366.0,276.4,655213
1,1171.0,7.427391529083252,7.125016212463379,0.0028760158456861,5.604767799377441,4.617764472961426,2.783882141113281,18.0,64365.53121350921,40.115340780666656,884.5660375305107,112.53563073063012,3.899296105751436,0.050000000745058,50.0,0.5,1.5,6.9,21.8,90.0,0.515,1.0,3.0,4.4,44063.68665125516,334.6,368.0,297.2,655213
1,1563.0,13.516231536865234,47.7263069152832,0.0015687360428273,5.14935827255249,9.957008361816406,6.4031243324279785,18.0,63295.33307268661,14.582649962633557,742.260966585221,344.817801233018,0.477464829275686,0.050000000745058,50.0,0.1,0.3,3.0,13.3,89.1,0.502,1.0,3.0,4.4,71193.480750558,333.4,368.4,298.2,655213
1,699.0,7.812409400939941,225.0,-0.0044447518885135,5.595102787017822,5.065863132476807,3.9882640838623047,0.0,27065.110498546204,61.687126198816,824.1478824317988,383.8911322401871,2.228169203286535,0.75,10.0,0.0,0.0,6.5,22.6,102.9,0.455,1.0,3.0,4.4,116940.27061307868,348.4,347.0,304.4,655213
1,724.0,13.248056411743164,15.945395469665527,0.0086280480027198,5.1332621574401855,9.399006843566896,5.849679470062256,0.0,27144.80368290168,4.200016635004431,708.2004928366882,372.4776547693102,2.228169203286535,0.75,50.0,5.4,16.6,62.0,113.7,188.8,0.477,0.0,3.0,4.4,116827.75785719774,350.6,350.2,299.2,655213
1,284.0,10.247346878051758,153.43495178222656,0.0007843679049983,5.359101295471191,6.9460320472717285,4.642702579498291,6.0,14314.722466124009,805.8667572754454,1769.6224676392635,73.68706061125,0.0,0.75,10.0,0.0,0.0,7.800000000000001,55.8,88.5,0.463,1.0,3.0,4.1,141027.01599419484,370.4,344.4,285.2,654170
1,1018.0,8.673249244689941,57.99461364746094,0.0005229118396528,5.50256872177124,5.70852518081665,4.763139724731445,0.0,24525.068161850257,54.24183728208462,890.9494246459391,1090.4831006819466,0.6366197723675814,0.6000000238418579,40.0,0.9,2.4,79.5,184.2,238.1,0.477,0.0,3.0,4.4,133799.91613887547,328.8,370.8,300.0,655213
1,949.0,36.25477981567383,14.036242485046388,-0.0099353287369012,4.377816677093506,42.84443664550781,18.389875411987305,18.0,76524.21525916862,6825.810155019037,256.0582037674745,490.5046601420936,0.0,0.75,10.0,2.5,7.2,19.4,39.5,71.2,0.442,1.0,4.0,4.6,140978.75037409016,334.0,361.0,305.0,655213
1,1513.0,33.82267379760742,8.325650215148926,0.0010458237957209,4.397227764129639,36.46370697021485,15.85086727142334,18.0,74623.35682165834,1470.1584183569746,1327.7542403264652,260.6307505766421,0.0,0.75,10.0,3.2,8.7,23.0,45.4,74.8,0.492,1.0,4.0,4.6,134392.22307990902,329.2,379.0,292.0,655213
1,1763.0,27.83100318908692,332.6501159667969,0.0039218398742377,4.607611179351807,27.9393310546875,13.416407585144045,18.0,70216.77724103871,843.9665665034665,2445.9394114439424,0.0,0.0,0.75,10.0,1.9,5.800000000000001,28.2,72.4,133.4,0.431,1.0,4.0,4.6,148233.7754334015,355.0,389.0,256.0,654725
1,1152.0,28.800519943237305,298.0724792480469,-0.0002614560071378,4.585804462432861,29.644630432128903,14.252192497253418,18.0,53751.27477435872,1721.376897552354,997.6760565914684,606.1156767765159,0.0,0.75,10.0,0.0,0.0,4.8,68.69999999999999,115.5,0.483,0.0,4.0,4.6,158729.24123944546,329.4,383.0,287.8,655213
1,1614.0,27.323984146118164,110.13629913330078,-0.0041832965798676,4.600423812866211,26.568256378173828,13.756816864013672,18.0,30488.01704934144,50.88164687687544,2161.2328246686325,0.0,0.3978873577297384,0.5,30.0,2.7,6.9,33.8,60.400000000000006,150.9,0.447,0.0,4.0,4.6,146949.99857774776,337.0,364.0,299.0,653948
1,1885.0,31.892641067504883,335.4328308105469,-0.00836659129709,4.507248878479004,35.10968780517578,13.964240074157717,18.0,67721.26621427109,83.63554031083761,3826.319284070505,0.0,0.0,0.75,10.0,0.4,1.3,14.0,24.0,67.4,0.504,0.0,4.0,4.6,128944.04140964262,358.0,339.0,303.0,655213
1,1627.0,11.128658294677734,9.462322235107422,-0.003137471852824,5.261553287506104,7.459744453430176,5.408327102661133,6.0,29755.764524762944,23.406548060794428,9.92619514573814,386.6757782286501,0.0795774715459476,0.75,50.0,0.0,0.0,5.4,32.0,66.9,0.497,0.0,5.0,4.6,125519.21276462052,331.0,381.0,288.0,653948
1,1502.0,13.662606239318848,86.18592071533203,0.0091509595513343,5.075920104980469,9.461307525634766,6.3442888259887695,18.0,31069.08385734825,15.890609622963003,433.8192113419266,394.29955314800486,19.49648052875718,0.050000000745058,50.0,0.0,1.2999999999999998,15.500000000000002,40.900000000000006,77.5,0.491,0.0,1.0,4.7,130190.04200676654,353.2,345.8,301.0,653948
1,1452.0,7.427391529083252,262.875,0.0041832961142063,5.604767799377441,4.617764472961426,3.3541018962860107,0.0,58643.08467569548,67.03016315398004,5078.524416484457,0.0,0.0,0.0,60.0,0.4,2.0,27.3,70.30000000000001,87.80000000000001,0.513,0.0,0.0,0.0,999999.0,318.2,363.4,318.4,655213
1,1442.0,4.622196197509766,306.8699035644531,-0.0007843679049983,6.053886890411377,2.782968044281006,2.2360680103302,18.0,29846.96429038465,5.475658980163608,49.3543642234137,1891.331024229848,326.8246756392071,0.050000000745058,50.0,0.0,0.0,13.3,61.5,99.5,0.476,0.0,0.0,0.0,999999.0,318.2,363.4,318.4,655213
1,1386.0,8.47900104522705,77.47118377685547,-0.0060134883970022,5.498475551605225,5.429692268371582,3.984344244003296,18.0,31941.106798098204,77.86126137277826,16.435944882972212,1953.963650193227,274.86058671970324,0.75,10.0,0.0,0.1,1.8000000000000005,42.6,94.7,0.475,0.0,0.0,0.0,999999.0,309.4,376.6,314.2,655213
1,1256.0,14.74699878692627,190.61965942382807,-0.0010458239121362,5.03413724899292,10.640019416809082,7.288690090179443,0.0,36992.65656561862,23.92207379367135,373.6193819463427,226.70218655570136,3.740141162659541,0.75,10.0,0.2,2.5,15.1,61.6,133.6,0.448,0.0,4.0,4.3,197252.3272409477,335.2,344.0,321.0,655546
1,1649.0,18.43554306030273,255.96376037597656,-0.0036603840999305,4.86954927444458,14.47457504272461,8.602325439453125,18.0,33210.79111403896,2277.569280984665,1465.0007287166588,51.68743787027981,0.0,0.75,30.0,0.2,0.7,17.0,51.5,116.9,0.454,0.0,4.0,4.3,113741.5659545963,302.0,427.0,271.0,655213
1,1435.0,11.699005126953123,51.34019088745117,0.0047062081284821,5.261621952056885,8.266772270202637,5.184110164642334,18.0,31482.8870243724,13.99208548572675,88.84484997943389,2095.82030897004,308.4422797120932,0.050000000745058,10.0,0.0,0.0,26.6,85.6,132.2,0.48,1.0,4.0,4.7,134295.26875824793,319.0,353.0,329.0,655213
1,1354.0,21.769773483276367,58.24051284790039,0.0047062081284821,4.787472248077393,19.138202667236328,10.313825607299805,18.0,17357.15244247093,339.0527751161937,2019.8281764785925,0.0,0.0,0.75,10.0,0.3,1.1,11.1,64.3,134.2,0.424,1.0,2.0,4.7,238193.5768312192,298.0,366.0,336.0,655213
1,1450.0,19.600738525390625,87.3974380493164,0.0041832961142063,4.780220031738281,15.106490135192873,9.15150260925293,18.0,31231.43548967981,18.405885921566945,165.75391911574465,2168.980801102294,319.58312572852583,0.050000000745058,50.0,0.5,3.1,19.3,25.8,52.5,0.468,0.0,1.0,4.7,215568.9713960244,311.6,371.0,317.2,655213
1,237.0,5.911112308502197,321.3401794433594,-0.002353104064241,5.835175514221191,3.667474269866944,2.3301689624786377,6.0,4451.204412652176,112.62761615202632,27.441412589687257,705.3416524188473,0.0,0.75,10.0,0.0,0.1,25.7,64.5,168.5,0.483,0.0,2.0,4.2,184218.075344902,364.4,361.8,273.8,652871
1,1018.0,8.72109317779541,18.434947967529297,-0.002353104064241,5.4835309982299805,5.663806438446045,3.724916219711304,18.0,15802.72330278294,1745.3056529104315,3737.031817258419,0.0,0.0,0.6000000238418579,40.0,0.0,0.0,3.8,16.1,74.60000000000001,0.489,0.0,2.0,4.2,160980.65604599897,328.8,370.8,300.0,655213
1,1704.0,26.23598289489746,318.99090576171875,-0.0062749441713094,4.666898727416992,25.835840225219727,12.529964447021484,6.0,65665.99021313684,1204.580728624971,3807.034880893768,0.0,0.0,0.75,10.0,0.0,0.1,12.0,24.700000000000003,31.2,0.495,0.0,0.0,0.0,999999.0,336.0,375.0,289.0,655032
1,1553.0,2.777172803878784,270.0,0.0026145603042095,6.504854202270508,1.572763204574585,2.549509763717652,18.0,70318.87657331338,1690.3720792683418,1763.1832305301457,262.44327751384213,0.0,0.75,10.0,0.0,0.1,12.0,24.700000000000003,31.2,0.495,0.0,0.0,0.0,999999.0,325.0,378.2,296.8,655213
1,355.0,4.713325023651123,258.6900634765625,-0.0026145600713789,6.019644260406494,2.7968568801879883,1.887458562850952,6.0,36439.10611125271,37.60685647513763,1.8033757526427507,642.3803087183561,0.0,0.75,10.0,0.5,1.9,10.3,56.3,96.9,0.512,0.0,0.0,0.0,999999.0,313.0,347.0,340.0,655213
1,690.0,8.22935962677002,153.43495178222656,-1.7462298274040222e-10,5.542422771453857,5.339888572692871,4.179563522338867,0.0,27303.84940250121,75.18998907050815,513.0568061995884,367.09105623495793,2.228169203286535,0.050000000745058,50.0,0.7,2.5,17.2,74.6,139.1,0.51,0.0,0.0,0.0,999999.0,348.4,347.0,304.4,655213
1,1593.0,27.1976318359375,102.72434997558594,-0.0047062076628208,4.576235771179199,25.6539306640625,11.947803497314451,18.0,30573.92219336065,10.348779813410342,2163.974381200949,0.0,0.3978873577297384,0.75,10.0,6.5,16.3,34.6,57.8,103.9,0.457,1.0,2.0,4.3,85175.82088844186,339.0,363.0,298.0,653948
1,1571.0,13.035094261169434,24.7751407623291,-0.0018301920499652,5.162497043609619,9.358288764953612,6.72681188583374,18.0,30744.139141077696,3.159785446884045,929.2651641381073,282.1769451578604,3.580986219567645,0.050000000745058,50.0,0.7,2.1,21.5,47.2,90.8,0.51,2.0,2.0,4.3,85954.65381170358,344.0,364.6,291.4,653948
1,813.0,42.9098014831543,220.060791015625,-0.0125498874112963,4.341635227203369,66.39239501953125,22.81720924377441,18.0,12237.21340267682,12.844361982828593,315.30104177175906,434.503673459654,0.0,0.050000000745058,50.0,2.8,4.9,10.4,22.2,38.0,0.457,1.0,3.0,5.0,117189.57250378485,362.6,331.8,305.6,652838
1,1418.0,22.93803024291992,263.4180603027344,-0.0020916478242725,4.675914287567139,19.222637176513672,11.230538368225098,18.0,25458.687384089164,13.567216660448672,541.3598621734324,704.8799181403223,41.778172561622526,0.050000000745058,10.0,0.0,0.0,2.0,96.8,158.2,0.47,0.0,2.0,4.3,61749.12441103847,317.0,354.0,330.0,655213
1,867.0,27.506053924560547,244.23068237304688,-0.0015687354607507,4.61190938949585,27.296321868896484,13.474513053894045,18.0,48199.52797411317,3355.2852233490767,4282.972609528143,0.0,0.0,0.75,10.0,0.0,0.0,2.0,96.8,158.2,0.494,0.0,2.0,4.3,79097.40836879447,303.0,361.0,336.0,655213
1,1728.0,11.31031322479248,194.0362548828125,0.007059312891215,5.2580389976501465,7.6847100257873535,5.93717098236084,18.0,55424.45398446515,856.8356182243931,4016.666705907817,0.0,0.238732414637843,0.5,30.0,2.8,4.9,10.4,22.2,38.0,0.502,1.0,3.0,5.0,122872.60704884496,310.0,399.0,291.0,655213
1,804.0,2.618571519851685,225.0,0.0026145600713789,6.579049110412598,1.5056828260421753,1.4361406564712524,18.0,56483.54810934296,1608.9317165971502,124.4594962385155,447.97954737077697,0.0,0.6000000238418579,40.0,1.6,3.0,8.9,17.099999999999998,31.1,0.519,1.0,3.0,5.0,123857.81296599624,347.4,342.0,310.8,655213
1,1482.0,7.020287990570068,23.19858932495117,0.0075822239741683,5.675756931304932,4.423606872558594,3.391165018081665,18.0,43759.59462779311,22.03863731314128,3669.097500402499,0.0,0.0,0.75,10.0,2.4,5.4,15.0,32.099999999999994,71.1,0.472,1.0,3.0,5.0,129188.69034296292,325.0,374.0,301.0,655213
1,1657.0,31.57727813720703,181.5074462890625,-0.0052291196770966,4.4071221351623535,30.992401123046875,15.223337173461914,18.0,45776.389641499605,1.5805020964795895,2259.334600843854,0.0,0.0,0.5,30.0,2.4,5.4,15.0,32.099999999999994,71.1,0.465,1.0,3.0,5.0,129149.39343481204,344.0,344.0,311.0,655213
1,1838.0,12.692188262939451,68.96248626708984,0.0018301921663805,5.177626132965088,8.991142272949219,6.614378452301025,18.0,53480.42719344205,1.845644147303096,3167.007098254031,0.0,0.0,0.75,10.0,2.8,4.9,10.4,22.2,38.0,0.465,1.0,3.0,5.0,128906.04675902375,345.2,366.6,288.2,655213
1,732.0,28.12788391113281,3.4682295322418213,-0.0036603840999305,4.506240367889404,25.88535118103028,13.240562438964844,6.0,45124.98287127014,812.8991080915911,669.0380645319717,511.7659335024536,0.0,0.75,10.0,2.4,5.4,15.0,32.099999999999994,71.1,0.493,1.0,3.0,5.0,135333.64904279978,308.0,354.0,339.0,655213
1,1704.0,30.480314254760746,200.92449951171875,-0.0112426085397601,4.526811122894287,32.03196334838867,15.305228233337402,6.0,53047.34385521507,3.882668786888784,3484.761562245578,0.0,0.0,0.75,10.0,2.4,5.4,15.0,32.099999999999994,71.1,0.465,1.0,3.0,5.0,134567.80876156822,304.0,386.6,309.2,655213
1,690.0,12.239968299865724,206.56504821777344,0.0013072801521047,5.215076923370361,8.660645484924316,5.673402786254883,6.0,7126.358343382408,14.921323644019807,2327.2618627386487,0.0,0.6366197723675814,0.75,10.0,0.1,1.3,11.3,55.8,131.0,0.491,1.0,1.0,4.3,207974.8575632404,419.0,289.0,292.0,653072
1,134.0,2.0707030296325684,296.5650634765625,0.0013072800356894,6.798747539520264,1.172268629074097,0.9416574239730836,6.0,9109.593047090197,4734.9951812590825,527.6871621568179,602.7222720744635,0.0,0.0,60.0,0.3,0.8999999999999999,14.5,41.1,98.0,0.446,1.0,2.0,5.0,172940.3970276755,404.0,333.6,262.2,652937
1,525.0,4.622196197509766,90.0,-0.0041832961142063,6.024405479431152,2.702120065689087,2.822897434234619,6.0,55640.09374404263,4.138740401396015,33.09021939407801,722.3500603394046,0.0,0.75,10.0,1.1,4.5,22.5,56.7,109.6,0.49,0.0,0.0,0.0,999999.0,370.8,331.8,297.2,655213
1,692.0,25.017650604248047,165.9637451171875,0.0054905759170651,4.642064094543457,22.59781837463379,11.442792892456056,6.0,53519.97824269558,8.381530894665767,51.6077497851571,374.7159926724912,0.0,0.75,30.0,0.0,0.0,8.7,23.6,96.3,0.454,0.0,5.0,5.0,172097.6535779902,353.0,344.4,302.6,655213
1,1398.0,29.172924041748047,10.007979393005373,0.0002614561235532,4.513227939605713,28.427898406982425,13.58767795562744,18.0,17765.69740553163,2.760273882962029,4795.420063730365,0.0,0.0795774715459476,0.75,10.0,0.3,1.2,27.6,45.0,61.6,0.501,1.0,4.0,4.6,114892.04855189062,300.0,368.0,332.0,655213
1,1395.0,23.8139877319336,208.44293212890625,0.0002614565892145,4.718330383300781,21.812211990356445,12.78182315826416,18.0,67437.18801085619,3.58051200173292,820.4876794407193,314.0036247917118,0.0,0.75,10.0,0.2,0.3,3.9,15.2,27.6,0.502,2.0,4.0,5.0,132523.63634103147,322.0,393.0,285.0,655213
1,1562.0,40.53561782836914,195.3501434326172,-0.0010458239121362,4.306285381317139,54.23591613769531,20.8985652923584,18.0,56172.74753564016,27.33891529543618,2140.263301650926,0.0,0.0,0.75,10.0,0.0,0.0,12.4,78.39999999999999,105.0,0.462,0.0,2.0,4.3,141460.35494176508,330.0,386.8,283.2,655213
1,1717.0,45.64530944824219,219.2256774902344,0.0109811518341302,4.30057430267334,77.14057922363281,25.0898380279541,18.0,65416.98417859458,1136.715927129207,4225.567767047037,0.0,0.0,0.75,10.0,0.0,1.7,7.1,41.0,68.6,0.449,0.0,5.0,4.5,129803.7118133767,304.0,386.6,309.2,654614
1,1607.0,31.57727813720703,54.63753509521485,-0.0010458239121362,4.537121295928955,35.295005798339844,15.74801540374756,18.0,30570.96732509804,37.49330790124195,1212.637140062893,248.63180156221208,0.3183098861837907,0.5,30.0,0.0,0.1,11.6,38.5,167.3,0.452,0.0,2.0,4.5,183476.8421834212,368.4,358.6,273.0,653948
1,1530.0,11.699005126953123,51.34019088745117,0.0047062081284821,5.261621952056885,8.266772270202637,5.634713649749756,18.0,29876.15424398877,28.92630932214984,266.14977184026657,340.04898863410665,2.944366447200064,0.5,60.0,0.0,0.0,19.5,32.300000000000004,57.2,0.473,1.0,2.0,4.5,138456.68993912922,339.0,375.6,285.6,653948
1,1628.0,28.160545349121094,244.98312377929688,0.000784367788583,4.593734264373779,28.32974624633789,13.36038875579834,18.0,55188.52420168399,442.5104630620306,3955.2920531850937,0.0,0.1591549430918953,0.75,10.0,0.0,0.0,26.3,47.6,81.7,0.496,1.0,2.0,4.5,158474.46364764878,339.2,360.2,300.4,655213
1,1515.0,14.532262802124023,86.42366027832031,-0.0099353287369012,5.024413585662842,10.218966484069824,6.123724460601807,18.0,29868.38415001998,6.546894697624607,461.02148656743634,328.47880655607946,1.5119719593730057,0.75,50.0,0.0,0.0,39.7,64.8,91.4,0.469,0.0,2.0,4.5,138283.7879715842,334.0,355.0,311.0,653948
1,700.0,15.062345504760742,32.73522186279297,0.0026145600713789,5.060285568237305,11.41649055480957,6.719840049743652,6.0,26707.29681961098,80.25852604731436,725.2618894886225,409.03579197128886,2.228169203286535,0.050000000745058,50.0,0.5,0.5,36.3,63.89999999999999,110.9,0.502,0.0,1.0,4.5,262770.1583956025,348.4,347.0,304.4,654170
1,777.0,10.980945587158203,270.0,0.0073207677341997,5.248529434204102,7.164211273193359,6.495190620422363,6.0,22103.122697136994,62.16884794094249,3643.319671057167,0.0,0.0,0.75,10.0,1.5,2.7,15.000000000000002,61.8,113.4,0.466,1.0,3.0,4.6,116778.94784463511,312.0,377.0,311.2,652838
1,1167.0,1.309969782829285,225.0,0.0002614560362417,7.2413506507873535,0.7299740314483643,1.2747548818588257,18.0,38391.38099912105,63.77047075529261,311.37949038788133,323.3246444978785,4.058451048843331,0.75,10.0,0.0,0.0,8.5,65.3,169.8,0.492,1.0,3.0,4.6,97622.54880369702,351.4,361.2,287.8,655546
1,1288.0,11.31031322479248,75.96375274658203,-0.0028760158456861,5.2580389976501465,7.6847100257873535,5.315073013305664,18.0,19524.24975025444,77.8481377117728,3578.3054678557032,0.0,0.1591549430918953,0.75,10.0,0.0,0.0,16.9,21.9,86.1,0.493,1.0,3.0,4.7,121290.68332172182,339.8,363.8,296.8,655213
1,1161.0,40.99903106689453,316.5074462890625,-0.0007843682542443,4.3730950355529785,59.91113662719727,19.02629852294922,18.0,40830.45980136131,309.1342566580922,2689.6456017401274,0.0,2.3873241463784303,0.75,10.0,0.5,8.9,21.9,47.900000000000006,115.2,0.429,1.0,3.0,4.7,91788.08064286,322.6,376.2,301.0,655213
1,1711.0,13.864537239074709,121.60749816894533,0.007059312891215,5.122920513153076,10.223761558532717,5.916079998016357,18.0,56650.2796425273,71.51150923359957,2747.4081654805527,0.0,0.238732414637843,0.75,10.0,0.1,0.1,1.5,76.39999999999999,112.3,0.476,0.0,3.0,4.7,148862.18442321083,300.6,388.4,310.8,655213
1,1148.0,7.19770097732544,50.194427490234375,0.0122884325683116,5.664364337921143,4.599712371826172,3.8405728340148926,16.0,63106.49317823604,53.38553694305122,1475.2382913672548,290.451142964235,3.899296105751436,0.050000000745058,50.0,0.0,0.0,3.4,14.1,101.9,0.489,0.0,3.0,4.7,119512.29844538974,310.0,416.0,275.0,655213
1,1439.0,11.018077850341797,94.76364135742188,-0.0013072800356894,5.258520126342773,7.2863969802856445,4.782781600952148,18.0,31613.254567412085,46.67500414102607,71.77424011598653,1895.4637186671664,257.9901627519624,0.050000000745058,50.0,0.5,4.300000000000001,20.3,26.1,51.900000000000006,0.488,1.0,1.0,5.0,206512.91553183948,318.2,363.4,318.4,655213
1,1367.0,5.617307186126709,260.5376892089844,0.003921840339899,5.857865810394287,3.385626792907715,3.570714235305786,18.0,27797.59527157004,19.56553786109138,163.62281256463257,231.129123550462,1.1140846016432675,0.0,60.0,0.0,0.0,18.2,50.7,78.80000000000001,0.495,2.0,3.0,5.0,248540.76699994403,309.4,380.0,310.8,655042
1,1260.0,15.445809364318848,339.4439697265625,0.0010458239121362,5.022061347961426,11.583373069763184,6.642664909362793,18.0,37218.95018884148,2.238907421864812,285.393876188088,334.9809033835517,3.9788735772973833,0.050000000745058,50.0,1.3,2.7,18.6,40.0,54.900000000000006,0.518,0.0,2.0,4.5,201579.66987572337,337.0,343.4,319.8,655546
1,836.0,31.57727813720703,215.3624725341797,0.0041832951828837,4.537121295928955,35.295005798339844,14.337450981140137,18.0,11271.717962917091,115.13313675185748,918.0255804606712,380.1542532704732,0.0795774715459476,0.75,10.0,0.1,0.4,4.8,18.200000000000003,89.2,0.496,0.0,3.0,4.7,137695.1582148041,341.4,345.0,313.4,652838
1,994.0,17.27718162536621,27.89726829528809,0.0081051364541053,4.950291156768799,13.661062240600586,8.485280990600586,18.0,18615.13260150732,70.48960342377121,2079.7931763584693,0.0,0.0,0.75,10.0,0.0,0.1,20.6,105.2,194.1,0.495,1.0,2.0,4.3,195210.19817613903,326.8,371.0,301.8,655213
1,1432.0,18.596416473388672,144.7823944091797,-0.0070593124255537,4.90525484085083,15.28310489654541,9.165151596069336,6.0,31647.51374401064,27.247877833986333,395.04226641643055,1804.8148061065244,225.124667003486,0.050000000745058,50.0,0.1,0.1,15.8,68.19999999999999,132.5,0.428,2.0,3.0,5.0,259707.66697431784,320.8,343.0,336.4,655213
1,345.0,3.814206600189209,194.0362548828125,0.0062749441713094,6.217236518859863,2.2282254695892334,2.541837453842163,6.0,6518.868772788025,32.19289642857826,2054.4836062059767,0.0,0.0,0.75,10.0,0.0,0.0,18.9,58.2,116.2,0.503,1.0,3.0,4.6,162973.36837777216,355.8,346.6,297.6,652882
1,374.0,14.341259002685549,145.30484008789062,-0.0013072802685201,5.099708080291748,10.71799659729004,6.880679607391357,6.0,4570.60752633704,2017.7854366790348,2660.298456131722,0.0,0.0,0.75,10.0,2.4,2.9,16.6,37.6,67.80000000000001,0.52,1.0,3.0,4.6,134000.27649261564,369.0,341.6,289.4,652871
1,1403.0,26.72979736328125,5.5275397300720215,-0.0033989283256232,4.555553436279297,24.133602142333984,12.854960441589355,18.0,25221.8548614894,190.6555033606469,1923.3685324955304,5.193665429015856,0.0,0.75,10.0,0.0,0.1,15.6,47.6,100.29999999999998,0.504,1.0,4.0,4.6,133812.68677926433,309.2,376.0,315.2,655213
1,1279.0,24.81874084472656,126.46922302246094,0.0101967845112085,4.70149040222168,23.54958724975586,10.331989288330078,6.0,24128.46613321251,203.94754475400063,2019.0776889893773,0.0,0.0,0.5,10.0,0.0,0.1,15.6,47.6,100.29999999999998,0.504,1.0,4.0,4.6,135870.2841466916,328.2,367.6,304.6,652838
1,1340.0,19.69377899169922,108.43494415283205,0.0070593114942312,4.832352161407471,16.078981399536133,8.56592082977295,18.0,41288.24284603119,21.94452385140526,136.71794404320798,0.0,1.989436788648692,0.050000000745058,50.0,0.1,0.1,24.0,50.0,113.0,0.503,1.0,4.0,4.6,132100.63114705446,318.2,375.2,306.6,655546
1,1098.0,20.470813751220703,94.96974182128906,0.0060134883970022,4.756332874298096,16.209697723388672,8.536685943603516,0.0,21844.59153455806,26.50974832291404,508.7625046721624,799.7833236992676,1.0345071300973196,0.75,10.0,0.0,0.1,15.1,100.2,286.40000000000003,0.502,2.0,5.0,4.9,121158.86137885014,355.2,376.4,268.6,655213
1,1167.0,22.4502067565918,59.42077255249024,-0.0020916478242725,4.763792514801025,20.007858276367188,10.240849494934082,18.0,18425.47452286848,490.334183279897,1418.1301239802142,84.95358764410305,0.0,0.75,10.0,0.3,1.9,18.4,50.2,229.2,0.512,1.0,5.0,4.9,122179.63021254212,334.6,368.0,297.2,655213
1,1637.0,30.97380256652832,94.6354522705078,9.022187441587447e-10,4.440727233886719,30.565479278564453,14.722432136535645,18.0,29624.09965264065,313.4491779296192,375.4168315934508,339.65376767902995,5.252113122032546,0.75,10.0,0.4,1.3,20.2,43.5,96.7,0.507,1.0,6.0,4.9,112139.12535027693,317.0,363.0,320.0,653948
1,1316.0,12.17381763458252,12.994616508483888,0.0062749441713094,5.195295810699463,8.39666748046875,5.184110164642334,18.0,60329.141652597486,15.52070543557416,529.0824135277844,493.5052461438723,0.954929658551372,0.0,10.0,1.1,2.3,11.3,64.4,104.1,0.516,1.0,4.0,5.1,102972.4816332689,331.4,370.6,298.0,655213
1,1389.0,7.918813228607178,234.4623413085937,-0.0007843679049983,5.581403255462647,5.135739803314209,3.952847003936768,0.0,28199.91536852764,18.933038080875352,104.68553185991766,1232.9912426895196,190.90635423872843,0.050000000745058,50.0,2.6,3.5,29.4,88.39999999999999,260.0,0.516,0.0,4.0,4.9,204183.49408493887,309.4,376.6,314.2,655213
1,718.0,19.74932289123535,187.7651824951172,-0.0047062081284821,4.795339107513428,15.589593887329102,9.34745979309082,6.0,15737.926806870564,9.712530468830495,1481.6140031132695,43.84723128681933,0.0795774715459476,0.75,10.0,0.0,0.0,42.3,83.0,129.4,0.492,0.0,1.0,4.4,114236.9540610892,365.0,333.4,301.4,652838
1,1516.0,9.752992630004885,311.1859130859375,-0.0018301921663805,5.40956449508667,6.604212284088135,4.636809349060059,18.0,30882.907981188862,42.352720737332895,163.15413379861536,1734.6294466712843,216.8486099627074,0.050000000745058,50.0,0.0,0.0,11.3,135.2,285.70000000000005,0.495,0.0,5.0,4.9,118563.93057147524,344.6,357.2,298.4,655213
1,1721.0,20.470813751220703,175.03025817871094,-0.001568735926412,4.756332874298096,16.209697723388672,9.68245792388916,18.0,29572.55748844229,19.459400450303374,1471.4437445943229,238.966173242796,0.1591549430918953,0.75,10.0,0.0,0.0,17.200000000000003,138.0,142.7,0.503,0.0,1.0,4.5,86355.44739386131,304.0,386.6,309.2,653948
1,1527.0,10.08547592163086,180.0,-0.0018301922827959,5.321906089782715,6.478260517120361,5.385164737701416,18.0,68536.02571947941,84.66363509611902,2322.600227255359,0.0,0.0795774715459476,0.6000000238418579,40.0,1.7,3.9,27.4,37.1,124.2,0.505,1.0,3.0,4.6,128187.3452471503,328.0,398.0,274.0,655032
1,1642.0,29.426692962646484,152.70040893554688,-0.0002614560944493,4.56932258605957,30.69876289367676,14.543039321899414,18.0,72298.31288458318,2881.2104094065,2117.4637877092964,0.0,0.0,0.75,10.0,6.8,19.9,64.9,191.8,389.1,0.513,1.0,1.0,4.0,138949.54586727291,350.0,360.0,289.0,655213
1,1378.0,14.175137519836426,320.1944274902344,0.0054905759170651,5.111854076385498,10.588598251342772,7.026734828948975,18.0,30719.879894642567,5.946948947039245,118.07982149974208,2310.4725930994496,336.77185958245053,0.050000000745058,50.0,0.0,0.0,0.0,2.2,4.2,0.407,1.0,1.0,4.3,186864.6561689586,309.4,376.6,314.2,655213
1,266.0,6.190611839294434,206.56504821777344,-0.0023531042970716,5.788630485534668,3.842212200164795,2.7128167152404785,0.0,5643.331327023184,1.4781160583875594,137.89524059464026,938.863477986824,0.0,0.5,50.0,5.2,17.0,60.0,178.5,362.2,0.511,1.0,1.0,4.0,146087.5178916484,323.0,373.0,304.0,652871
1,199.0,2.0707030296325684,243.4349670410156,-0.0002614560071378,6.798747539520264,1.172268629074097,0.6281172037124634,6.0,67.384016736427,32.733023684130295,210.69031928594583,347.3602316714363,55.306342724433634,0.050000000745058,50.0,0.0,0.0,0.0,0.0,1.1,0.321,1.0,1.0,4.3,192259.2459866061,376.0,322.0,302.2,653072
1,1429.0,6.650692939758301,146.30992126464844,-0.0036603840999305,5.730356693267822,4.188555240631104,3.5178117752075195,0.0,39374.22089749196,7.828878622386656,593.9652196296115,270.69662524614245,301.04157485832,0.050000000745058,50.0,1.7,5.3,21.7,72.6,145.50000000000003,0.423,0.0,1.0,4.2,251754.90313664536,355.0,366.0,279.0,640957
1,667.0,24.84540367126465,347.9052429199219,-0.0033989278599619,4.639549732208252,22.18927955627441,11.528497695922852,0.0,53173.59460208444,2.8717584424911613,168.61981795989965,524.4334829073723,52.521131220325465,0.75,10.0,0.0,0.0,25.200000000000003,61.1,129.0,0.423,0.0,2.0,4.8,125435.87106179084,346.0,355.0,299.0,640957
1,4002.0,52.69037628173828,112.4569320678711,0.0143800806254148,4.1581621170043945,110.12530517578124,32.787193298339844,0.0,47803.85133701567,1976.3240893248671,2036.4831449146104,0.0,0.0,0.5,30.0,1.6,4.199999999999999,19.4,36.2,79.0,0.377,0.0,2.0,4.7,244266.6403441808,503.0,311.0,186.0,640948
1,2040.0,19.20342445373535,291.8014221191406,0.0075822249054908,4.859612464904785,15.646584510803224,8.440971374511719,0.0,46908.75003331526,1605.7552046953592,1286.7612228931298,94.35909293022932,0.238732414637843,0.75,10.0,2.2,9.8,41.2,122.0,210.8,0.411,0.0,1.0,4.1,104120.84909282604,376.2,337.2,286.4,640957
1,1957.0,14.613224983215332,172.87496948242188,0.0036603843327611,5.031214714050293,10.408801078796388,7.858116626739502,0.0,41311.82088333247,70.11476891801044,398.0717452442631,652.886469278914,24.90774859388162,0.75,10.0,0.3,0.3,7.699999999999999,37.2,140.70000000000002,0.411,1.0,2.0,3.9,263754.27746010025,417.0,366.0,217.0,640941
1,2040.0,19.20342445373535,291.8014221191406,0.0075822249054908,4.859612464904785,15.646584510803224,8.440971374511719,0.0,46908.86615899523,1605.6163751785868,1286.6532975782234,94.37109426964864,0.238732414637843,0.75,10.0,0.0,0.3,3.8,11.5,30.8,0.394,1.0,2.0,4.1,147739.67051219053,385.0,337.0,278.0,640957
1,661.0,41.16985321044922,236.3099365234375,-0.0073207691311836,4.359795093536377,59.835575103759766,20.56316566467285,0.0,46402.99820147758,33.32601886713884,101.2425513766338,436.727794825079,0.6366197723675814,0.75,10.0,0.0,0.2,17.2,34.2,85.30000000000001,0.425,1.0,3.0,3.8,113424.12458667738,364.0,346.0,290.0,640957
1,1516.0,14.119254112243652,225.0,0.0015687360428273,5.115969657897949,10.545113563537598,7.017834186553955,0.0,48774.71094344195,14.199294382652791,772.6537331217102,411.934780033798,97.72113505842374,0.050000000745058,50.0,1.0,5.7,27.5,42.5,74.80000000000001,0.427,0.0,1.0,4.1,142335.18606648393,367.0,368.0,266.0,640939
1,4002.0,52.69037628173828,112.4569320678711,0.0143800806254148,4.1581621170043945,110.12530517578124,32.787193298339844,0.0,47803.85133701567,1976.3240893248671,2036.4831449146104,0.0,0.0,0.5,30.0,0.0,0.7,12.400000000000002,36.2,60.0,0.426,3.0,3.0,4.9,41172.6666770556,503.0,311.0,186.0,640948
1,1107.0,30.20392417907715,-0.0,0.003921840339899,4.431334972381592,28.477901458740234,14.815532684326172,0.0,37076.64920754216,252.3466690875124,171.5943137522513,474.0222467861795,116.8197282294512,0.75,10.0,0.5,1.7999999999999998,18.700000000000003,41.7,276.6,0.431,0.0,0.0,0.0,999999.0,365.0,380.0,255.0,640957
1,1597.0,9.451704978942873,330.9454040527344,-0.0005229120724834,5.428440093994141,6.3131489753723145,4.3011627197265625,0.0,58378.74609748509,0.1809530614399007,767.9393339234683,464.3990717604093,129.31339126216497,0.5,30.0,0.2,0.2,39.2,120.8,314.20000000000005,0.413,0.0,0.0,0.0,999999.0,366.2,346.0,287.8,640954
1,401.0,27.369688034057617,231.34019470214844,0.0057520316913723,4.636625289916992,27.65560531616211,12.876213073730469,0.0,40678.22971270613,6.008601862861691,115.11054631910255,504.297915367258,76.87183751338544,0.75,10.0,0.4,1.5,24.9,277.20000000000005,573.1999999999999,0.424,0.0,2.0,5.0,70831.94235011493,368.0,371.0,261.0,640957
1,1155.0,22.074106216430664,265.42608642578125,0.0031374723184853,4.696296215057373,18.014612197875977,10.392304420471191,0.0,39945.09265680043,52.85381526213861,749.6943015233007,305.9618912517517,268.17607910984367,0.75,10.0,10.5,29.9,140.60000000000002,284.7,385.2,0.438,1.0,2.0,5.0,84891.46836690958,363.0,382.0,255.0,640957
1,2049.0,35.437408447265625,158.68206787109375,0.002353104064241,4.424842834472656,42.28760147094727,17.14642906188965,0.0,46948.49612627917,125.73495107587124,1066.160052118504,92.44244122956148,98.43733230233728,0.75,10.0,2.6,7.199999999999999,29.200000000000003,148.89999999999998,431.5,0.438,0.0,2.0,5.0,98412.74084695554,376.2,337.2,286.4,640957
1,2040.0,19.20342445373535,291.8014221191406,0.0075822249054908,4.859612464904785,15.646584510803224,8.440971374511719,0.0,46908.75003331526,1605.7552046953592,1286.7612228931298,94.35909293022932,0.238732414637843,0.75,10.0,1.0,2.3,16.2,79.80000000000001,311.7,0.438,0.0,2.0,5.0,103865.87277534718,385.0,337.0,278.0,640957
1,339.0,24.84540367126465,282.0947570800781,-0.0141186248511075,4.639549255371094,22.18927764892578,10.862780570983888,0.0,41518.68638901166,12.404580458973433,110.89572423920684,455.977044700819,63.50282229366624,0.75,10.0,0.2,0.7,5.0,66.0,415.2,0.424,0.0,1.0,4.0,99114.33403887594,359.4,351.6,289.0,640957
1,575.0,19.087900161743164,307.4053649902344,-0.0054905754514038,4.888136863708496,15.89113712310791,9.024272918701172,0.0,56648.96059048606,81.644020621224,15.930991375558984,518.4924940552502,122.78803859539724,0.75,10.0,0.0,0.0,3.0,12.2,44.5,0.401,0.0,1.0,4.0,77468.42605603891,382.0,366.0,252.0,640957
1,1542.0,12.692188262939451,201.0375213623047,0.0026145600713789,5.177626132965088,8.991142272949219,5.700877189636231,0.0,48675.01715589473,22.7440975740999,539.2569668984846,365.49846208485815,93.34437412339662,0.050000000745058,50.0,0.8,3.2,64.5,189.6,386.6,0.428,0.0,1.0,3.8,288271.8725040644,362.0,372.0,266.0,640957
1,748.0,23.042755126953125,188.7461700439453,-0.0135957114398479,4.681778430938721,19.53328514099121,13.822535514831545,0.0,50123.78251120156,0.1013000862271411,37.71640319939357,828.5512712642387,52.361976277233566,0.75,10.0,0.0,0.8,109.9,167.5,346.0,0.423,0.0,0.0,0.0,999999.0,347.0,373.0,281.0,640957
1,1272.0,15.54615879058838,35.53767776489258,-0.0075822239741683,5.038832187652588,11.940632820129396,8.403867721557617,0.0,59311.82452929048,13.162345423465188,91.92338161942646,556.7365767356699,128.1993066605217,0.75,10.0,4.1,7.4,37.7,104.5,236.4,0.43,0.0,0.0,0.0,999999.0,351.0,394.0,256.0,640954
1,1215.0,26.051528930664062,145.78428649902344,0.0020916475914418,4.665453910827637,25.38199043273925,12.180927276611328,0.0,43695.7469229515,81.1718176479913,570.7019104073055,678.9639399027815,183.98311421423105,0.75,10.0,2.3,4.1,36.7,130.5,346.8,0.43,0.0,0.0,0.0,999999.0,342.0,390.0,268.0,640954
1,629.0,22.512020111083984,290.5560607910156,-0.0010458239121362,4.739871025085449,19.654586791992188,9.954584121704102,0.0,33297.05177175476,322.16512269110206,164.73262009079934,700.8367549360906,109.81691073340778,0.75,10.0,0.1,3.1,50.9,102.7,456.5,0.423,0.0,0.0,0.0,999999.0,376.0,362.0,261.0,640957
1,299.0,9.920740127563477,236.3099365234375,-0.0065363999456167,5.392171382904053,6.720084190368652,5.18712329864502,0.0,36653.57623507873,27.849860977435423,338.0034115372817,740.8058005318447,55.147187781341735,0.050000000745058,50.0,0.1,3.1,50.9,102.7,456.5,0.394,0.0,0.0,0.0,999999.0,362.4,352.4,285.2,640957
1,3748.0,5.839084625244141,251.5650634765625,-0.0020916480571031,5.833305835723877,3.5713398456573486,2.2360680103302,0.0,32311.971361217857,248.732504186433,0.0,340.84594050739685,8.594366926962348,-0.2000000029802322,80.0,0.0,0.4,10.1,54.1,151.7,0.421,0.0,0.0,0.0,999999.0,467.4,366.0,166.6,640915
1,474.0,7.020287990570068,156.8013916015625,0.0013072800356894,5.675756931304932,4.423606872558594,3.4482786655426025,0.0,37124.44089073144,56.48962166485336,30.002158404343326,823.0413286864116,0.0795774715459476,0.050000000745058,10.0,0.0,0.2,12.2,25.9,114.0,0.417,0.0,0.0,0.0,999999.0,386.0,320.2,293.4,640957
1,1450.0,22.24761009216309,251.5650634765625,-0.003921840339899,4.742379665374756,19.194107055664062,8.8034086227417,0.0,48947.08706301675,10.809731836039791,753.0517134599471,280.4932097746324,96.05000815595884,0.75,10.0,0.0,0.4,5.4,9.2,26.1,0.396,0.0,0.0,0.0,999999.0,362.0,367.0,271.0,640939
1,1510.0,30.242321014404297,289.4400329589844,0.0096738720312714,4.527105331420898,31.43682861328125,14.98332405090332,0.0,49798.618526022845,46.560582943474,1382.357248466923,423.297400620495,95.01550102586152,0.75,10.0,0.0,0.4,5.4,9.2,26.1,0.396,0.0,0.0,0.0,999999.0,344.0,370.0,286.0,640939
1,2119.0,15.370030403137209,61.927513122558594,0.0010458239121362,5.039081573486328,11.661158561706545,7.516648292541504,0.0,44349.54726070697,61.587104090194586,546.1435438269524,628.5240127375138,9.310564170875878,0.75,10.0,0.0,0.0,2.9,15.6,61.4,0.401,0.0,0.0,0.0,999999.0,420.0,346.0,234.0,640957
1,1480.0,31.62144088745117,283.6713256835937,0.0013072795700281,4.472505569458008,33.20100021362305,14.67991828918457,0.0,50891.95357823043,502.0210757623476,2026.7610905954864,0.0,3.580986219567645,0.75,10.0,0.2,1.6,36.1,112.6,309.0,0.418,0.0,1.0,4.6,277642.0545185655,365.0,373.0,262.0,640957
1,1390.0,40.67662048339844,191.9441833496093,-0.0078436797484755,4.285411834716797,53.64728164672852,23.46540069580078,0.0,35693.85543332881,43.01512487144356,129.03688701904088,493.990696298827,12.573240504259733,0.75,10.0,0.4,1.6,11.9,101.1,338.79999999999995,0.434,0.0,0.0,0.0,999999.0,386.0,361.0,253.0,640954
1,1486.0,23.714244842529297,186.34019470214844,0.0005229121306911,4.649599552154541,20.17206573486328,12.010412216186523,0.0,39536.68386912863,3.069666255495423,753.9393702095487,210.05116641527025,305.4979132648931,0.050000000745058,50.0,1.5,6.0,33.8,79.6,395.9,0.41,0.0,0.0,0.0,999999.0,371.0,341.0,287.0,640957
1,360.0,10.4458589553833,232.12503051757807,-0.0033989280927926,5.352420330047607,7.175771713256836,4.05624532699585,0.0,44240.63247219009,20.06560376473977,126.49470700475942,737.9172761596894,67.80000575714742,0.050000000745058,50.0,1.5,5.0,20.4,51.6,129.7,0.436,0.0,0.0,0.0,999999.0,380.0,348.0,272.0,640957
1,1862.0,26.800825119018555,129.80557250976562,-0.0067978566512465,4.651714324951172,26.7338981628418,11.022704124450684,0.0,47623.54213347898,38.40413531273951,398.3850090213503,15.634209404119854,106.79296681466178,0.75,10.0,0.2,1.6,36.1,112.6,309.0,0.42,0.0,1.0,4.6,269614.9707932779,310.8,396.8,292.8,640957
1,3523.0,12.66049098968506,239.7435607910156,0.0005229120142757,5.192656993865967,9.080256462097168,5.099019527435303,0.0,35216.36229288199,408.0568010755852,348.33359148157683,676.5033035013704,1.0345071300973196,0.5,30.0,10.0,28.1,70.0,119.0,319.6,0.438,0.0,1.0,4.5,317105.3672775652,423.0,334.0,243.0,640915
1,1918.0,23.176389694213867,79.11446380615234,0.0057520326226949,4.68614673614502,19.87395095825196,14.32654857635498,0.0,58871.35855037406,3931.747498427102,239.1970100472587,1278.8002104465274,0.0,0.75,10.0,3.0,7.699999999999999,71.19999999999999,109.4,135.5,0.427,0.0,1.0,5.0,47510.2640348368,404.0,377.0,219.0,640941
1,2005.0,24.19297790527344,120.25643157958984,0.0067978557199239,4.710596084594727,22.4285831451416,10.319883346557615,0.0,67705.65635878142,70.88161532975815,1438.4982682988857,0.0,20.84929754503829,0.75,10.0,1.4,4.300000000000001,20.5,54.7,162.1,0.424,0.0,1.0,5.0,26520.696266049203,371.6,337.0,291.4,640954
1,1320.0,32.236122131347656,112.61986541748048,0.0169946402311325,4.493923664093018,35.58066940307617,15.992185592651367,0.0,57872.61474321339,277.8511313291734,687.7512093508302,520.8895867877268,165.68029575866305,0.75,10.0,1.4,4.300000000000001,20.5,54.7,162.1,0.417,0.0,1.0,5.0,36383.74169566491,319.6,365.8,314.4,640957
1,1506.0,27.742000579833984,135.0,0.0083665922284126,4.630096912384033,28.36024284362793,12.010412216186523,0.0,57606.64335573442,59.35269815181705,873.695722326014,214.6620565713812,202.3655101413449,0.75,10.0,1.4,4.300000000000001,20.5,54.7,162.1,0.417,0.0,1.0,5.0,37675.045014173535,353.2,345.8,301.0,640957
1,283.0,45.620235443115234,175.46221923828125,-0.0120269758626818,4.151537895202637,66.34324645996094,23.789770126342773,0.0,30617.38609994549,100.64233978722244,42.20977666053684,596.5546805740878,40.823242903071154,0.5,30.0,0.0,0.0,26.4,193.5,383.0,0.402,0.0,0.0,0.0,999999.0,372.8,357.2,270.0,640956
1,882.0,24.19297790527344,300.2564392089844,0.003137471852824,4.710596084594727,22.4285831451416,10.715059280395508,0.0,41173.73000534479,222.94801701799125,961.6226003290748,704.9512671162998,57.85282181390396,0.75,10.0,2.8,11.3,48.7,163.9,234.5,0.437,0.0,1.0,4.0,207586.0451906605,359.0,387.0,254.0,640956
1,2005.0,24.19297790527344,120.25643157958984,0.0067978557199239,4.710596084594727,22.4285831451416,10.319883346557615,0.0,67705.65635878142,70.88161532975815,1438.4982682988857,0.0,20.84929754503829,0.75,10.0,0.1,0.7000000000000001,11.4,73.3,375.9,0.432,0.0,1.0,4.0,213464.48617016795,371.6,337.0,291.4,640954
1,3496.0,22.074106216430664,156.50143432617188,0.003921840339899,4.7616472244262695,19.2312068939209,10.816654205322266,0.0,43354.90715787937,7417.267558093376,276.75155716591405,358.94863184587183,0.0,0.75,10.0,0.0,0.0,8.8,24.1,46.3,0.418,0.0,1.0,4.0,263699.0805724584,431.6,354.6,213.8,640954
1,4002.0,52.69037628173828,112.4569320678711,0.0143800806254148,4.1581621170043945,110.12530517578124,32.787193298339844,0.0,47803.85133701567,1976.3240893248671,2036.4831449146104,0.0,0.0,0.5,30.0,0.3,1.5,32.400000000000006,81.2,113.6,0.429,0.0,0.0,0.0,999999.0,493.2,318.2,188.6,640948
1,1620.0,31.255767822265625,221.76031494140625,-0.0007843683706596,4.549736022949219,34.852569580078125,15.708277702331545,0.0,36436.80239956073,18.597411054386075,221.25788022714465,771.3429664804065,49.01972247230376,0.75,10.0,0.5,2.0,22.6,45.9,58.900000000000006,0.429,0.0,0.0,0.0,999999.0,336.6,362.6,300.8,640945
1,2040.0,19.20342445373535,291.8014221191406,0.0075822249054908,4.859612464904785,15.646584510803224,8.440971374511719,0.0,46908.86615899523,1605.6163751785868,1286.6532975782234,94.37109426964864,0.238732414637843,0.75,10.0,0.3,1.1,28.8,86.30000000000001,140.1,0.408,0.0,0.0,0.0,999999.0,385.0,337.0,278.0,640957
1,2040.0,19.20342445373535,291.8014221191406,0.0075822249054908,4.859612464904785,15.646584510803224,8.440971374511719,0.0,46908.75003331526,1605.7552046953592,1286.7612228931298,94.35909293022932,0.238732414637843,0.75,10.0,0.3,1.1,28.8,86.30000000000001,140.1,0.408,0.0,0.0,0.0,999999.0,385.0,337.0,278.0,640957
1,4179.0,25.17503547668457,153.43495178222656,0.0033989276271313,4.67538595199585,23.700071334838867,12.884099006652832,0.0,27237.79569390504,23.59821359576713,224.5380582505374,320.2960197163266,6.604930138313657,0.3499999940395355,100.0,0.0,0.3,4.3,39.6,67.1,0.428,3.0,3.0,6.9,25611.773564853687,497.8,345.0,157.2,640915
1,4002.0,52.69037628173828,112.4569320678711,0.0143800806254148,4.1581621170043945,110.12530517578124,32.787193298339844,0.0,47803.85133701567,1976.3240893248671,2036.4831449146104,0.0,0.0,0.5,30.0,0.1,0.9,20.4,59.69999999999999,94.8,0.425,0.0,0.0,0.0,999999.0,493.2,318.2,188.6,640948
1,1342.0,14.93191146850586,345.9637451171875,-0.0054905759170651,5.03339433670044,10.912971496582031,8.2915620803833,0.0,46008.63954187337,18.66381354900241,372.96292097090486,650.22774315196,40.98239784616305,0.75,10.0,0.0,0.0,0.4,6.5,63.1,0.406,0.0,3.0,6.9,2863.412764516487,318.2,375.2,306.6,640941
1,2040.0,19.20342445373535,291.8014221191406,0.0075822249054908,4.859612464904785,15.646584510803224,8.440971374511719,0.0,46908.75003331526,1605.7552046953592,1286.7612228931298,94.35909293022932,0.238732414637843,0.75,10.0,0.0,0.1,1.2000000000000002,6.5,21.7,0.373,0.0,0.0,0.0,999999.0,376.2,337.2,286.4,640957
1,2660.0,11.9050874710083,94.39869689941406,-0.0018301918171346,5.192260265350342,7.994982719421387,5.700877189636231,0.0,49816.61816664603,43.80956243313666,497.4197531390829,711.5538316465345,49.17887741539566,0.5,30.0,0.6,1.7999999999999998,13.4,41.3,101.7,0.432,2.0,2.0,4.3,77842.05954996246,322.2,390.8,287.2,640948
1,3891.0,17.666894912719727,66.03750610351562,-0.0002614558616187,4.926539897918701,13.98941135406494,8.124038696289062,0.0,44928.76812975176,9149.05195043202,1857.018160654332,60.72613529341566,0.0,0.75,10.0,0.2,0.8,2.6,6.3,27.8,0.429,0.0,2.0,4.3,87159.83006092897,468.0,363.8,168.2,640954
1,947.0,15.16573429107666,252.6459808349609,-0.0002614560944493,5.029262542724609,11.227572441101074,7.224091529846191,0.0,34060.13183485325,65.6351787837088,1092.2491476131142,439.0528194928104,0.238732414637843,0.75,10.0,0.1,0.1,3.9,7.300000000000001,62.6,0.388,0.0,2.0,4.3,76484.19378590478,365.8,352.2,282.4,640957
1,2423.0,33.289432525634766,232.00128173828125,0.001568736275658,4.505328178405762,39.01742172241211,17.102630615234375,0.0,44296.1499041507,2270.938180430936,1614.2665352669037,179.15005931119825,0.0,0.75,10.0,0.1,0.4,3.2,6.5,52.1,0.395,0.0,2.0,4.3,84773.74346934054,308.8,363.0,328.4,640915
1,1504.0,14.532262802124023,273.57635498046875,-0.0010458240285515,5.024413585662842,10.218966484069824,7.874007701873779,0.0,48761.83382977486,7.486103787408178,830.8787756121574,427.4286930181127,98.35775483079132,0.050000000745058,50.0,0.5,2.9,25.0,47.5,92.3,0.431,1.0,3.0,4.5,53018.18877753196,353.2,345.8,301.0,640939
1,4002.0,52.69037628173828,112.4569320678711,0.0143800806254148,4.1581621170043945,110.12530517578124,32.787193298339844,0.0,47803.85133701567,1976.3240893248671,2036.4831449146104,0.0,0.0,0.5,30.0,0.5,3.2,18.0,29.8,114.5,0.429,1.0,4.0,4.9,65542.26730939245,503.0,311.0,186.0,640948
1,1399.0,27.764293670654297,10.619654655456545,0.0054905759170651,4.55207633972168,26.281259536743164,13.910428047180176,0.0,53825.46214298813,284.00155745877413,98.09041007308365,603.5578377563023,96.05000815595884,0.75,10.0,10.8,29.000000000000004,81.6,131.0,234.3,0.431,0.0,1.0,4.7,223579.68903402265,323.0,377.4,299.8,640957
1,1511.0,20.41789054870605,182.48956298828125,-0.0002614560071378,4.747573375701904,15.977887153625488,9.874208450317385,0.0,39600.07691697545,65.84399434220529,785.2229588482123,209.7684463248061,306.8507302811742,0.050000000745058,50.0,7.8,23.6,90.9,243.8,389.8,0.431,0.0,0.0,0.0,999999.0,344.6,357.2,298.4,640934
1,4002.0,52.69037628173828,112.4569320678711,0.0143800806254148,4.1581621170043945,110.12530517578124,32.787193298339844,0.0,47803.85133701567,1976.3240893248671,2036.4831449146104,0.0,0.0,0.5,30.0,5.3,12.5,35.099999999999994,75.1,205.9,0.433,1.0,1.0,4.6,47678.51031754317,503.0,311.0,186.0,640948
1,3827.0,17.430036544799805,214.508529663086,0.0002614561235532,4.952239513397217,13.946660995483398,8.0,0.0,36343.71597649703,591.4056938465294,766.8584989294783,452.7752560221131,16.552114081557114,0.75,10.0,5.3,12.5,35.099999999999994,75.1,205.9,0.428,1.0,1.0,4.6,57245.04177874287,457.2,375.6,167.2,640954
1,2150.0,48.95380783081055,324.74365234375,-0.007320768199861,4.248836040496826,92.36468505859376,27.937429428100582,0.0,43334.23838696757,912.0256894781282,40.09949322347628,777.6766254203882,12.334508089621888,0.75,10.0,4.8,13.5,44.0,86.2,273.1,0.437,1.0,1.0,4.6,36495.28698074656,436.0,356.0,208.0,640945
1,1935.0,13.749568939208984,172.4053497314453,-0.0044447518885135,5.082090854644775,9.646242141723633,7.123903274536133,0.0,42220.81602398557,31.754989480703,62.219948071510046,683.8302832720569,16.39295913846522,0.5,30.0,0.3,1.0,2.9,16.700000000000003,83.69999999999999,0.416,0.0,1.0,4.6,277862.8457187239,324.0,404.0,272.2,640945
1,2237.0,36.31444549560547,309.6441650390625,0.0005229117814451,4.449836730957031,46.245391845703125,21.424285888671875,0.0,55144.99791687126,1875.7993553680592,305.92884098740683,491.14995750349135,4.297183463481174,0.75,10.0,4.8,13.5,44.0,86.2,273.1,0.437,1.0,1.0,4.6,36396.26188827639,439.0,350.0,211.0,640954
1,3165.0,37.84658050537109,192.0114898681641,0.0141186248511075,4.337005615234375,46.17002868652344,20.832666397094727,0.0,37211.47938914308,7.620332337511972,807.8916907929207,570.4731261796012,4.535915878119018,0.5,50.0,1.9,4.199999999999999,19.4,50.89999999999999,96.1,0.43,1.0,1.0,3.9,74167.40667442791,443.0,343.0,214.0,640915
1,3762.0,12.272893905639648,221.9872283935547,0.0049676639027893,5.224753379821777,8.793439865112305,5.656854152679443,0.0,32299.43668726185,10.87099000440306,4.209990729124654,393.7029118979703,8.594366926962348,-0.2000000029802322,30.0,0.0,0.2,24.2,82.4,189.1,0.42,0.0,1.0,3.9,68795.8702778733,449.0,370.0,181.0,640915
1,2005.0,24.19297790527344,120.25643157958984,0.0067978557199239,4.710596084594727,22.4285831451416,10.319883346557615,0.0,67705.65635878142,70.88161532975815,1438.4982682988857,0.0,20.84929754503829,0.75,10.0,0.6,1.9,35.900000000000006,56.8,126.2,0.422,2.0,4.0,4.9,154255.114393969,371.6,337.0,291.4,640954
1,1388.0,25.751989364624023,256.4295654296875,0.007320768199861,4.619243621826172,23.59937286376953,12.961481094360352,0.0,64625.16442925383,0.9104655828672344,945.5461932855308,609.3278431629439,119.76409467665124,0.75,10.0,0.6,1.9,35.900000000000006,56.8,126.2,0.424,2.0,4.0,4.9,160361.2970127141,324.6,378.0,297.6,640941
1,3426.0,30.480314254760746,195.9454040527344,0.0018301919335499,4.508265018463135,31.44338035583496,15.524174690246582,0.0,35023.56062944349,28.095641880700644,75.88957358742775,637.9038965758682,1.0345071300973196,0.5,30.0,0.0,0.2,2.0,31.0,151.3,0.404,0.0,1.0,4.9,326680.8596709933,418.0,332.0,250.0,640915
1,1614.0,11.871017456054688,157.380126953125,-0.0023531042970716,5.234002590179443,8.28674030303955,6.819090843200684,0.0,36282.018843826365,32.17763648670895,222.3685779188233,756.5129209749906,49.49718730157945,0.050000000745058,50.0,0.0,0.0,3.7,23.5,201.2,0.422,0.0,2.0,4.9,311407.00637854845,439.0,358.0,203.0,640945
1,4002.0,52.69037628173828,112.4569320678711,0.0143800806254148,4.1581621170043945,110.12530517578124,32.787193298339844,0.0,47803.85133701567,1976.3240893248671,2036.4831449146104,0.0,0.0,0.5,30.0,0.0,0.7,10.3,68.10000000000001,185.9,0.416,5.0,159.0,7.3,107026.483773737,493.2,318.2,188.6,640948
1,1845.0,29.75581359863281,135.0,-0.0010458244942128,4.583134651184082,31.96971321105957,14.115593910217283,0.0,35202.59735500104,44.94497871572322,368.07779230998096,563.7893547905624,14.085212463632738,0.75,10.0,2.0,8.2,30.6,105.4,156.60000000000002,0.433,0.0,2.0,4.0,230204.1570721036,454.0,354.0,193.0,640945
1,252.0,22.4502067565918,329.4207763671875,-0.0099353287369012,4.763792514801025,20.007858276367188,10.06385898590088,0.0,27287.559947354308,61.65624995616793,117.49029810825996,656.333575659915,45.99577855355776,0.75,10.0,0.0,0.0,2.4000000000000004,43.3,193.8,0.398,4.0,16.0,5.1,224168.01987333017,358.2,353.2,288.8,640957
1,1493.0,39.55387115478516,156.94869995117188,0.0115040643140673,4.356719970703125,53.20740509033203,20.784608840942383,0.0,50836.31990799423,70.53731943620384,908.6820754461694,430.9042259382214,66.76549862705009,0.75,10.0,0.5,2.2,16.9,99.7,299.2,0.425,5.0,7.0,4.7,83416.53873825517,340.4,367.6,291.8,640939
1,308.0,19.1457748413086,207.758544921875,-0.0094124171882867,4.873924732208252,15.769506454467772,9.042434692382812,0.0,36599.89655406799,5.655557363584273,338.8720829290411,728.1344832905893,53.79437076506063,0.050000000745058,50.0,0.5,1.6,3.0,3.0,14.400000000000002,0.429,1.0,1.0,4.4,286627.0244206748,368.0,368.0,264.0,640957
1,661.0,41.16985321044922,236.3099365234375,-0.0073207691311836,4.359795093536377,59.835575103759766,20.56316566467285,0.0,46402.99820147758,33.32601886713884,101.2425513766338,436.727794825079,0.6366197723675814,0.75,10.0,0.7,3.5,22.8,61.4,205.4,0.422,0.0,1.0,4.7,206056.8660764857,364.0,346.0,290.0,640957
1,1796.0,0.0,-0.0,-0.0,10.33923053741455,0.0309222228825092,0.0,0.0,67434.25722978458,381.97848824307954,0.0,204.68912446919185,54.03310317969847,0.75,10.0,0.5,1.5,23.6,72.5,347.79999999999995,0.429,0.0,0.0,0.0,999999.0,315.2,368.6,316.0,640954
1,3237.0,45.93228912353516,197.300537109375,0.0031374713871628,4.229034900665283,73.26864624023438,23.23789978027344,0.0,53168.31744633387,4063.614574234178,157.20621702761522,945.2882493296715,0.0,0.75,10.0,0.0,0.2,15.6,46.6,117.5,0.42,0.0,0.0,0.0,999999.0,497.0,328.0,175.0,640954
1,614.0,46.62677001953125,55.58163070678711,0.0107196969911456,4.279458045959473,80.88990783691406,26.893888473510746,0.0,54056.159603354565,18.137028781728294,53.34500046991008,455.9454207117792,104.72395255446712,0.75,10.0,2.6,8.6,78.19999999999999,156.2,212.1,0.439,1.0,2.0,4.2,284419.9508459459,386.8,320.2,292.8,640957
1,1586.0,23.599483489990234,182.12110900878903,0.0062749446369707,4.63303279876709,19.62555503845215,10.677078247070312,0.0,39808.24676818188,48.67787276264868,1049.819624476191,199.6102905201745,301.2007298014119,0.75,10.0,0.0,0.0,2.1,108.6,247.4,0.408,0.0,2.0,4.2,296862.6527421225,370.0,349.0,281.0,640934
1,324.0,37.33343505859375,4.864514350891113,-0.0062749437056481,4.303729057312012,43.03427505493164,19.023012161254883,0.0,36140.79133879527,12.921317567469227,75.83688043583552,693.6122296182804,52.12324386259572,0.75,10.0,0.0,0.0,0.0,31.7,222.2,0.384,0.0,1.0,4.0,313063.34918984084,341.6,372.6,285.8,640957
1,1671.0,35.2193603515625,159.90475463867188,-0.0018301918171346,4.424459457397461,41.59488677978516,24.11949348449707,0.0,41374.43072226128,66.30426736499167,804.2972668297656,864.6591535587819,3.9788735772973833,0.75,10.0,0.1,5.4,39.9,55.8,146.6,0.428,1.0,2.0,4.4,52972.36027118118,405.0,341.0,255.0,640954
1,2250.0,47.91318130493164,208.8108062744141,0.0078436816111207,4.247408866882324,85.7245101928711,24.124675750732425,0.0,43082.34904023191,15.605839028956574,413.2046163173681,588.025656555944,6.604930138313657,0.75,10.0,2.4,3.8,54.8,108.8,142.5,0.43,0.0,2.0,4.5,252707.7517782958,326.0,373.2,300.8,640957
1,1320.0,32.236122131347656,112.61986541748048,0.0169946402311325,4.493923664093018,35.58066940307617,15.992185592651367,0.0,57872.61474321339,277.8511313291734,687.7512093508302,520.8895867877268,165.68029575866305,0.75,10.0,4.4,6.7,66.6,72.0,95.5,0.43,0.0,2.0,4.5,236888.89995468385,319.6,365.8,314.4,640957
1,1399.0,27.764293670654297,10.619654655456545,0.0054905759170651,4.55207633972168,26.281259536743164,13.910428047180176,0.0,53825.46214298813,284.00155745877413,98.09041007308365,603.5578377563023,96.05000815595884,0.75,10.0,0.5,1.6,10.3,193.3,305.6,0.426,0.0,1.0,4.8,281822.90620225936,323.0,377.4,299.8,640957
1,1303.0,9.1850004196167,90.0,0.0036603840999305,5.403393268585205,5.808480262756348,4.769696235656738,0.0,42067.43895512257,88.77093482402711,101.72504036112508,671.6233981212363,4.7746482927568605,0.75,10.0,0.3,4.2,19.7,99.9,184.9,0.428,0.0,2.0,4.4,158598.36163160906,362.0,383.0,255.0,640957
1,1024.0,24.481674194335938,263.884521484375,-0.0054905749857425,4.624488830566406,21.13789749145508,12.293291091918944,0.0,51117.704021228834,2.042812015651664,1047.3976906235,378.4771568723936,77.19014739956924,0.75,10.0,1.3,4.2,132.9,338.2,832.8,0.43,1.0,1.0,5.3,217837.8979289305,325.6,371.4,303.0,640957
1,1273.0,14.175137519836426,320.1944274902344,-0.0028760163113474,5.111854076385498,10.588598251342772,7.097534656524658,0.0,48689.13826005002,42.26335019725399,915.377036800127,720.7883340860252,121.83310893684587,0.75,10.0,1.3,4.2,132.9,338.2,832.8,0.43,1.0,1.0,5.3,219299.20274967555,326.2,353.4,320.8,640957
1,2696.0,18.83440971374512,84.55966186523438,-0.0091509595513343,4.823257446289063,14.470138549804688,9.974968910217283,0.0,49908.54632224674,7.422846547428922,452.3845630405846,699.3693652366452,51.80493397641193,0.5,30.0,0.1,1.1,33.8,88.39999999999999,220.6,0.423,1.0,1.0,5.3,232415.9188562853,340.6,383.8,275.8,640948
1,1200.0,51.71080017089844,194.0362548828125,-0.011765519157052,4.125683784484863,99.33824920654295,30.957632064819336,0.0,52274.36237661747,614.411993299247,524.1969984173328,652.2105026797334,18.30281845556797,0.5,30.0,0.7,1.3,23.5,210.6,599.3,0.429,1.0,1.0,5.3,225586.86122163056,329.4,364.6,305.8,640954
1,1648.0,6.522665023803711,261.8699035644531,-0.0007843680214136,5.721734046936035,3.9928789138793945,3.4278273582458496,0.0,48644.20732540556,0.5761911881529382,777.8235579520624,155.30767370717714,96.52747298523452,0.050000000745058,50.0,0.1,0.2,40.1,201.6,548.5,0.407,1.0,2.0,5.3,202138.1488188688,306.0,365.8,328.2,640957
1,1325.0,25.17503547668457,310.8150939941406,-0.0075822239741683,4.695024490356445,24.17010307312012,11.994790077209473,0.0,37729.23642244549,15.895085254279968,32.269483949231244,578.4345724682292,39.2316934721522,0.5,10.0,0.0,0.1,0.1,33.9,261.4,0.383,1.0,1.0,5.3,214027.54902393627,367.0,357.0,276.0,640954
1,40.0,3.336585760116577,56.30992889404297,-0.0005229120142757,6.351368427276611,1.9485265016555784,1.4989416599273682,6.0,30357.292626794817,667.9383859767095,7392.467895368475,0.0,0.477464829275686,0.75,10.0,0.2,0.2,9.8,81.0,172.39999999999998,0.404,0.0,3.0,4.2,255613.7185460612,430.2,297.0,273.0,655325
1,213.0,2.927142381668091,341.5650634765625,-0.0020916480571031,6.467477321624756,1.6834042072296145,1.448328733444214,0.0,3743.008101425248,3018.438348606723,2072.6499426955,0.0,0.0,0.75,10.0,0.0,0.1,1.1,24.6,46.2,0.413,1.0,3.0,4.6,310688.18124148494,353.0,343.0,304.0,655502
1,190.0,9.230024337768556,185.71060180664065,-0.007320768199861,5.412240982055664,5.918700695037842,4.991398811340332,0.0,6042.55666872862,25.199985760129707,8750.159100424096,0.0,0.0,0.75,10.0,0.0,0.0,3.9,14.2,110.3,0.403,0.0,0.0,0.0,999999.0,367.0,371.0,262.0,655502
1,169.0,1.309969782829285,45.0,-0.0023531042970716,7.2413506507873535,0.7299740314483643,1.1558276414871216,0.0,14570.33996671308,2183.0602475355654,4673.035212204868,0.0,0.0,0.75,10.0,0.0,0.0,0.0,0.0,0.0,0.224,0.0,1.0,4.5,52516.0757838968,331.0,409.0,260.0,655524
1,36.0,1.8522543907165527,180.0,-0.0044447523541748,6.894777297973633,1.0323392152786257,1.4486658573150637,11.0,18518.645362003164,116.3153436849138,4575.510039734757,0.0,0.0,0.75,10.0,4.0,21.0,74.1,204.5,389.2000000000001,0.458,0.0,3.0,4.6,250831.8032002863,381.2,334.0,285.0,655436
1,110.0,7.19770097732544,39.80556869506836,2.9103830456733704e-11,5.664364337921143,4.599712371826172,2.8716013431549072,0.0,1899.230944341968,71.79529886343754,9461.526645089656,0.0,0.0,0.75,10.0,4.0,21.0,74.1,204.5,389.2000000000001,0.429,0.0,2.0,4.6,225997.1298964875,411.2,323.2,265.2,655436
1,52.0,3.924445152282715,315.0,0.0049676643684506,6.2035064697265625,2.3271255493164062,1.7284526824951172,0.0,8218.740935747837,966.6373250578976,1784.4066083320497,93.70188673540947,0.238732414637843,0.75,10.0,0.2,0.8999999999999999,8.299999999999999,30.7,53.5,0.5,0.0,2.0,4.5,271881.0646085066,370.6,344.0,285.6,655424
1,29.0,3.814206600189209,284.0362548828125,-0.0033989280927926,6.217236518859863,2.2282254695892334,1.8324934244155884,0.0,16316.697413246286,16.430032974430798,861.7480158621312,0.0,236.0267806052808,0.75,50.0,0.5,1.6,12.0,40.6,85.9,0.486,0.0,2.0,4.5,247833.2377362043,325.0,396.0,278.0,655436
1,35.0,3.814206600189209,194.0362548828125,-0.0013072800356894,6.217236518859863,2.2282254695892334,1.257060170173645,11.0,14494.123677230487,140.65722506721607,354.46747013675946,324.1013186441929,38.11760887050893,0.5,30.0,0.7,4.5,16.0,39.2,152.70000000000002,0.43,0.0,1.0,4.3,241012.39389250232,329.4,358.6,312.0,655436
1,138.0,3.336585760116577,56.30992889404297,0.0007843680796213,6.351368427276611,1.9485265016555784,1.5718470811843872,0.0,16944.28460777853,2171.7634124589176,3708.746546761569,0.0,0.0,0.75,10.0,0.9,6.300000000000001,12.1,27.5,141.4,0.428,0.0,1.0,4.3,235944.20600223856,351.0,391.0,258.0,655513
1,128.0,0.9263692498207092,90.0,0.003921840339899,7.572137355804443,0.508084774017334,1.2865742444992063,0.0,16185.134442481529,1792.215746742354,1228.1746304345004,309.824493468034,0.0,0.75,10.0,0.3,9.8,16.6,32.5,145.60000000000002,0.428,0.0,1.0,4.3,231822.80967364577,410.0,317.0,272.0,655524
1,116.0,6.190611839294434,26.56505012512207,-0.0031374720856547,5.788630485534668,3.842212200164795,3.5625,0.0,475.5029981471261,354.7595361274492,3478.060605869337,0.0,0.0,0.75,10.0,0.4,0.7000000000000001,13.6,81.0,106.0,0.428,0.0,1.0,4.4,261795.5480237179,403.2,333.8,262.8,655436
1,127.0,3.814206600189209,284.0362548828125,-0.0070593124255537,6.217236518859863,2.2282254695892334,3.37007737159729,0.0,6466.47232722117,585.463775634065,1163.3714929225553,281.1487414383059,0.0,0.75,10.0,12.8,23.5,37.8,95.0,181.2,0.43,0.0,1.0,4.4,258302.7775603813,410.0,317.0,272.0,655480
1,79.0,5.911112308502197,231.34019470214844,-0.0052291206084191,5.835175514221191,3.667474269866944,3.8297510147094727,0.0,898.3939036187263,2265.4799380694453,12388.474900303128,0.0,0.0,0.75,10.0,7.0,11.3,24.4,92.9,175.6,0.43,0.0,1.0,4.4,249546.69808232688,367.4,362.4,270.2,655436
0,4991.0,30.136510848999023,347.125,0.0036603852640837,4.5031418800354,30.432748794555664,13.928388595581056,0.0,60660.63944271766,50104.52279067162,44427.16318022486,0.0,0.0,0.3499999940395355,100.0,0.0,0.0,14.6,19.8,32.2,0.33,1.0,2.0,5.2,179608.33020218756,573.4,312.8,113.6,539514
0,295.0,16.132545471191406,153.43495178222656,0.0041832961142063,4.999851226806641,12.41528034210205,6.930458068847656,6.0,19109.218152411733,72387.02303656952,30991.41680074132,0.0,0.0,0.75,10.0,0.0,0.2,0.5,0.5,1.4,0.307,0.0,0.0,0.0,999999.0,362.6,364.2,273.2,742874
0,275.0,8.22935962677002,116.5650405883789,-0.0005229121888987,5.542422771453857,5.339888572692871,3.674234628677368,6.0,10106.302130145952,124652.63930709164,92310.5614199496,0.0,0.0,0.75,10.0,0.8,2.5,22.6,32.400000000000006,67.80000000000001,0.451,0.0,0.0,0.0,999999.0,375.4,333.4,291.2,743052
0,4369.0,38.61503601074219,111.37061309814452,0.0018301913514733,4.366644859313965,50.25719451904297,19.39072036743164,16.0,25969.531743670545,104265.90519885856,79301.76899228085,0.0,0.0,0.5,30.0,0.5,1.4,6.199999999999999,28.7,54.0,0.417,1.0,1.0,4.6,230087.9677470318,471.2,351.0,177.8,640909
0,1895.0,29.75581359863281,118.73978424072266,0.0060134883970022,4.565091133117676,31.398033142089844,13.693063735961914,6.0,52427.92553759872,5206.891795349974,8235.623248648531,0.0,0.0,0.75,10.0,0.0,0.0,12.3,103.5,202.2,0.417,0.0,0.0,0.0,999999.0,362.0,334.0,304.0,641306
0,286.0,12.006650924682615,98.74615478515624,0.0018301920499652,5.196612358093262,8.171557426452637,5.476512432098389,0.0,48404.862119030266,74029.36989951089,45629.5570120539,0.0,0.0,0.75,10.0,0.0,0.0,0.7,0.7,35.60000000000001,0.452,1.0,2.0,4.5,128987.893210351,370.4,344.4,285.2,742580
0,10.0,0.9263692498207092,-0.0,0.0015687361592426,7.572137355804443,0.508084774017334,0.7370246052742004,0.0,215269.57086464736,263598.97427436075,248437.89496345856,0.0,0.0,0.6000000238418579,40.0,0.0,0.0,0.3,13.8,44.0,0.356,0.0,0.0,0.0,999999.0,277.2,418.0,304.6,653072
0,8.0,2.0707030296325684,333.4349365234375,-0.0002614560071378,6.798747539520264,1.172268629074097,0.9938125014305116,11.0,46103.46833694541,110389.16566570486,103917.23037127024,0.0,0.0,0.6000000238418579,10.0,0.0,0.0,0.0,2.2,2.2,0.217,0.0,0.0,0.0,999999.0,290.6,378.8,330.6,331691
0,1278.0,4.622196197509766,306.8699035644531,-0.003921840339899,6.053886890411377,2.782968044281006,3.335416078567505,0.0,13178.457899414663,1172.9382365585575,182.8716306608708,610.2747578398843,0.0,0.6000000238418579,40.0,0.0,0.0,5.2,12.2,45.3,0.413,0.0,0.0,0.0,999999.0,328.2,367.6,304.6,653249
0,4579.0,14.341259002685549,71.56504821777344,0.0013072799192741,5.075564861297607,10.462332725524902,7.348469257354736,16.0,23333.97170414403,106149.71323188902,98258.73009333912,0.0,0.0,0.5,30.0,0.0,0.0,0.0,0.1,0.1,0.326,0.0,1.0,5.1,208857.1964593609,511.8,355.2,133.0,533644
0,12.0,1.309969782829285,135.0,-0.0007843680214136,7.2413506507873535,0.7299740314483643,0.4714117050170898,12.0,41115.36981719176,34476.60332909615,24937.80596532184,0.0,0.0,0.6000000238418579,40.0,0.0,0.0,0.3,16.5,36.6,0.315,0.0,1.0,4.9,235991.9573926852,544.0,227.0,229.0,331366
0,0.0,0.0,-0.0,-0.0013072800356894,10.33923053741455,0.0309222228825092,1.5713484287261963,0.0,8976.580158459336,104302.17091621902,104133.0739352769,0.0,0.0,-0.2000000029802322,80.0,0.0,0.0,0.2,10.1,33.7,0.312,0.0,0.0,0.0,999999.0,215.4,495.6,288.8,331277
0,1258.0,26.32135772705078,191.3099365234375,-0.0101967845112085,4.594046115875244,24.20156478881836,12.772039413452148,0.0,22684.090929336864,7748.223206225877,2395.6614902119186,0.0,0.0,0.75,10.0,0.0,0.0,0.0,0.0,0.0,0.271,1.0,4.0,4.7,70466.83614926526,331.8,352.4,316.0,742625
0,4364.0,38.19732284545898,170.5376739501953,0.0081051364541053,4.315940380096436,46.36276245117188,21.071308135986328,6.0,89492.24817503356,106187.21085127752,103252.10782332336,0.0,0.0,0.5,30.0,0.3,0.6000000000000001,12.0,50.8,65.0,0.407,1.0,1.0,4.8,62102.99716422433,471.2,351.0,177.8,792236
0,1016.0,31.192516326904297,34.11446762084961,-0.0005229117814451,4.543480396270752,34.463165283203125,15.742061614990234,6.0,19617.564526143666,2938.4970159432405,6224.4645032794,0.0,0.0,0.75,10.0,1.3,3.6,25.8,58.3,97.8,0.428,0.0,0.0,0.0,999999.0,328.2,379.2,292.4,742380
0,2515.0,33.55038070678711,1.3971809148788452,-0.0149029921740293,4.360499382019043,34.4322624206543,18.6413516998291,18.0,48195.213753704746,1371.096469135247,2068.2039722290456,0.0,0.0,0.75,10.0,0.1,0.3,0.6,8.9,15.000000000000002,0.385,0.0,2.0,4.2,220430.0364877559,236.0,409.0,355.0,641306
0,21.0,2.927142381668091,251.5650634765625,0.0015687360428273,6.467477321624756,1.6834042072296145,1.4989721775054932,0.0,38281.83772075425,32398.29981510276,19690.32811106103,0.0,0.0,0.6000000238418579,40.0,0.0,0.0,0.0,0.6000000000000001,2.9,0.334,0.0,2.0,4.8,103303.9107524968,314.8,394.0,290.8,331346
0,5216.0,35.93278503417969,128.65980529785156,-0.0036603836342692,4.455847263336182,45.24061584472656,18.330303192138672,16.0,52383.04632068613,56932.25712951424,52824.41371955008,0.0,0.0,0.0,60.0,0.0,0.0,0.0,2.9,5.8,0.248,1.0,2.0,4.2,11720.558128132056,611.0,273.0,116.0,537720
0,13.0,3.814206600189209,104.03623962402344,-0.0010458240285515,6.217236518859863,2.2282254695892334,1.4740543365478516,11.0,102471.1741315942,96765.47326741125,87167.73054800037,0.0,0.0,0.6000000238418579,40.0,0.5,1.5,28.3,86.20000000000002,177.7,0.423,0.0,0.0,0.0,999999.0,220.0,426.0,354.0,331606
0,3957.0,24.81874084472656,53.53076553344727,0.003137472551316,4.70149040222168,23.54958724975586,15.716233253479004,23.0,111978.2796229518,21075.18480236569,1465.4421301053248,175.30519884814845,0.0,0.75,10.0,0.5,1.0,9.0,24.200000000000003,109.1,0.429,1.0,3.0,0.0,145720.04448666083,469.4,349.8,180.8,537720
0,582.0,23.33820533752441,282.99462890625,-0.0018301922827959,4.689074993133545,20.245006561279297,11.124298095703123,16.0,19063.27256106037,35337.909970905595,39960.900615257866,0.0,0.0,0.75,10.0,0.0,0.0,0.6000000000000001,12.5,19.6,0.349,0.0,0.0,0.0,999999.0,381.0,356.0,263.0,742625
0,5059.0,35.0699577331543,141.54627990722656,0.0217008478939533,4.47155237197876,43.12017059326172,16.124515533447266,16.0,9547.892056750132,30700.818645521813,27269.5255012487,0.0,0.0,0.0,60.0,1.9,3.3,20.7,41.900000000000006,141.2,0.518,0.0,0.0,0.0,999999.0,481.0,409.0,110.0,537720
0,324.0,11.45334815979004,331.3895263671875,0.0033989280927926,5.270829200744629,7.987120151519775,4.642702579498291,0.0,28964.964258492862,66457.54979711298,63465.0007720779,0.0,0.0,0.75,10.0,0.2,4.3,50.9,92.0,131.7,0.498,2.0,2.0,4.5,182358.10358334743,341.6,372.6,285.8,742713
0,6.0,1.309969782829285,135.0,-0.0002614560071378,7.2413506507873535,0.7299740314483643,0.6285391449928284,11.0,27841.63953681605,101056.99953332076,100331.60939289397,0.0,0.0,0.6000000238418579,40.0,1.3,3.5,17.6,45.8,173.39999999999998,0.514,0.0,3.0,5.0,93382.22203779634,331.8,358.0,310.0,332144
0,69.0,4.976532936096191,111.80140686035156,-0.0010458240285515,5.979676723480225,2.9973483085632324,2.233118057250977,6.0,11930.196136637704,498.12045007177227,3750.671159649047,0.0,21.645072260497766,0.75,10.0,0.2,1.6,8.7,32.2,55.900000000000006,0.389,0.0,0.0,0.0,999999.0,369.0,349.0,282.4,653072
0,1856.0,41.04803085327149,301.3287048339844,0.0010458233300596,4.356752395629883,59.14392852783203,20.2669677734375,18.0,71690.56935365191,749.2084072468382,509.878617924348,345.46720117961394,0.0,0.75,10.0,0.0,0.0,5.4,9.7,70.4,0.436,1.0,2.0,4.7,213034.633240702,337.8,383.0,279.4,654725
0,340.0,9.451704978942873,119.05460357666016,-0.0047062081284821,5.428440093994141,6.3131489753723145,4.636809349060059,6.0,38633.99071173109,92790.52478733704,80663.88038151301,0.0,0.0,0.75,10.0,0.0,0.0,0.7000000000000001,16.6,37.5,0.412,0.0,0.0,0.0,999999.0,359.4,351.6,289.0,742713
0,864.0,6.713759422302246,344.0545959472656,0.000261455978034,5.706815719604492,4.169779300689697,2.872281312942505,6.0,44413.83054699524,1966.169105028997,1505.270264856764,172.83728068554709,0.0,0.6000000238418579,40.0,0.0,0.0,1.0,10.3,38.9,0.462,0.0,1.0,4.6,286870.267494417,383.0,303.0,313.0,655213
0,896.0,21.226524353027344,177.61404418945312,-0.0002614560071378,4.716672420501709,16.865501403808594,9.509862899780272,6.0,11062.798020757686,882.0277840948676,2865.7753925210063,0.0,0.0,0.5,30.0,0.0,0.0,0.0,0.0,0.0,0.311,0.0,1.0,3.5,101165.4738804172,382.4,334.6,283.0,655069
0,4547.0,19.525882720947266,316.8475952148437,0.000784367788583,4.874466896057129,16.462575912475586,8.83176040649414,16.0,68515.43628909136,121431.2712008044,125121.51012831088,0.0,0.0,0.5,30.0,0.0,0.0,0.1,18.700000000000003,85.10000000000001,0.302,0.0,0.0,0.0,999999.0,486.8,370.0,143.2,533644
0,0.0,0.0,-0.0,-0.0,10.33923053741455,0.0309222228825092,0.0,0.0,25259.85762506621,119734.45071314625,113226.30059462677,0.0,0.0,-0.2000000029802322,80.0,0.0,0.2,18.2,41.5,69.6,0.421,5.0,5.0,4.5,154896.29600812055,215.4,495.6,288.8,0
0,13.0,2.927142381668091,108.43494415283205,-0.0013072800356894,6.467477321624756,1.6834042072296145,1.1547049283981323,11.0,72480.94865724051,69842.27295000429,55315.43375141881,0.0,0.0,0.6000000238418579,40.0,0.0,0.0,0.0,0.0,0.0,0.145,0.0,0.0,0.0,999999.0,275.0,464.0,261.0,331548
0,15.0,2.927142381668091,108.43494415283205,0.0013072800356894,6.467477321624756,1.6834042072296145,1.369863510131836,0.0,246487.78125981896,250093.6405994801,232035.1913531934,0.0,0.0,0.6000000238418579,40.0,0.0,0.7,4.4,11.3,43.900000000000006,0.42,0.0,1.0,4.6,327062.7092860115,156.0,534.0,311.0,653072
0,2084.0,14.852996826171877,52.43140411376953,0.0010458240285515,5.074938774108887,11.250423431396484,6.7082037925720215,18.0,79533.73377035657,86116.21611551022,78531.08181954123,0.0,0.0,0.75,10.0,0.0,0.0,0.0,30.4,153.3,0.363,0.0,0.0,0.0,999999.0,338.2,356.6,305.2,640915
0,68.0,3.336585760116577,303.6900634765625,-0.000784367963206,6.351368427276611,1.9485265016555784,1.3147302865982056,6.0,15050.691816627856,1707.1762772945333,903.251264135871,640.5134276691864,49.49718730157945,0.6000000238418579,40.0,0.0,0.0,0.2,3.6,105.9,0.332,0.0,0.0,0.0,999999.0,411.0,316.0,274.0,653072
0,116.0,1.309969782829285,45.0,0.0005229120142757,7.2413506507873535,0.7299740314483643,0.4960783720016479,6.0,5590.001410036176,347.0227202668643,81.73513070919537,683.8090223378451,7.798592211502871,0.6000000238418579,40.0,0.0,0.0,0.0,0.0,5.199999999999999,0.21,0.0,0.0,0.0,999999.0,429.0,322.0,248.0,653072
0,1368.0,22.756866455078125,207.5528259277344,0.0070593114942312,4.748708248138428,20.31194496154785,11.47824001312256,6.0,77693.86633976818,50748.62388704071,42089.57230740496,0.0,0.0,0.75,10.0,0.0,0.0,3.1,8.8,65.0,0.402,0.0,1.0,4.2,231368.9685337552,304.4,369.6,326.0,640894
0,520.0,11.128658294677734,80.53767395019531,-0.0028760158456861,5.261553287506104,7.459744453430176,5.059026718139648,6.0,2011.712466649821,792.906977989618,357.52948787691633,854.1770779550584,0.0,0.75,10.0,0.0,0.0,0.0,0.0,0.6000000000000001,0.271,0.0,0.0,0.0,999999.0,346.0,359.0,295.0,640614
0,48.0,1.309969782829285,315.0,0.0010458240285515,7.2413506507873535,0.7299740314483643,0.4965702593326568,11.0,52362.8324320539,1092.4281118822073,4883.701629478659,0.0,0.0,0.75,10.0,0.0,0.0,0.1,16.6,54.2,0.43,0.0,1.0,4.5,118853.04540791138,348.0,373.0,279.0,653072
0,244.0,7.427391529083252,209.7448883056641,0.0002614560071378,5.632607936859131,4.748127937316895,3.348273754119873,0.0,18419.94248011364,153213.16037805186,152923.62607420888,0.0,0.0,0.449999988079071,20.0,0.0,0.0,0.0,0.0,0.0,0.312,0.0,0.0,0.0,999999.0,334.6,373.6,292.0,742713
0,40.0,1.8522543907165527,180.0,-0.0010458240285515,6.894777297973633,1.0323392152786257,0.916230082511902,6.0,47220.71905414653,277.5962488586378,2975.311361166356,0.0,0.0,0.75,10.0,0.0,0.0,0.0,0.0,0.0,0.144,0.0,0.0,0.0,999999.0,484.0,277.0,240.0,653072
0,246.0,12.880515098571776,278.1300964355469,-0.0020916480571031,5.137028694152832,8.900449752807617,6.045078277587891,6.0,7456.687108088508,1219.2556517966425,1272.4223143966478,361.56069167094734,1.3528170162811104,0.75,10.0,0.0,0.0,0.0,0.0,0.0,0.196,0.0,1.0,4.8,94398.88032947996,328.6,378.2,293.4,655069
0,25.0,1.309969782829285,45.0,-0.0005229120142757,7.2413506507873535,0.7299740314483643,0.5666082501411438,0.0,91847.1446582244,97738.39430619193,77155.73533118374,0.0,0.0,0.050000000745058,50.0,0.0,0.3,11.2,15.3,40.2,0.423,0.0,0.0,0.0,999999.0,386.6,335.4,277.4,331334
0,7.0,2.618571519851685,225.0,-0.0007843680214136,6.579049110412598,1.5056828260421753,1.6178019046783447,11.0,52178.88906778256,172229.08259751686,172425.73539729102,0.0,0.0,0.75,10.0,0.0,0.0,0.0,0.0,0.1,0.236,0.0,0.0,0.0,999999.0,330.0,353.6,316.2,331011
0,3.0,1.309969782829285,315.0,-0.0002614560071378,7.2413506507873535,0.7299740314483643,0.8314791917800903,11.0,115187.85079142611,199440.31712237844,198003.0147141991,0.0,0.0,0.6000000238418579,10.0,0.0,0.0,0.0,0.1,9.6,0.289,0.0,0.0,0.0,999999.0,215.4,495.6,288.8,331839
0,43.0,1.8522543907165527,270.0,0.0033989280927926,6.894777297973633,1.0323392152786257,1.1547181606292725,6.0,88023.06608941137,42438.70755434836,39854.55856195914,0.0,0.0,0.75,10.0,0.0,0.0,1.1,19.4,48.3,0.307,1.0,2.0,4.5,55147.5759501244,417.0,283.0,300.0,332039
0,4487.0,8.47900104522705,12.528807640075684,-0.0005229122471064,5.498475551605225,5.429692268371582,3.741657495498657,16.0,74811.48510421124,98279.72239758028,103183.43556543768,0.0,0.0,0.5,30.0,0.1,0.3,0.5,3.9,20.3,0.333,0.0,0.0,0.0,999999.0,501.0,351.0,147.6,536996
0,4674.0,28.25813674926757,21.16125869750977,0.0219623036682605,4.58015251159668,28.177074432373047,11.135528564453123,0.0,16639.864128137444,19886.38609983383,16294.467443617728,0.0,0.0,0.3499999940395355,100.0,1.7,4.7,24.700000000000003,76.1,110.4,0.427,0.0,0.0,0.0,999999.0,529.6,346.2,124.2,534994
0,10.0,5.226249694824219,315.0,0.0010458240285515,5.944877624511719,3.1943037509918213,1.832491397857666,11.0,1603.5252690617533,20.04181877446609,120.96670851275844,678.8549432164866,83.15845776551532,0.6000000238418579,40.0,0.0,0.0,0.3,0.9,0.9,0.285,0.0,0.0,0.0,999999.0,276.2,393.4,330.2,331342
0,216.0,2.927142381668091,198.43495178222656,-0.0013072800356894,6.467477321624756,1.6834042072296145,1.5245388746261597,0.0,31600.88744687586,50358.724934715625,36533.56291214415,0.0,0.0,0.75,10.0,0.7,1.2999999999999998,5.5,22.2,66.5,0.468,0.0,0.0,0.0,999999.0,355.4,331.4,313.2,742713
0,8.0,2.927142381668091,18.434947967529297,-0.0,6.467477321624756,1.6834042072296145,1.247219800949097,11.0,32162.29274334524,94236.92529270616,81204.16342114632,0.0,0.0,0.6000000238418579,40.0,0.0,0.0,0.2,0.4,119.3,0.4,0.0,0.0,0.0,999999.0,347.0,333.0,320.0,331841
0,3372.0,26.72979736328125,264.47247314453125,-0.0028760153800249,4.555553436279297,24.133602142333984,13.67479419708252,18.0,102685.16673803994,47289.74138139494,39411.34229877485,0.0,0.0,0.5,30.0,0.0,0.0,0.0,0.0,0.0,0.169,0.0,0.0,0.0,999999.0,417.4,355.8,226.8,536319
0,4046.0,13.42752170562744,331.6992492675781,-0.0036603838670998,5.14404821395874,9.769824028015137,6.7082037925720215,16.0,52305.95254035571,43549.90517257618,40077.65142384639,0.0,0.0,0.5,30.0,0.4,1.4,5.800000000000001,22.9,28.1,0.379,0.0,0.0,0.0,999999.0,493.2,318.2,188.6,537198
0,16.0,0.0,-0.0,0.0005229120142757,10.33923053741455,0.0309222228825092,0.3142528831958771,0.0,238228.2040146805,240991.584410582,223117.4905948981,0.0,0.0,0.75,10.0,0.1,0.6,3.8,25.6,34.900000000000006,0.416,0.0,0.0,0.0,999999.0,234.8,448.4,317.0,653072
0,1833.0,40.671607971191406,19.79887580871582,0.0039218398742377,4.324857234954834,55.78597640991211,21.56965446472168,6.0,98831.27513457111,4402.800594283314,4555.78019126858,0.0,0.0,0.75,10.0,0.0,0.0,4.4,7.8,7.8,0.351,0.0,1.0,4.0,188286.82989192088,346.0,354.0,300.0,641118
0,261.0,2.927142381668091,251.5650634765625,-0.0,6.467477321624756,1.6834042072296145,1.5612494945526123,0.0,38984.255980784015,56376.13355276976,55146.3851101339,0.0,0.0,0.75,10.0,0.0,0.0,0.4,0.6000000000000001,0.6000000000000001,0.392,0.0,0.0,0.0,999999.0,339.4,347.0,313.8,742713
0,208.0,2.0707030296325684,243.4349670410156,-0.0018301920499652,6.798747539520264,1.172268629074097,1.370732069015503,6.0,53730.43087430939,96493.54899119432,71892.76234168273,0.0,0.0,0.75,10.0,2.2,4.800000000000001,13.0,35.5,59.1,0.437,0.0,0.0,0.0,999999.0,381.4,317.4,301.2,742580
0,9.0,3.336585760116577,56.30992889404297,-0.0007843680214136,6.351368427276611,1.9485265016555784,1.154701590538025,11.0,75892.38933814914,125931.59689005616,107613.41830612124,0.0,0.0,0.6000000238418579,40.0,0.0,0.0,0.0,0.2,1.2,0.255,0.0,0.0,0.0,999999.0,253.8,419.6,326.4,331548
0,140.0,25.17503547668457,220.81509399414065,0.0013072795700281,4.695024490356445,24.17010307312012,11.24470329284668,0.0,14488.117158000892,3167.792375969861,5993.307864222975,0.0,0.0,0.75,10.0,0.0,0.0,0.0,0.0,0.0,0.223,0.0,0.0,0.0,999999.0,364.4,349.0,286.4,655336
0,125.0,0.9263692498207092,-0.0,-0.0005229120142757,7.572137355804443,0.508084774017334,0.8315083980560303,6.0,21212.31355337636,61.14691600175551,4946.404743687437,0.0,0.3183098861837907,0.6000000238418579,40.0,0.5,1.5,10.8,83.89999999999999,124.5,0.506,0.0,0.0,0.0,999999.0,418.0,309.2,272.6,653072
0,1437.0,36.52480316162109,216.11935424804688,0.0107196951285004,4.442151546478272,46.6021614074707,19.68184471130371,6.0,122767.99330790305,10450.8050659262,443.6141733073645,325.75453764759243,0.0,0.75,10.0,0.0,0.0,0.0,4.0,4.2,0.171,0.0,0.0,0.0,999999.0,313.0,363.0,324.2,641306
0,35.0,1.309969782829285,225.0,0.0020916480571031,7.2413506507873535,0.7299740314483643,0.6664937138557434,0.0,105933.19311409304,110725.90773109769,95925.31267994078,0.0,0.0,0.6000000238418579,40.0,0.0,0.0,1.1,27.5,65.30000000000001,0.409,0.0,0.0,0.0,999999.0,216.0,425.0,359.0,653072
0,61.0,3.814206600189209,194.0362548828125,-0.0018301920499652,6.217236518859863,2.2282254695892334,1.8122305870056152,0.0,8566.779120506464,15.63656157327986,3978.820402856747,0.0,0.0,0.75,40.0,0.0,0.0,0.0,3.8,8.2,0.202,0.0,0.0,0.0,999999.0,345.0,384.0,271.0,655469
0,406.0,13.662606239318848,356.1859130859375,0.0083665922284126,5.075920104980469,9.461307525634766,6.565773010253906,18.0,15799.990429126616,2665.219841525463,4676.119238846877,0.0,0.0,0.75,10.0,0.0,0.0,0.0,4.5,5.0,0.415,0.0,0.0,0.0,999999.0,287.6,402.8,309.6,655021
0,494.0,27.369691848754883,194.4703063964844,0.0013072805013507,4.578830242156982,26.10257148742676,13.131546020507812,0.0,526.9520679894886,11.892640806035883,54.31089488199702,366.6581822164192,1.2732395447351628,0.75,10.0,0.1,0.2,3.6,24.1,82.8,0.411,0.0,0.0,0.0,999999.0,387.4,335.6,276.8,655069
0,4041.0,24.481674194335938,186.11550903320312,0.0047062081284821,4.624488830566406,21.13789939880371,11.704699516296388,18.0,58310.64622916999,63427.51701586523,59983.488664611694,0.0,0.0,0.5,30.0,0.3,1.2,22.4,34.3,92.0,0.425,0.0,0.0,0.0,999999.0,493.2,318.2,188.6,640915
0,1106.0,38.91557693481445,212.7352294921875,-0.0198706537485122,4.394863128662109,52.81845474243164,20.003124237060547,6.0,89536.63636877529,7124.035563703734,432.8188111794155,364.2951458484606,0.0,0.75,10.0,2.1,2.1,4.4,38.400000000000006,53.1,0.362,1.0,1.0,4.3,193615.50391730363,345.2,378.8,276.2,641306
0,40.0,0.9263692498207092,-0.0,-0.0002614560071378,7.572137355804443,0.508084774017334,0.5665005445480347,0.0,131254.26367954136,149072.3629207961,116429.56976552254,0.0,0.0,0.6000000238418579,40.0,0.0,0.0,2.7,13.5,37.7,0.387,0.0,0.0,0.0,999999.0,363.4,345.6,291.0,331523
0,12.0,2.927142381668091,251.5650634765625,0.0010458240285515,6.467477321624756,1.6834042072296145,1.49070405960083,11.0,35377.67977734071,54576.9069893348,54496.635534043926,0.0,0.0,0.75,10.0,0.0,0.0,0.0,0.0,0.0,0.152,0.0,0.0,0.0,999999.0,310.0,366.0,324.0,330895
0,3415.0,22.05823516845703,151.38954162597656,-0.0052291196770966,4.7729315757751465,19.41851806640625,9.899495124816896,18.0,34834.5600675635,184.38702026853457,504.47932359234,400.95464464127554,17.586621211654435,0.75,10.0,0.0,0.2,0.4,0.8,4.700000000000001,0.367,0.0,0.0,0.0,999999.0,416.6,355.6,227.8,641306
0,201.0,9.1850004196167,126.8698959350586,-0.002353104064241,5.457574367523193,6.131872653961182,3.7842187881469727,6.0,6010.422643349427,27102.95198619957,18538.068701149456,0.0,0.0,0.75,10.0,0.0,0.0,1.8000000000000005,2.0,2.0,0.347,0.0,0.0,0.0,999999.0,384.2,324.2,291.6,742713
0,148.0,1.309969782829285,135.0,0.0002614560071378,7.2413506507873535,0.7299740314483643,0.6673173904418945,11.0,45689.2838544847,50926.58458872727,40150.15421763152,0.0,0.0,0.6000000238418579,40.0,0.0,0.0,0.0,0.0,18.3,0.305,1.0,3.0,5.2,117835.08598290842,331.0,354.0,315.0,742811
0,110.0,0.9263692498207092,-0.0,-0.0007843680796213,7.572137355804443,0.508084774017334,0.4708287119865417,6.0,42778.97482295695,97.38173102746433,3092.3460610292914,0.0,0.0,0.75,10.0,0.2,0.5,1.0,5.7,19.4,0.438,0.0,0.0,0.0,999999.0,411.2,323.2,265.2,653072
0,14.0,1.309969782829285,45.0,-0.0,7.2413506507873535,0.7299740314483643,0.6285421848297119,11.0,143445.53097909645,193477.5850211858,182553.64349979977,0.0,0.0,0.75,10.0,0.0,0.0,0.0,0.0,0.0,0.191,0.0,0.0,0.0,999999.0,178.0,545.0,277.0,331890
0,133.0,8.22935962677002,206.56504821777344,0.0031374720856547,5.542422771453857,5.339888572692871,3.5586602687835693,0.0,10656.94946947215,88411.85860517556,90307.05683402676,0.0,0.0,0.449999988079071,10.0,0.6,2.0,12.1,31.4,32.8,0.488,0.0,0.0,0.0,999999.0,331.0,350.0,319.0,742713
0,75.0,3.924445152282715,315.0,0.002353104064241,6.2035064697265625,2.3271255493164062,1.5235776901245115,6.0,18370.586600932736,336.9330513320331,950.8944008670226,0.0,8.91267681314614,0.75,10.0,1.0,3.5,22.5,33.2,93.8,0.427,0.0,0.0,0.0,999999.0,375.4,352.6,272.2,653072
0,29.0,2.927142381668091,71.56504821777344,-0.0013072800356894,6.467477321624756,1.6834042072296145,0.955842673778534,6.0,63211.88795177644,18693.008828434035,13754.42565077099,0.0,0.0,0.6000000238418579,40.0,0.0,0.0,0.6,1.2999999999999998,15.9,0.338,0.0,0.0,0.0,999999.0,289.6,382.8,327.4,331299
0,1273.0,35.666343688964844,345.6506652832031,0.0065363999456167,4.390829086303711,41.56977081298828,17.69180679321289,18.0,15762.15100057711,640.641855590851,170.49950395323253,351.33316864195666,0.0,0.75,10.0,0.0,0.2,1.0,12.8,237.8,0.474,0.0,0.0,0.0,999999.0,321.0,362.4,317.0,653338
0,130.0,3.814206600189209,194.0362548828125,-0.0005229120142757,6.217236518859863,2.2282254695892334,1.6624294519424438,6.0,31344.89112513929,1519.797706345258,0.0,586.0562868626223,0.0,-0.2000000029802322,80.0,0.0,0.0,1.8,4.800000000000001,26.2,0.439,0.0,2.0,4.2,107870.7731107049,391.0,317.0,291.0,653072
0,217.0,3.814206600189209,345.9637451171875,-0.0013072800356894,6.217236518859863,2.2282254695892334,1.3317047357559204,6.0,7222.807505884865,753.6798486063221,1751.3110505254715,138.84764058569763,0.0,0.75,10.0,1.5,3.9,6.5,6.699999999999999,134.7,0.482,0.0,0.0,0.0,999999.0,343.6,350.0,306.4,641736
0,5258.0,22.573591232299805,346.5042724609375,0.0094124153256416,4.715523719787598,19.298608779907227,12.961481094360352,0.0,62066.46640837669,9966.878176356644,131.62428080450857,0.0,0.0,0.0,60.0,0.0,0.0,1.6,4.300000000000001,14.7,0.415,2.0,4.0,4.6,39167.67243921539,565.2,327.8,106.8,535752
0,3129.0,9.230024337768556,354.2893981933594,0.0049676643684506,5.412240982055664,5.918700695037842,5.099019527435303,23.0,110615.81075037776,4998.096367966892,1511.9277461159254,40.094656227285874,0.0,0.75,10.0,0.3,1.4,16.200000000000003,40.6,75.00000000000001,0.427,0.0,0.0,0.0,999999.0,400.4,365.0,234.6,641306
0,189.0,3.336585760116577,123.6900634765625,-0.0005229120142757,6.351368427276611,1.9485265016555784,0.9941233396530152,0.0,10394.653984864231,135134.15505675698,130712.28487470286,0.0,0.0,0.6000000238418579,40.0,0.3,2.7,13.9,28.300000000000004,91.5,0.482,0.0,0.0,0.0,999999.0,361.4,354.4,284.4,742652
0,586.0,3.336585760116577,56.30992889404297,0.0060134883970022,6.351368427276611,1.9485265016555784,1.610512375831604,0.0,19119.964650774866,396.5525405806952,3237.247002384332,0.0,0.0,0.75,10.0,0.3,0.6000000000000001,23.6,30.2,77.8,0.491,0.0,0.0,0.0,999999.0,356.8,355.6,287.8,653516
0,0.0,0.0,-0.0,-0.0,10.33923053741455,0.0309222228825092,0.0,0.0,9906.209479811883,111474.87087682562,109219.77250487127,0.0,0.0,-0.2000000029802322,80.0,0.0,0.0,0.0,0.0,0.0,0.279,0.0,0.0,0.0,999999.0,215.4,495.6,288.8,331277
0,0.0,0.0,-0.0,-0.0,10.33923053741455,0.0309222228825092,0.0,0.0,20409.10547644038,82135.13360219043,85772.14436443547,0.0,0.0,-0.2000000029802322,80.0,0.0,0.0,0.0,0.0,0.0,0.078,1.0,1.0,6.1,102894.54488756062,215.4,495.6,288.8,0
0,1055.0,20.680673599243164,80.13418579101562,0.0088895037770271,4.767969131469727,16.768638610839844,10.511898040771484,0.0,15753.832405399651,372.5894152285492,467.34373020611486,376.9015764485357,0.0,0.75,10.0,0.0,0.0,11.7,66.8,127.5,0.495,0.0,0.0,0.0,999999.0,345.0,342.0,313.0,655213
0,5081.0,11.871017456054688,67.38013458251953,-0.0060134879313409,5.234002590179443,8.28674030303955,4.898979663848877,0.0,6071.645027811479,77918.24029713043,54468.71011963293,0.0,0.0,0.0,60.0,0.0,0.0,2.1,4.4,7.300000000000001,0.232,0.0,0.0,0.0,999999.0,547.4,344.8,107.6,538897
0,4590.0,4.713325023651123,11.309931755065918,-0.0028760160785168,6.019644260406494,2.7968568801879883,2.0,16.0,53123.60954626311,48053.35267925322,43365.82688964334,0.0,0.0,0.5,30.0,0.0,0.0,0.0,0.0,2.3000000000000003,0.281,0.0,0.0,0.0,999999.0,520.6,347.0,132.6,533644
0,83.0,2.0707030296325684,63.4349479675293,0.0005229120724834,6.798747539520264,1.172268629074097,0.8166958689689636,11.0,18705.95887793864,131.77218591304205,1542.4027672406503,60.57149650858789,0.1591549430918953,0.75,10.0,0.0,0.0,0.0,62.0,118.4,0.41,0.0,0.0,0.0,999999.0,378.4,349.2,272.4,653072
0,212.0,1.309969782829285,135.0,-0.0020916480571031,7.2413506507873535,0.7299740314483643,1.1659224033355713,6.0,24979.17936479673,49720.71151520551,44822.53482506635,0.0,0.0,0.75,10.0,0.8,0.8,10.5,18.200000000000003,36.900000000000006,0.509,2.0,2.0,4.0,43134.71087487627,355.4,331.4,313.2,742713
0,57.0,2.618571519851685,135.0,-0.0007843680214136,6.579049110412598,1.5056828260421753,1.0305395126342771,6.0,31130.483007956725,281.19401440440726,1127.5780309988231,324.1645440650704,54.98803283824984,0.6000000238418579,40.0,0.0,0.0,0.0,1.2,1.2,0.285,0.0,0.0,0.0,999999.0,429.2,301.8,269.4,653072
0,1243.0,18.02524757385254,296.5650634765625,0.007320768199861,4.916418552398682,14.455300331115724,8.070006370544434,6.0,28828.0756049866,288427.1443438838,286559.5216885832,0.0,0.0,0.75,10.0,0.0,0.0,0.8,14.8,30.800000000000004,0.485,0.0,2.0,4.5,92811.93532147848,326.0,357.0,317.0,742603
0,358.0,6.713759422302246,105.94538879394533,0.0041832961142063,5.706815719604492,4.169779300689697,3.3992185592651367,6.0,6092.146370515985,5117.764832893972,5612.209800525547,0.0,0.0,0.75,10.0,0.5,1.7,24.6,90.1,152.89999999999998,0.416,0.0,1.0,4.4,130945.69932824797,355.8,346.6,297.6,653072
0,2949.0,28.894411087036133,211.82745361328125,0.0023531038314104,4.591156482696533,30.035755157470703,14.247806549072266,18.0,62948.07046124869,16129.61722132959,1494.8200231709889,243.30130910361711,0.0,0.75,10.0,0.0,0.0,4.7,6.7,7.1,0.36,0.0,1.0,5.3,170195.10223049397,407.0,361.8,231.6,533450
0,371.0,18.932432174682617,225.0,0.0060134874656796,4.896947860717773,15.751739501953123,8.655742645263672,6.0,44170.349363530746,90917.38096237616,78925.4366011261,0.0,0.0,0.75,10.0,0.0,0.0,0.0,0.0,0.0,0.298,0.0,2.0,4.7,83447.93454174159,369.0,341.6,289.4,742580
0,2461.0,3.336585760116577,236.3099365234375,-0.0002614559489302,6.351368427276611,1.9485265016555784,1.0,18.0,23496.136568754315,87.19022178583766,122.83240663504762,1011.8205553583828,0.1591549430918953,0.5,30.0,0.0,0.0,1.2,2.4000000000000004,2.4000000000000004,0.172,0.0,1.0,4.6,153024.8466581333,313.6,368.2,318.4,653837
0,37.0,3.814206600189209,75.96375274658203,0.0015687361592426,6.217236518859863,2.2282254695892334,1.4740595817565918,6.0,49716.26452513048,2837.7159445169523,974.451743961376,208.94687934123124,0.0,0.75,10.0,0.0,0.0,1.6,36.900000000000006,138.60000000000002,0.475,0.0,0.0,0.0,999999.0,381.2,334.0,285.0,653072
0,1012.0,14.202980995178224,296.5650634765625,0.0054905759170651,5.097810745239258,10.48372745513916,6.538348197937012,18.0,15912.112696257967,1185.3352135968596,1441.148323920715,205.42541266309496,0.0,0.75,10.0,0.0,0.0,14.1,36.6,107.6,0.413,0.0,0.0,0.0,999999.0,328.8,370.8,300.0,653948
0,35.0,5.226249694824219,315.0,0.0026145600713789,5.944877624511719,3.1943037509918213,1.7284880876541138,6.0,74550.42623372428,75876.75720033875,60335.23138709446,0.0,0.0,0.6000000238418579,40.0,0.0,0.2,4.8,23.7,54.8,0.417,0.0,0.0,0.0,999999.0,329.4,358.6,312.0,331284
0,1621.0,13.516231536865234,289.6538391113281,0.007320768199861,5.124920845031738,9.716629028320312,7.088723659515381,18.0,47726.635522219774,186.5569173431956,2812.9074589431043,0.0,0.0,0.75,10.0,0.0,0.0,2.8000000000000003,10.8,76.1,0.44,1.0,1.0,4.7,198274.7845066653,363.4,357.0,279.6,655213
0,8.0,1.8522543907165527,270.0,-0.0007843680214136,6.894777297973633,1.0323392152786257,0.9558107852935792,11.0,34673.158525394574,34108.23144801951,6042.472660557334,0.0,0.0,0.550000011920929,90.0,0.9,2.7,9.0,10.0,11.4,0.38,0.0,0.0,0.0,999999.0,325.0,376.0,299.0,331354
0,127.0,8.47900104522705,347.47119140625,0.0070593124255537,5.498475551605225,5.429692268371582,4.021548271179199,0.0,10622.023176910066,2786.857785547542,2640.56190839096,0.0,0.0,0.75,10.0,1.0,3.1,10.2,34.4,193.4,0.423,1.0,1.0,4.6,141231.8851878625,384.0,325.2,290.4,655147
0,17.0,0.0,-0.0,-0.0005229120142757,10.33923053741455,0.0309222228825092,0.4968774616718292,0.0,112869.62889613176,117891.0715402744,96840.30673699152,0.0,0.0,0.6000000238418579,40.0,0.0,0.0,0.0,0.0,0.0,0.14,0.0,0.0,0.0,999999.0,234.8,448.4,317.0,331362
0,2297.0,26.27262687683105,238.3925018310547,-0.0,4.655702590942383,25.630704879760746,13.209844589233398,18.0,87481.59328119025,84102.19262762305,82815.19509227725,0.0,0.0,0.75,10.0,0.0,0.2,0.9000000000000001,0.9000000000000001,30.4,0.41,1.0,1.0,4.9,123013.63185204825,348.8,365.4,285.8,641449
0,12.0,0.9263692498207092,-0.0,0.0007843680214136,7.572137355804443,0.508084774017334,0.4713955223560333,11.0,75755.69630375884,84207.56054977914,65895.9405985994,0.0,0.0,0.6000000238418579,40.0,0.0,0.0,0.1,4.3,4.3,0.302,0.0,1.0,3.7,47947.71204683939,329.0,416.0,256.0,331541
0,3512.0,25.85244941711425,244.29006958007807,-0.010719696059823,4.654836654663086,24.674299240112305,13.114876747131348,6.0,113522.59263902008,15616.66901074837,2948.5298839768684,0.0,0.0,0.75,10.0,0.4,1.2000000000000002,17.400000000000002,26.8,29.6,0.405,1.0,1.0,3.7,156363.16847520412,430.0,392.0,178.0,641306
0,3174.0,47.16678237915039,192.99462890625,0.0031374720856547,4.185876369476318,76.50003814697266,24.43358421325684,18.0,98256.24766821376,68450.93428476703,52599.86043437911,0.0,0.0,0.75,10.0,0.6,1.6,15.4,166.2,233.4,0.428,0.0,0.0,0.0,999999.0,444.0,342.0,214.0,641449
0,35.0,2.0707030296325684,333.4349365234375,-0.0013072800356894,6.798747539520264,1.172268629074097,0.7856128215789795,0.0,98136.85523830264,101098.71073167752,85675.56176658063,0.0,0.0,0.6000000238418579,10.0,0.6,2.3000000000000003,41.1,114.2,278.8,0.433,0.0,0.0,0.0,999999.0,290.2,376.8,333.0,331252
0,1776.0,42.94433975219727,352.0106811523437,0.0057520316913723,4.22163200378418,59.027103424072266,21.3717098236084,6.0,67527.0148114816,95461.57161847725,88780.94174405759,0.0,0.0,0.75,10.0,0.2,0.5,8.9,19.3,30.9,0.426,0.0,0.0,0.0,999999.0,328.4,369.6,301.8,640915
0,765.0,7.427391529083252,29.74488067626953,-0.0057520316913723,5.632607936859131,4.748127937316895,4.153311729431152,18.0,4069.091020214925,2352.128025683385,1445.147327379385,406.8126545184654,0.0,0.75,10.0,0.6,0.6,18.4,56.6,125.1,0.482,0.0,0.0,0.0,999999.0,329.8,370.4,299.8,653516
0,86.0,3.924445152282715,225.0,-0.0010458240285515,6.2035064697265625,2.3271255493164062,1.4906938076019287,11.0,29481.295321723504,56.58759358591537,601.3836718542484,0.0,0.0795774715459476,0.6000000238418579,10.0,0.0,0.0,0.0,0.9000000000000001,3.5,0.177,0.0,1.0,4.2,152167.49831201305,413.0,291.0,296.0,653072
0,793.0,14.532262802124023,266.4236755371094,-0.0026145603042095,5.024413585662842,10.218966484069824,6.304759979248047,16.0,11628.547641224528,174.60692057996363,3371.796409552923,0.0,0.0,0.75,10.0,0.0,0.0,2.3,30.0,75.6,0.466,0.0,0.0,0.0,999999.0,339.0,349.0,313.0,655047
0,37.0,14.175137519836426,39.80556869506836,-0.0047062076628208,5.111854076385498,10.588598251342772,6.43101167678833,0.0,3459.231595724725,185.23910456663697,1311.699876900626,331.0272166273718,0.477464829275686,0.75,10.0,0.0,0.0,0.0,0.5,1.4,0.163,0.0,0.0,0.0,999999.0,409.4,319.4,271.2,653682
0,190.0,24.84540367126465,65.224853515625,-0.0002614565892145,4.680436611175537,23.11533164978028,11.372424125671388,6.0,5159.104760633599,13787.986160134147,296.1545631065415,677.859502180599,0.0,0.75,10.0,0.4,2.7,13.3,17.7,82.5,0.421,0.0,1.0,4.7,121642.01093873996,369.0,360.6,270.6,655069
0,215.0,1.309969782829285,135.0,-0.0007843680796213,7.2413506507873535,0.7299740314483643,0.8315083980560303,6.0,32468.989642672223,67061.68000816324,43517.4338595572,0.0,0.0,0.75,10.0,0.0,0.0,0.0,0.0,0.0,0.296,0.0,0.0,0.0,999999.0,355.4,331.4,313.2,742713
0,109.0,14.532262802124023,356.4236755371094,0.0036603840999305,5.024413585662842,10.218966484069824,5.769244194030762,0.0,5814.183511652467,9897.528617185038,2739.678619533573,0.0,0.0,0.75,10.0,0.1,0.1,2.7,19.9,58.7,0.411,0.0,0.0,0.0,999999.0,362.8,360.4,276.8,331977
0,979.0,25.751989364624023,39.55966567993164,-0.0044447518885135,4.67875862121582,25.046527862548828,11.404494285583496,0.0,33212.8709041942,12552.716714342218,19549.651299677826,0.0,0.0,0.75,10.0,0.0,0.0,15.4,37.5,46.900000000000006,0.391,0.0,0.0,0.0,999999.0,358.8,352.4,288.4,742380
0,63.0,1.309969782829285,315.0,-0.0013072800356894,7.2413506507873535,0.7299740314483643,0.6665852665901184,6.0,40735.33180637744,1461.526252005131,1000.3869545661868,338.54597989044885,0.0,0.6000000238418579,40.0,0.0,0.0,0.0,0.0,0.0,0.282,0.0,0.0,0.0,999999.0,369.8,349.6,280.6,653072
0,7.0,0.9263692498207092,180.0,-0.0007843680214136,7.572137355804443,0.508084774017334,0.4157358705997467,11.0,14990.140925442684,53620.57535649481,32000.788859447053,0.0,0.0,0.6000000238418579,40.0,0.8,1.1,18.8,39.4,98.9,0.419,0.0,0.0,0.0,999999.0,383.0,335.0,282.0,331354
0,90.0,13.035094261169434,24.7751407623291,0.0088895037770271,5.162497043609619,9.358288764953612,6.960231781005859,6.0,4949.434230756351,1375.380754826674,159.57859341573229,851.9910929764701,0.0,0.75,10.0,0.0,0.0,0.1,0.1,13.599999999999998,0.302,0.0,0.0,0.0,999999.0,377.0,355.0,267.8,655069
0,26.0,5.541357040405273,180.0,-0.0010458240285515,5.856933116912842,3.29105281829834,2.1081738471984863,6.0,75086.69035999443,79404.2237555912,65245.66235023565,0.0,0.0,0.6000000238418579,40.0,0.0,0.0,0.3,11.1,20.500000000000004,0.458,0.0,0.0,0.0,999999.0,234.0,422.0,344.0,331173
0,265.0,2.927142381668091,251.5650634765625,0.0031374720856547,6.467477321624756,1.6834042072296145,1.4869221448898315,6.0,6017.807367074594,6654.114904690567,5450.154196931053,0.0,0.0,0.75,10.0,0.0,0.0,0.0,6.000000000000001,6.200000000000001,0.198,0.0,0.0,0.0,999999.0,316.0,363.0,321.0,653026
0,222.0,3.7006449699401855,-0.0,0.0005229120142757,6.232475757598877,2.129356861114502,1.5245388746261597,0.0,28864.41967202779,237790.58820871825,235082.85371554783,0.0,0.0,0.75,10.0,0.9,1.9,12.5,34.5,54.2,0.429,1.0,1.0,4.5,190922.82396057143,343.6,350.0,306.4,742767
0,3436.0,44.21206283569336,201.4477386474609,0.0159488152712583,4.274891376495361,68.0250473022461,23.51595115661621,18.0,41549.41455135687,38240.466482680335,33770.8670310993,0.0,0.0,0.0,60.0,0.7,0.8999999999999999,25.4,64.5,100.3,0.443,0.0,0.0,0.0,999999.0,416.6,355.6,227.8,641482
0,50.0,1.309969782829285,225.0,-0.0026145600713789,7.2413506507873535,0.7299740314483643,0.7370297908782959,6.0,49340.66359621195,164.91719644275955,1141.4373861614672,14.404908423187472,2.7852115041081684,0.5,30.0,0.0,0.0,4.699999999999999,42.7,53.4,0.49,0.0,0.0,0.0,999999.0,341.0,358.0,301.0,653072
0,5136.0,22.4036865234375,101.30992889404295,-0.0044447523541748,4.713085174560547,18.93123245239257,10.29563045501709,0.0,28526.558740263805,25969.389608814672,23059.426211081307,0.0,0.0,0.0,60.0,0.2,0.6000000000000001,10.1,23.0,65.1,0.419,0.0,0.0,0.0,999999.0,533.0,361.0,106.0,537720
0,4592.0,17.430036544799805,55.491477966308594,0.016471728682518,4.952239513397217,13.946660995483398,9.165151596069336,16.0,6417.109378446847,141652.37519614474,137101.1478794488,0.0,0.0,0.5,30.0,0.0,0.2,3.3000000000000003,6.2,23.5,0.355,0.0,0.0,0.0,999999.0,433.0,442.0,125.0,536989
0,4164.0,7.020287990570068,66.80140686035156,-0.0057520326226949,5.675756931304932,4.423606872558594,3.464101552963257,0.0,19449.371646179967,4333.596103083822,2261.6702592170213,0.0,0.0,0.5,10.0,0.0,0.0,0.0,0.0,0.0,0.226,0.0,0.0,0.0,999999.0,497.8,345.0,157.2,539514
0,29.0,7.427391529083252,209.7448883056641,-0.0033989283256232,5.632607936859131,4.748127937316895,2.788865566253662,11.0,14454.914130165904,4016.219519040672,7162.116318400738,0.0,0.0,0.75,10.0,0.0,0.0,1.2000000000000002,3.5,10.8,0.16,0.0,0.0,0.0,999999.0,361.0,387.0,252.0,331679
0,176.0,8.22935962677002,116.5650405883789,-0.0060134883970022,5.542422771453857,5.339888572692871,4.055041313171387,6.0,10149.155681898015,57135.00374053156,44726.87329533539,0.0,0.0,0.75,10.0,0.2,0.3,16.0,66.2,102.70000000000002,0.449,0.0,2.0,4.3,121636.7491710268,354.0,373.0,274.0,742713
0,4661.0,8.72109317779541,71.56504821777344,-0.0036603838670998,5.4835309982299805,5.663806438446045,3.464101552963257,16.0,49171.58501339186,104671.0068157365,104444.54840929546,0.0,0.0,0.5,30.0,0.0,0.0,0.0,3.1,3.1,0.281,0.0,0.0,0.0,999999.0,540.0,373.0,87.0,536989
0,1767.0,22.496591567993164,321.3401794433594,0.0047062081284821,4.771773338317871,20.26083946228028,10.234745025634766,18.0,7119.929683651647,1117.329849891724,1811.9565427941843,112.22020182934244,0.0,0.75,10.0,0.0,0.0,2.4000000000000004,6.9,38.2,0.383,2.0,3.0,4.4,92777.35339707948,325.0,336.0,338.0,655213
0,231.0,8.47900104522705,229.39871215820312,-0.0005229119560681,5.525561332702637,5.578768730163574,3.65504789352417,6.0,19557.30439927488,2998.1928016631086,8882.030785538036,0.0,0.0,0.75,10.0,0.0,0.0,1.7,8.5,18.2,0.399,0.0,0.0,0.0,999999.0,344.0,367.0,289.0,653026
0,57.0,0.9263692498207092,270.0,0.0005229120142757,7.572137355804443,0.508084774017334,0.4710879325866699,11.0,57459.76868963968,1755.2545213868136,0.0,321.61088627787683,0.0,-0.2000000029802322,80.0,0.0,0.0,0.4,0.4,0.8,0.375,0.0,1.0,4.7,141158.68423267343,429.2,301.8,269.4,653072
0,4178.0,18.004419326782227,185.71060180664065,0.0052291196770966,4.85973072052002,13.624930381774902,8.366600036621094,16.0,91846.00031947812,105885.23014104262,99771.5000297433,0.0,0.0,0.0,100.0,0.0,0.0,0.5,6.9,15.5,0.329,0.0,0.0,0.0,999999.0,527.0,319.0,154.0,537720
0,5.0,3.336585760116577,326.3099365234375,-0.0020916480571031,6.351368427276611,1.9485265016555784,1.4142122268676758,11.0,82216.02814826953,184005.8245258691,183549.4922691996,0.0,0.0,0.75,10.0,0.0,0.0,0.0,0.0,0.0,0.138,0.0,0.0,0.0,999999.0,221.0,496.0,282.0,331083
0,54.0,2.0707030296325684,206.56504821777344,0.0010458240285515,6.798747539520264,1.172268629074097,1.342477560043335,6.0,27147.26810826473,61.33475380217794,1490.5894453060318,0.0,0.0795774715459476,0.75,10.0,0.0,0.0,0.0,0.0,0.0,0.196,0.0,0.0,0.0,999999.0,393.0,311.0,297.0,653072
0,235.0,4.976532936096191,338.1985778808594,0.0028760158456861,5.979676723480225,2.9973483085632324,2.557159185409546,6.0,33947.903628115455,81213.78324494927,69396.8814698562,0.0,0.0,0.75,10.0,0.0,0.0,0.4,0.6000000000000001,9.500000000000002,0.384,0.0,0.0,0.0,999999.0,348.0,382.0,270.0,742580
0,168.0,0.9263692498207092,180.0,-0.0013072800356894,7.572137355804443,0.508084774017334,0.4960783720016479,6.0,38191.48446209189,220570.07582560487,216514.12418093733,0.0,0.0,0.75,10.0,0.0,0.0,0.0,0.0,0.0,0.311,0.0,0.0,0.0,999999.0,324.0,376.0,300.0,743148
0,295.0,13.248056411743164,15.945395469665527,-0.0036603840999305,5.1332621574401855,9.399006843566896,4.970223903656006,0.0,17486.510826330243,59336.35882025101,59312.40924974493,0.0,0.0,0.75,10.0,0.0,0.0,0.0,0.0,0.0,0.302,0.0,1.0,4.3,42796.07470202744,364.0,399.0,237.0,742713
0,4737.0,27.1976318359375,347.275634765625,0.0018301925156265,4.576235771179199,25.6539306640625,14.071247100830078,6.0,151986.51296278863,21439.71890909942,21445.218130792266,0.0,0.0,0.5,30.0,0.1,0.5,5.6000000000000005,38.2,96.6,0.507,0.0,1.0,4.0,171149.84016045913,515.0,322.0,163.0,534499
0,149.0,0.0,-0.0,-0.0005229120142757,10.33923053741455,0.0309222228825092,0.6860780715942383,6.0,20056.1447083243,214855.2075953087,174710.50087878556,0.0,0.0,0.75,10.0,0.0,0.0,0.0,0.0,0.0,0.336,0.0,0.0,0.0,999999.0,364.2,353.6,282.0,742491
0,4624.0,14.74699878692627,259.3803405761719,-0.0033989283256232,5.03413724899292,10.640019416809082,6.78233003616333,0.0,23697.22683595896,571.2520745269924,291.7484619480219,623.1935734344712,0.0795774715459476,0.3499999940395355,100.0,0.4,1.2000000000000002,8.2,15.3,75.3,0.417,0.0,1.0,5.2,70850.01811373876,566.0,309.0,126.0,640954
0,441.0,13.42752170562744,118.3007583618164,-0.0185633767396211,5.14404821395874,9.769824028015137,8.499080657958984,6.0,13653.597353518637,7288.301440512727,1932.0929550623985,5.642915314681434,0.0,0.75,10.0,0.0,0.0,0.0,0.0,0.0,0.232,1.0,1.0,4.3,195258.0137031233,383.8,327.0,288.8,640985
0,252.0,2.0707030296325684,243.4349670410156,0.0057520326226949,6.798747539520264,1.172268629074097,3.059309482574463,0.0,10702.312109032617,157379.26724994503,155896.82088345152,0.0,0.0,0.75,10.0,0.1,0.3,12.8,60.8,132.9,0.493,0.0,0.0,0.0,999999.0,292.0,396.0,313.0,743148
0,58.0,2.777172803878784,90.0,0.0005229120142757,6.504854202270508,1.572763204574585,0.916163444519043,6.0,44964.95268353308,0.9485592088979712,4440.477192685742,0.0,0.238732414637843,0.050000000745058,50.0,0.0,0.0,0.0,2.5,4.1,0.299,0.0,0.0,0.0,999999.0,344.0,375.0,281.0,653072
0,6.0,4.136011123657227,206.56504821777344,-0.0005229121306911,6.150826454162598,2.4530060291290283,1.6996722221374512,11.0,9372.790804905657,73051.57025696752,64401.155917296586,0.0,0.0,0.050000000745058,50.0,0.0,0.0,0.4,0.4,0.4,0.307,0.0,0.0,0.0,999999.0,258.2,416.0,325.4,331911
0,1348.0,27.369691848754883,178.2100830078125,-0.0020916478242725,4.517488956451416,24.54952812194824,12.65898895263672,18.0,25428.02152810087,25.254603036483243,116.78772513629475,1239.032721348079,25.703523309341097,0.75,10.0,0.0,0.0,0.2,0.2,1.0,0.164,0.0,1.0,6.0,162234.4000478557,315.4,373.0,311.4,653948
0,218.0,0.0,-0.0,0.0007843680214136,10.33923053741455,0.0309222228825092,0.8315083980560303,0.0,29416.0985527363,144851.88207920516,143521.80176083968,0.0,0.0,0.75,10.0,0.0,0.0,0.0,0.0,0.0,0.321,3.0,20.0,6.8,65134.410935243,293.0,383.0,324.0,742629
0,1862.0,28.967065811157227,6.709836959838867,-0.0018301927484571,4.50185489654541,27.634841918945312,14.115593910217283,18.0,28502.89547894761,10572.101728070682,17904.152151801532,0.0,0.0,0.75,10.0,0.0,0.0,0.0,0.7,2.3,0.305,0.0,0.0,0.0,999999.0,300.0,405.0,294.0,742624
0,4552.0,15.445809364318848,200.5560607910156,-0.0007843680214136,5.022061347961426,11.583373069763184,7.6157732009887695,16.0,15599.584904119436,13806.358626113271,9159.29896166586,0.0,0.0,0.3499999940395355,100.0,0.0,0.0,0.0,0.0,1.0,0.349,0.0,0.0,0.0,999999.0,486.8,370.0,143.2,537720
0,145.0,11.31031322479248,255.96376037597656,-0.0018301920499652,5.2580389976501465,7.6847100257873535,4.9015703201293945,0.0,26167.173452513613,123447.17910410036,125065.2050346206,0.0,0.0,0.75,10.0,0.9,2.9,14.5,42.2,69.9,0.429,0.0,0.0,0.0,999999.0,426.0,290.0,284.0,742713
0,3021.0,44.62153625488281,161.86190795898438,-0.0081051355227828,4.25341796875,68.5111083984375,21.656408309936523,18.0,24855.4369314201,1153.9962455236737,1012.2360430114,246.6804670664497,0.0,0.75,10.0,0.9,2.8,7.7,26.4,36.400000000000006,0.512,2.0,2.0,4.8,174842.16099235645,411.4,360.2,228.6,533450
0,6399.0,21.62350273132324,281.768310546875,-0.0183019209653139,4.741326332092285,18.0054874420166,13.856406211853027,0.0,31596.634567568457,7890.560034915273,693.7047911301556,0.0,0.0,0.0,70.0,0.1,0.3,4.2,5.1,14.9,0.25,0.0,0.0,0.0,999999.0,565.2,327.8,106.8,640915
0,100.0,1.309969782829285,225.0,-0.0007843680214136,7.2413506507873535,0.7299740314483643,0.4970616698265075,29.0,6607.929862962104,1582.7882076289504,1099.0554374511903,243.69213049508207,0.0,0.6000000238418579,40.0,0.0,0.0,0.0,0.0,8.3,0.063,0.0,0.0,0.0,999999.0,417.6,312.8,269.4,653072
0,1962.0,38.41336441040039,182.3373107910156,-0.001568735926412,4.264832973480225,44.74113464355469,18.97366523742676,18.0,17577.602679295942,9950.18392473725,8277.538315739,0.0,0.0,0.75,10.0,0.3,0.4,19.9,48.400000000000006,105.7,0.421,0.0,0.0,0.0,999999.0,260.0,425.0,315.0,640888
0,178.0,3.336585760116577,33.690067291259766,-0.0007843679049983,6.351368427276611,1.9485265016555784,1.3426594734191897,6.0,45480.87708727749,94363.48905162998,52225.728832347566,0.0,0.0,0.75,10.0,0.2,0.8,19.4,109.2,154.3,0.428,1.0,2.0,4.4,35013.560794879064,346.0,371.0,283.0,742713
0,2502.0,32.86962890625,328.298583984375,-0.0036603829357773,4.504377365112305,37.75111389160156,15.700318336486816,18.0,79480.50698847341,18793.473970715306,1234.9342733027706,0.0,0.0,0.75,30.0,1.5,5.3,12.4,31.800000000000004,131.0,0.452,0.0,0.0,0.0,999999.0,330.0,355.0,315.0,641306
0,21.0,2.777172803878784,-0.0,-0.0013072800356894,6.504854202270508,1.572763204574585,1.3146722316741943,6.0,15496.02129687504,12283.84321382864,6271.592043960963,0.0,0.0,0.6000000238418579,40.0,0.0,0.0,0.0,0.2,1.7,0.318,0.0,0.0,0.0,999999.0,312.0,378.0,310.0,331356
0,17.0,1.309969782829285,45.0,-0.0010458240285515,7.2413506507873535,0.7299740314483643,1.0303914546966553,12.0,47312.195984187805,5171.268123530628,3440.1591850490386,0.0,0.0,0.75,10.0,1.4,2.6,7.4,16.1,89.19999999999999,0.503,0.0,0.0,0.0,999999.0,467.0,280.0,253.0,331366
0,2878.0,39.13864517211914,130.9717254638672,-0.0049676643684506,4.402074337005615,54.0543098449707,22.527761459350582,18.0,126971.21413584804,16790.239204268375,227.85118376435187,343.5055276681562,0.0,0.75,10.0,0.0,0.0,0.0,1.9,5.9,0.375,0.0,0.0,0.0,999999.0,342.4,382.2,275.6,533450
0,471.0,16.251489639282227,3.179830312728882,0.0026145600713789,4.932089328765869,11.783143997192385,7.774156093597412,6.0,39187.57690389809,3193.156944905428,1941.4116042040423,16.647078842044976,0.0,0.75,10.0,0.0,0.0,0.1,1.5,61.8,0.381,0.0,0.0,0.0,999999.0,439.0,296.0,265.0,640922
0,4838.0,15.062345504760742,32.73522186279297,0.0033989283256232,5.060285568237305,11.41649055480957,7.071067810058594,16.0,8445.550356841391,6927.344396658665,9931.548890816175,0.0,0.0,0.3499999940395355,100.0,0.0,0.0,1.2000000000000002,9.1,22.700000000000003,0.382,0.0,0.0,0.0,999999.0,527.0,280.0,193.0,539514
0,0.0,2.0707030296325684,206.56504821777344,-0.0047062081284821,6.798747539520264,1.172268629074097,1.1547006368637085,11.0,16627.723107643254,82865.52896606315,81112.92952581494,0.0,0.0,0.6000000238418579,40.0,0.0,0.0,0.0,1.7000000000000002,32.8,0.216,0.0,0.0,0.0,999999.0,215.4,495.6,288.8,331691
0,1537.0,32.37153244018555,232.25320434570312,0.0031374720856547,4.523524761199951,37.0351676940918,15.755950927734377,6.0,62327.1951984477,2311.868755892395,378.8192705272776,466.1452565104441,0.0,0.75,10.0,2.1,6.300000000000001,11.8,71.69999999999999,135.1,0.43,0.0,1.0,4.6,124586.8675520586,297.0,417.0,286.0,641306
0,1307.0,21.475833892822266,99.46231842041016,0.0070593124255537,4.737801551818848,17.673452377319336,10.511898040771484,0.0,9002.73003814117,1101.400621942354,1283.0535965781314,281.5995956923818,0.1591549430918953,0.75,10.0,3.3,10.8,48.4,67.1,113.4,0.478,0.0,0.0,0.0,999999.0,328.0,375.6,296.6,653249
0,242.0,21.024112701416016,157.7509765625,0.0041832961142063,4.79398775100708,17.842243194580078,9.90856647491455,0.0,5628.653819684515,3005.1144074830245,748.4331429633286,355.0567986430874,0.0,0.75,10.0,0.0,0.0,0.2,0.2,60.900000000000006,0.327,0.0,0.0,0.0,999999.0,368.6,347.4,284.0,655214
0,1995.0,17.342899322509766,68.7494888305664,0.009673872962594,4.934804439544678,13.560192108154297,9.604686737060549,6.0,68877.74945488783,6093.349164384287,3623.477845681406,0.0,0.0,0.75,10.0,0.7,1.7,26.5,67.0,188.3,0.427,0.0,0.0,0.0,999999.0,306.8,396.0,297.4,641096
0,131.0,2.927142381668091,71.56504821777344,0.000784367963206,6.467477321624756,1.6834042072296145,1.1319231986999512,6.0,2643.4391546679585,43.795605858969736,185.85892404773043,677.863065126699,30.955636431373645,0.75,10.0,0.0,0.0,0.0,11.2,11.2,0.363,0.0,1.0,4.5,177724.57946297934,401.0,335.6,262.8,653072
0,41.0,5.386162281036377,210.96376037597656,0.0010458240285515,5.914565086364746,3.292612314224243,2.5819809436798096,6.0,48561.69966475671,1330.3227837315817,915.293225275247,382.1380776901406,89.76338790382897,0.75,10.0,4.6,6.9,13.5,68.39999999999999,104.9,0.439,0.0,0.0,0.0,999999.0,477.0,237.0,286.0,653072
0,4798.0,9.451704978942873,60.94539260864258,0.0013072800356894,5.428440093994141,6.3131489753723145,4.0,0.0,20547.573772973374,1853.999729749009,363.8452166838495,164.755002752046,0.0,0.3499999940395355,100.0,0.4,1.4,8.7,31.200000000000003,52.6,0.427,0.0,0.0,0.0,999999.0,564.0,302.0,134.0,640915
0,220.0,11.62940502166748,45.0,0.0033989280927926,5.267757415771484,8.216209411621094,4.901371002197266,0.0,14451.540373274183,103844.33905098207,108168.85057072045,0.0,0.0,0.75,10.0,0.6,2.3,14.1,47.400000000000006,59.7,0.471,2.0,4.0,4.9,17982.65843421995,364.8,339.6,295.4,742713
0,36.0,0.9263692498207092,-0.0,-0.0015687361592426,7.572137355804443,0.508084774017334,0.6850987672805786,6.0,57942.1961517736,208.778121235235,448.763902134068,308.0404572513854,0.0,0.6000000238418579,80.0,0.0,2.8,47.6,80.8,129.3,0.419,1.0,3.0,5.4,17522.317610008733,355.0,367.0,278.0,653072
0,184.0,0.9263692498207092,-0.0,-0.0007843680796213,7.572137355804443,0.508084774017334,0.4192627370357513,6.0,23841.71815342212,276678.8465314296,273128.48123338626,0.0,0.0,0.75,10.0,0.0,0.0,0.0,0.0,0.0,0.284,0.0,0.0,0.0,999999.0,353.2,353.2,293.8,743148
0,1111.0,18.932430267333984,171.86988830566406,0.004967663437128,4.82938814163208,14.722708702087402,9.246621131896973,6.0,53496.46612189344,2085.7329902970964,3018.532861077096,0.0,0.0,0.75,10.0,0.0,0.0,0.0,2.4,3.3000000000000003,0.282,0.0,1.0,4.6,40997.72879547889,362.0,401.0,237.0,641306
0,5198.0,18.128936767578125,147.09475708007812,0.0002614560944493,4.921476364135742,14.707961082458496,9.380831718444824,16.0,14864.006771293058,128893.3192571061,112953.27718554658,0.0,0.0,0.5,30.0,0.0,0.0,0.0,3.5,3.5,0.343,0.0,0.0,0.0,999999.0,565.2,327.8,106.8,533644
0,28.0,1.8522543907165527,90.0,-0.0018301920499652,6.894777297973633,1.0323392152786257,0.9938163161277772,6.0,46311.40785040845,426.87485186901455,2084.5038806618304,0.0,0.0795774715459476,0.75,10.0,0.0,0.0,0.0,1.1,13.4,0.409,0.0,1.0,4.0,155165.7121727151,318.0,368.6,313.2,653072
0,1272.0,14.09121799468994,104.93141174316406,-0.0026145600713789,5.081603527069092,10.146775245666504,5.7771100997924805,18.0,16900.16505319842,38912.944231562935,27310.4236014918,0.0,0.0,0.75,10.0,0.0,0.3,0.5,8.2,48.0,0.443,0.0,0.0,0.0,999999.0,351.0,289.0,360.0,742968
0,279.0,13.035094261169434,24.7751407623291,-0.0122884325683116,5.162497043609619,9.358288764953612,6.696547508239746,0.0,32322.428700179,59781.98419377821,56291.12175147041,0.0,0.0,0.75,10.0,0.0,0.0,0.9,12.3,12.3,0.345,1.0,2.0,4.6,75405.95204688652,339.0,372.0,289.0,742713
0,600.0,22.24761009216309,71.56504821777344,0.0060134883970022,4.742379665374756,19.194107055664062,10.102599143981934,18.0,1319.1362476303952,169404.65010352383,125308.01635174242,0.0,0.0,0.75,10.0,0.0,0.0,12.6,61.7,158.0,0.47,1.0,1.0,4.4,52605.510069921445,353.4,343.6,303.0,743056
0,2.0,2.927142381668091,341.5650634765625,0.0010458240285515,6.467477321624756,1.6834042072296145,1.257078766822815,0.0,211316.04395142343,299077.8082648119,298166.9484906303,0.0,0.0,0.6000000238418579,40.0,0.1,0.3,0.3,0.3,0.3,0.366,0.0,0.0,0.0,999999.0,215.4,495.6,288.8,653072
0,399.0,11.9050874710083,175.60128784179688,-0.0007843683124519,5.192260265350342,7.994982719421387,6.690711975097656,6.0,803.3913587081561,1610.6167189145538,1825.092003213644,109.79714503926212,0.0,0.75,10.0,0.0,0.0,0.0,0.3,0.3,0.313,0.0,0.0,0.0,999999.0,287.6,402.8,309.6,640962
0,31.0,0.0,-0.0,-0.0,10.33923053741455,0.0309222228825092,0.0,0.0,1155.1723534937305,15347.587794433402,15408.117091162085,0.0,0.0,-0.2000000029802322,80.0,0.0,0.0,0.0,0.0,0.0,0.26,0.0,0.0,0.0,999999.0,304.2,364.6,331.2,330939
0,4647.0,18.43554306030273,75.96375274658203,0.001568735926412,4.86954927444458,14.47457504272461,8.717798233032227,16.0,21298.874507745728,109148.99799513,101782.99896404172,0.0,0.0,0.0,60.0,0.0,0.0,1.5,3.2,8.3,0.32,0.0,0.0,0.0,999999.0,539.4,349.8,111.0,537779
0,52.0,4.622196197509766,90.0,-0.0049676639027893,6.024405479431152,2.702120065689087,2.454468250274658,6.0,9419.516845243368,211.7644732661936,33.87528282714617,1009.1750590061696,0.0,0.75,10.0,0.0,0.0,0.0,0.0,0.0,0.14,0.0,1.0,4.7,128317.90626152388,370.6,344.0,285.6,655069
0,2055.0,34.30914688110352,76.29303741455078,0.0005229122471064,4.415019989013672,38.5018310546875,17.17556381225586,6.0,47785.15303539345,43914.90999255846,39687.35336627176,0.0,0.0,0.75,10.0,0.0,0.0,0.2,0.8,2.9,0.361,0.0,0.0,0.0,999999.0,376.2,337.2,286.4,641482
0,6.0,2.0707030296325684,26.56505012512207,-0.0015687360428273,6.798747539520264,1.172268629074097,1.19670307636261,11.0,24917.020306379884,53994.1041498194,50505.76027839693,0.0,0.0,0.75,10.0,0.0,1.5,10.9,12.7,74.19999999999999,0.375,0.0,0.0,0.0,999999.0,316.0,350.0,333.0,331059
0,4114.0,12.239968299865724,63.4349479675293,-0.0002614560071378,5.215076923370361,8.660645484924316,6.324555397033691,16.0,24820.262037158125,97612.71328347958,71432.79917292095,0.0,0.0,0.75,30.0,0.3,1.1,5.0,9.6,33.4,0.338,0.0,0.0,0.0,999999.0,498.8,328.2,173.0,640915
0,10.0,0.9263692498207092,90.0,0.0002614560071378,7.572137355804443,0.508084774017334,0.566547691822052,11.0,32155.306714902486,8591.723971313351,9630.108861787812,0.0,0.0,0.75,10.0,0.4,1.9,4.8,7.5,63.6,0.403,0.0,0.0,0.0,999999.0,277.2,418.0,304.6,331972
0,3292.0,18.128936767578125,302.9052429199219,-0.0062749441713094,4.921476364135742,14.707961082458496,10.488088607788086,6.0,115864.83797467334,17122.113059018906,2320.9838290841185,0.0,0.0,0.5,30.0,1.8,6.0,44.8,75.2,103.2,0.356,0.0,0.0,0.0,999999.0,424.8,346.6,228.6,533450
0,1046.0,29.58708381652832,109.98310089111328,-0.0062749446369707,4.544246196746826,30.33211898803711,12.32375717163086,18.0,15355.420942196786,25306.20330625724,13547.069226141746,0.0,0.0,0.75,10.0,0.0,0.0,0.1,5.7,18.6,0.465,0.0,2.0,4.7,56976.25166915298,361.0,349.0,290.0,742624
0,3393.0,39.77335739135742,172.18470764160156,-0.0115040633827447,4.276512145996094,49.87813186645508,23.97915840148925,23.0,152743.6905389058,11592.884195307264,4035.571222772663,0.0,0.0,0.75,10.0,0.9,3.3,25.6,59.6,100.9,0.408,0.0,0.0,0.0,999999.0,416.6,355.6,227.8,533644
0,2134.0,17.94174575805664,182.86241149902344,-0.0078436806797981,4.85145902633667,13.412351608276367,8.485280990600586,18.0,126916.00779195708,1044.4349610804534,928.621096315144,699.2736030757167,0.0,0.5,30.0,0.2,0.3,16.0,48.3,282.4,0.422,0.0,0.0,0.0,999999.0,389.0,353.0,257.0,641062
0,2579.0,23.52733612060547,148.67129516601562,0.0018301917007192,4.731936454772949,21.517438888549805,11.180339813232422,18.0,38238.48676275398,47025.0036674173,42633.8188732975,0.0,0.0,0.5,30.0,0.0,0.0,0.0,0.4,4.5,0.333,0.0,0.0,0.0,999999.0,270.2,404.0,326.0,640915
0,8.0,0.9263692498207092,180.0,-0.0002614560071378,7.572137355804443,0.508084774017334,0.6285361647605896,0.0,103483.18954779948,108038.97737423386,95559.20111620014,0.0,0.0,0.6000000238418579,40.0,0.0,0.0,6.0,36.0,58.8,0.311,0.0,0.0,0.0,999999.0,287.6,385.8,326.6,331640
0,22.0,2.777172803878784,90.0,0.0002614560071378,6.504854202270508,1.572763204574585,1.0999544858932495,0.0,136908.14978021683,141178.07032844645,120209.92891709672,0.0,0.0,0.050000000745058,50.0,0.1,5.0,10.3,23.9,133.29999999999998,0.401,0.0,0.0,0.0,999999.0,307.2,398.6,294.0,331542
0,355.0,5.839084625244141,161.56504821777344,-0.0007843680214136,5.833305835723877,3.5713398456573486,2.907425880432129,0.0,11918.529545705596,83598.89119052047,79747.72135986369,0.0,0.0,0.75,10.0,0.2,1.0,14.5,39.9,87.5,0.494,0.0,0.0,0.0,999999.0,355.8,346.6,297.6,742713
0,21.0,0.9263692498207092,-0.0,-0.0,7.572137355804443,0.508084774017334,0.3142528831958771,0.0,196287.96260476383,198627.50990789256,178352.47762518615,0.0,0.0,0.6000000238418579,40.0,0.0,0.0,0.0,0.0,0.0,0.179,0.0,0.0,0.0,999999.0,307.2,398.6,294.0,653072
0,24.0,1.309969782829285,45.0,-0.0002614560071378,7.2413506507873535,0.7299740314483643,0.684920608997345,6.0,35110.531733233416,38329.34637047578,26146.05966932814,0.0,0.0,0.6000000238418579,40.0,0.0,0.0,0.0,0.0,0.0,0.138,0.0,0.0,0.0,999999.0,323.4,386.6,289.6,331173
0,30.0,2.927142381668091,71.56504821777344,0.0018301920499652,6.467477321624756,1.6834042072296145,1.5713615417480469,11.0,37575.46735871211,4.037870328711539,5581.100149166504,0.0,0.0,0.75,10.0,0.0,0.0,0.0,0.0,2.3000000000000003,0.253,0.0,0.0,0.0,999999.0,297.0,377.0,326.0,655436
0,134.0,4.976532936096191,68.1985855102539,-0.0081051364541053,5.979676723480225,2.9973483085632324,2.985315561294556,0.0,14538.634840846178,538.2160773297712,2592.952711649697,0.0,0.0,0.75,10.0,0.0,0.0,32.1,80.30000000000001,155.4,0.408,0.0,0.0,0.0,999999.0,386.4,329.4,284.2,655069
0,11.0,1.309969782829285,45.0,0.0007843680214136,7.2413506507873535,0.7299740314483643,0.8314854502677917,6.0,6629.334410772344,6512.23575008487,2112.556364720617,0.0,0.0,0.6000000238418579,40.0,0.2,0.6000000000000001,19.7,61.3,93.2,0.467,0.0,0.0,0.0,999999.0,453.0,275.0,272.0,331354
0,63.0,2.777172803878784,180.0,-0.0002614560071378,6.504854202270508,1.572763204574585,0.875,6.0,49092.67441872343,758.9401395060399,1359.812188570752,71.44181569155221,175.9457895880903,0.6000000238418579,40.0,0.0,0.0,0.0,0.0,0.1,0.27,0.0,0.0,0.0,999999.0,373.2,345.0,282.0,653072
0,3045.0,3.336585760116577,146.30992126464844,-0.0010458240285515,6.351368427276611,1.9485265016555784,2.4494898319244385,18.0,54004.67755561222,33932.638249310985,27210.06214328059,0.0,0.0,0.75,10.0,0.1,0.3,2.6000000000000005,9.6,15.4,0.381,0.0,0.0,0.0,999999.0,528.0,299.0,174.0,792234
0,1169.0,21.09188461303711,236.97613525390625,0.0005229117232374,4.81177282333374,18.290996551513672,10.810873985290527,0.0,36909.95937139355,11704.526948581,13451.049216334235,0.0,0.0,0.75,10.0,0.1,1.3000000000000005,7.6,14.4,37.400000000000006,0.425,0.0,1.0,4.8,86080.75769197574,334.6,368.0,297.2,742380
0,210.0,0.0,-0.0,0.0044447518885135,10.33923053741455,0.0309222228825092,0.916429877281189,6.0,21752.137540930547,122115.29438684508,78483.20974683757,0.0,0.0,0.75,10.0,0.0,0.2,10.3,10.5,10.5,0.415,0.0,1.0,4.5,167242.43145796898,370.4,321.2,308.4,742713
0,1328.0,17.055835723876953,251.5650634765625,0.0026145598385483,4.940959930419922,13.168392181396484,8.411301612854004,16.0,17907.47922750935,2583.697683407474,2448.137693396716,0.0,0.0,0.75,10.0,0.0,0.0,8.8,24.0,40.400000000000006,0.413,0.0,0.0,0.0,999999.0,315.0,367.0,318.0,742380
0,3776.0,21.24327278137207,196.92752075195312,0.007320768199861,4.77178430557251,17.85196876525879,10.770329475402832,18.0,43601.39791834044,2547.9906502292606,393.1494876193237,531.1775719664504,0.0,0.75,10.0,0.0,0.0,2.0,4.3,4.3,0.328,0.0,0.0,0.0,999999.0,440.0,392.4,167.6,641328
0,282.0,7.865800857543945,249.4439697265625,0.0096738720312714,5.57457160949707,5.031844615936279,4.854926586151123,0.0,58156.00123519783,234779.62442158576,210903.1564317422,0.0,0.0,0.75,10.0,0.0,0.0,0.0,0.7,6.8,0.33,0.0,0.0,0.0,999999.0,369.2,350.4,280.4,742491
0,3614.0,33.65983963012695,29.054601669311523,0.0010458237957209,4.4828267097473145,39.23659896850586,16.6433162689209,18.0,155165.71077404055,11189.092208210795,11420.794431407525,0.0,0.0,0.75,10.0,0.2,0.8,7.9,20.0,59.2,0.411,0.0,0.0,0.0,999999.0,475.6,346.6,177.8,536459
0,423.0,9.451704978942873,299.0545959472656,-0.0007843679049983,5.428440093994141,6.3131489753723145,3.2811012268066406,0.0,26588.62619305433,68941.11258338403,66432.808213993,0.0,0.0,0.75,10.0,0.0,0.0,0.0,0.0,0.0,0.268,0.0,1.0,3.4,129817.60722096552,323.6,375.2,301.2,742713
0,36.0,2.0707030296325684,206.56504821777344,0.0007843680796213,6.798747539520264,1.172268629074097,0.9427586793899536,6.0,86184.48388907399,59490.49527434765,53466.40267616047,0.0,0.0,0.5,30.0,0.0,0.0,0.0,0.0,0.0,0.162,1.0,1.0,5.1,177944.9663998968,381.2,334.0,285.0,331449
0,534.0,30.97380256652832,27.255327224731445,0.0112426076084375,4.534389972686768,33.566673278808594,14.877625465393066,18.0,17316.176826491854,2090.257140136933,2496.50288961496,0.0,0.0,0.75,10.0,0.0,0.0,0.0,0.0,0.1,0.175,0.0,0.0,0.0,999999.0,268.0,430.0,302.0,653948
0,23.0,1.309969782829285,225.0,0.0020916480571031,7.2413506507873535,0.7299740314483643,0.8314900398254395,6.0,47912.47456636648,16899.001590280826,7978.40940768243,0.0,0.0,0.75,10.0,0.0,0.0,0.0,0.2,0.2,0.174,2.0,2.0,4.4,101600.54725098595,323.4,386.6,289.6,331366
0,112.0,4.136011123657227,153.43495178222656,-0.0026145600713789,6.150826454162598,2.4530060291290283,1.663310408592224,6.0,2723.1706082027326,765.3715611274616,4107.2843836741085,0.0,0.0,0.6000000238418579,40.0,0.0,0.0,0.0,0.0,0.0,0.236,0.0,0.0,0.0,999999.0,425.0,313.0,262.0,653072
0,5.0,0.9263692498207092,270.0,-0.0018301920499652,7.572137355804443,0.508084774017334,0.6285421848297119,0.0,114187.18083201752,170848.42589924767,159402.3141042609,0.0,0.0,0.6000000238418579,40.0,0.0,0.0,0.0,0.0,3.1,0.286,0.0,0.0,0.0,999999.0,266.4,430.2,303.2,331854
0,4769.0,23.714244842529297,173.65980529785156,1.1641532182693479e-10,4.649599552154541,20.17206573486328,10.95445156097412,16.0,17884.44596300254,28830.732772703494,821.1053547313462,224.8287811691653,0.0,0.0,60.0,0.0,0.0,0.0,4.300000000000001,5.1,0.34,1.0,1.0,4.3,148345.91920921457,560.0,319.0,122.0,539020
0,752.0,4.622196197509766,53.13010025024414,0.0067978566512465,6.053886890411377,2.782968044281006,2.4109127521514893,0.0,13980.329085923217,83.95055573297294,1692.3920542791798,103.6977301144753,0.0,0.75,10.0,0.0,0.0,0.0,0.0,0.0,0.277,0.0,0.0,0.0,999999.0,345.4,362.6,291.8,653516
0,275.0,12.006650924682615,98.74615478515624,-0.0018301922827959,5.196612358093262,8.171557426452637,5.737758636474609,0.0,1399.038480339222,191437.6585481956,188844.1933239021,0.0,0.0,0.75,10.0,0.2,2.9000000000000004,29.5,56.8,98.3,0.502,0.0,2.0,4.5,49219.30785280444,395.0,345.0,260.0,742730
0,42.0,1.309969782829285,135.0,0.0007843680214136,7.2413506507873535,0.7299740314483643,0.9427586793899536,0.0,127583.6820857045,141999.3080154951,109540.66947029174,0.0,0.0,0.6000000238418579,40.0,0.0,0.0,0.2,1.5,30.2,0.339,0.0,0.0,0.0,999999.0,275.0,403.0,321.0,331523
0,748.0,36.700172424316406,102.52880096435548,-0.0109811527654528,4.361555099487305,43.54685592651367,19.207746505737305,16.0,11631.711053824069,109.64808375583657,3482.5404071229664,0.0,12.493663032713783,0.5,30.0,0.0,0.0,0.0,0.0,0.0,0.144,0.0,0.0,0.0,999999.0,359.2,354.0,287.0,655158
0,2582.0,6.650692939758301,146.30992126464844,-0.0083665922284126,5.730356693267822,4.188555240631104,2.6457512378692627,18.0,48978.50696528446,40824.328323631984,37958.22408918432,0.0,0.0,0.6000000238418579,30.0,0.0,0.0,7.000000000000001,132.2,193.1,0.414,0.0,0.0,0.0,999999.0,234.0,412.0,354.0,792236
0,4740.0,21.769773483276367,201.37062072753903,0.0023531038314104,4.766384124755859,18.73884391784668,10.0,16.0,42688.770139592176,139459.5497313819,139652.29413049496,0.0,0.0,0.5,30.0,0.2,0.8999999999999999,9.4,28.40000000000001,51.400000000000006,0.418,0.0,0.0,0.0,999999.0,527.0,343.8,129.2,533644
0,215.0,6.713759422302246,105.94538879394533,-0.0020916480571031,5.706815719604492,4.169779300689697,2.92283582687378,6.0,31157.13372138409,3600.0070194607347,661.251005351011,334.92419999666964,0.0,0.75,10.0,0.2,0.2,10.9,24.2,103.0,0.487,0.0,0.0,0.0,999999.0,374.4,318.8,306.6,653516
0,451.0,12.272893905639648,221.9872283935547,0.002353104064241,5.224753379821777,8.793439865112305,5.754074573516846,0.0,21031.40804205044,79340.13896042806,79020.66566715781,0.0,0.0,0.75,10.0,0.4,2.2,7.300000000000001,22.6,42.8,0.411,0.0,5.0,4.4,18790.323875436672,360.6,338.6,300.4,742713
0,46.0,0.9263692498207092,90.0,-0.0,7.572137355804443,0.508084774017334,0.4157541990280151,11.0,42028.05177070823,131.38307436547584,436.56405270006746,0.0,0.1591549430918953,0.6000000238418579,40.0,0.0,0.0,0.0,0.0,0.0,0.272,0.0,0.0,0.0,999999.0,383.4,351.4,265.0,653072
0,204.0,27.369691848754883,345.5296936035156,0.0177790075540542,4.578830242156982,26.10257148742676,14.80076026916504,0.0,4628.786699287534,48222.27758029012,49235.12837154832,0.0,0.0,0.75,10.0,7.1,15.4,35.5,65.0,127.8,0.495,0.0,1.0,4.9,147719.83467350175,353.0,394.0,254.0,742713
0,890.0,4.713325023651123,258.6900634765625,0.0112426085397601,6.019644260406494,2.7968568801879883,3.240370273590088,0.0,29526.959333491315,285654.7961798462,283692.78289363376,0.0,0.0,0.75,10.0,0.0,0.0,0.0,1.9,13.2,0.41,0.0,0.0,0.0,999999.0,367.8,352.6,279.2,742603
0,5017.0,7.19770097732544,39.80556869506836,0.0010458240285515,5.664364337921143,4.599712371826172,3.1622776985168457,16.0,13626.800578285513,139048.2686720939,126755.74122608794,0.0,0.0,0.5,30.0,0.0,0.0,0.0,0.0,1.2000000000000002,0.099,0.0,1.0,4.2,44709.44306029561,573.4,312.8,113.6,533644
0,1637.0,37.70165252685547,344.21923828125,0.0015687354607507,4.3589186668396,46.70238876342773,19.570384979248047,18.0,46899.84766259046,2007.925242578176,3109.492751675928,0.0,0.0,0.75,10.0,0.0,0.0,14.3,43.2,100.7,0.45,0.0,0.0,0.0,999999.0,333.0,364.0,303.0,655213
0,48.0,2.0707030296325684,63.4349479675293,-0.0015687360428273,6.798747539520264,1.172268629074097,0.955938458442688,6.0,46131.65819432288,44681.32486602951,39535.20365157417,0.0,0.0,0.75,40.0,3.5,13.1,57.400000000000006,63.400000000000006,65.0,0.436,0.0,0.0,0.0,999999.0,374.2,355.6,270.2,653072
0,4503.0,30.09786605834961,157.0112762451172,-0.0026145600713789,4.542137622833252,31.54475212097168,13.490737915039062,6.0,81956.17612141579,107276.0538951193,102508.03363133798,0.0,0.0,0.5,30.0,0.1,0.3,0.8,2.9000000000000004,14.5,0.344,0.0,0.0,0.0,999999.0,551.0,293.0,155.0,792236
0,4.0,3.814206600189209,345.9637451171875,0.0010458240285515,6.217236518859863,2.2282254695892334,1.3966444730758667,0.0,255299.42675131813,344056.97504787665,342925.5109109888,0.0,0.0,0.75,10.0,0.0,0.0,1.5000000000000002,1.5000000000000002,8.2,0.272,0.0,0.0,0.0,999999.0,234.6,459.0,306.2,653072
0,246.0,7.594903469085693,345.9637451171875,-0.0010458240285515,5.596224784851074,4.789796352386475,3.2009520530700684,6.0,42963.0961953676,87671.40268742562,81136.4575692358,0.0,0.0,0.75,10.0,0.0,0.0,13.9,42.2,145.0,0.456,0.0,2.0,5.0,3660.491017501005,327.4,382.6,290.2,742935
0,18.0,3.336585760116577,146.30992126464844,0.000784367963206,6.351368427276611,1.9485265016555784,1.4142135381698608,6.0,95048.41926864783,94252.58040853492,75887.14956998729,0.0,0.0,0.6000000238418579,40.0,0.0,0.0,0.0,0.0,0.0,0.145,0.0,0.0,0.0,999999.0,281.2,433.8,285.2,331319
0,56.0,0.9263692498207092,270.0,0.0002614560071378,7.572137355804443,0.508084774017334,0.5666082501411438,6.0,26129.377623572083,35565.3660302111,22452.829704391123,0.0,0.0,0.6000000238418579,40.0,0.0,0.0,0.0,0.0,0.0,0.13,0.0,0.0,0.0,999999.0,457.0,311.0,232.0,653072
0,95.0,0.0,-0.0,-0.0005229120142757,10.33923053741455,0.0309222228825092,0.5668236613273621,18.0,14549.74017567106,192898.6727488941,187704.55478505563,0.0,0.0,0.5,30.0,0.0,0.0,1.7,1.8,8.4,0.133,0.0,0.0,0.0,999999.0,354.0,361.0,285.0,743148
0,130.0,2.0707030296325684,296.5650634765625,-0.0010458240285515,6.798747539520264,1.172268629074097,0.8184875249862671,0.0,39236.947312237295,217858.176785256,212282.9920143393,0.0,0.0,0.6000000238418579,40.0,2.1,7.1,14.3,47.5,264.4,0.455,0.0,0.0,0.0,999999.0,410.0,317.0,272.0,743148
0,729.0,25.98957633972168,264.2894287109375,-0.0023531038314104,4.577540397644043,23.11868667602539,11.005680084228516,18.0,20325.249418026488,877.8636687488786,2025.5313849936429,0.0,0.0,0.75,10.0,0.0,0.0,0.8999999999999999,10.1,128.5,0.468,0.0,3.0,4.8,132143.91106896047,355.2,344.4,300.2,652838
0,3830.0,31.255767822265625,131.7602996826172,0.0044447523541748,4.549736022949219,34.852569580078125,15.42724895477295,6.0,149958.9435189913,4042.661307246771,1144.2455602909022,116.42408414641594,0.0,0.3499999940395355,100.0,0.0,0.0,0.2,4.2,21.2,0.361,0.0,0.0,0.0,999999.0,457.2,375.6,167.2,533644
0,149.0,9.920740127563477,56.30992889404297,-0.0005229120142757,5.392171382904053,6.720084190368652,3.681403875350952,11.0,25008.61958337042,19687.28948678604,17480.07939456306,0.0,0.0,0.75,10.0,0.0,0.5,21.4,58.1,68.5,0.505,0.0,2.0,4.7,101766.05640547296,391.4,315.2,293.4,742811
0,3487.0,31.390491485595703,32.00537872314453,-0.0013072798028588,4.535695552825928,34.732513427734375,16.431676864624023,18.0,66142.6630296298,117498.69975457138,97609.74004890784,0.0,0.0,0.75,10.0,0.0,0.0,0.0,0.0,21.8,0.368,0.0,0.0,0.0,999999.0,431.6,354.6,213.8,792236
0,448.0,25.43399429321289,197.81890869140625,-0.0013072802685201,4.643657684326172,23.503341674804688,11.512900352478027,0.0,18783.64658412909,1199.9139564280968,3425.266353350092,0.0,0.3978873577297384,0.75,10.0,0.1,0.1,5.300000000000001,8.700000000000001,76.20000000000002,0.488,0.0,0.0,0.0,999999.0,293.0,365.0,342.0,652838
0,4351.0,37.70165252685547,344.21923828125,0.004183295648545,4.3589186668396,46.70238876342773,20.59126091003418,18.0,32107.52238647925,22888.170228723026,18776.26875162069,0.0,0.0,0.3499999940395355,100.0,0.0,0.0,0.0,2.0,19.1,0.378,0.0,0.0,0.0,999999.0,486.0,363.0,152.0,540681
0,879.0,32.6473503112793,42.95458984375,0.0005229122471064,4.521425247192383,37.75098037719727,15.668439865112305,6.0,28888.285043985747,2307.0392285033945,999.0192769685644,256.8078663552708,0.0,0.75,10.0,0.1,0.1,1.0,1.9,2.8,0.259,0.0,0.0,0.0,999999.0,336.2,370.4,293.4,654170
0,646.0,22.4502067565918,329.4207763671875,0.0028760163113474,4.763792514801025,20.007858276367188,11.728704452514648,0.0,8219.971699298554,293754.3930225165,291745.7987940022,0.0,0.0,0.75,10.0,0.0,0.0,0.0,1.0,2.8000000000000003,0.417,0.0,0.0,0.0,999999.0,296.0,387.0,317.0,742780
0,1296.0,12.17381763458252,347.00537109375,2.9103830456733704e-10,5.195295810699463,8.39666748046875,6.051859378814697,18.0,7893.340464016204,298968.6053780742,296822.35451705643,0.0,0.0,0.75,10.0,0.0,0.0,0.0,0.0,0.0,0.348,0.0,0.0,0.0,999999.0,298.0,392.0,311.0,742780
0,15.0,4.713325023651123,191.3099365234375,2.9103830456733704e-11,6.019644260406494,2.7968568801879883,1.6996766328811646,11.0,158849.8884203195,185437.7539590307,172518.5796536876,0.0,0.0,0.75,10.0,0.0,0.0,0.2,0.2,1.0,0.316,0.0,0.0,0.0,999999.0,201.4,493.0,305.8,331839
0,810.0,14.852996826171877,142.431396484375,-0.0023531042970716,5.074938774108887,11.250423431396484,8.613216400146484,16.0,6782.540218863377,304.16545937836094,1100.4059408089147,419.8002836211653,7.480282325319081,0.75,10.0,0.1,0.1,3.6,15.7,32.8,0.417,0.0,0.0,0.0,999999.0,339.4,353.2,307.6,655202
0,161.0,0.0,-0.0,-0.0,10.33923053741455,0.0309222228825092,0.3156095147132873,6.0,3269.30516675772,1900.220756459929,1918.723778576465,43.34552910991189,0.0,0.75,10.0,0.0,0.0,0.0,5.5,5.5,0.232,0.0,0.0,0.0,999999.0,438.0,249.0,312.0,653072
0,5269.0,4.136011123657227,333.4349365234375,-0.0007843680214136,6.150826454162598,2.4530060291290283,2.0,0.0,14146.203275770882,1702.5296439283784,0.0,0.0,0.0,0.0,70.0,0.0,0.0,0.0,21.1,37.9,0.249,0.0,0.0,0.0,999999.0,555.0,335.8,109.2,640954
0,9.0,3.336585760116577,56.30992889404297,0.0010458240285515,6.351368427276611,1.9485265016555784,1.4229155778884888,11.0,105379.14853226392,170363.58420606132,163474.01897988108,0.0,0.0,0.6000000238418579,40.0,0.0,0.0,0.6000000000000001,4.4,4.699999999999998,0.295,0.0,0.0,0.0,999999.0,202.0,515.0,282.0,331839
0,531.0,5.839084625244141,251.5650634765625,0.0026145600713789,5.833305835723877,3.5713398456573486,2.5739076137542725,6.0,44586.0683330402,229140.60400058093,192058.9899925463,0.0,0.0,0.75,10.0,0.0,0.0,0.0,0.7000000000000001,17.8,0.239,0.0,0.0,0.0,999999.0,370.8,331.8,297.2,742491
0,16.0,4.136011123657227,206.56504821777344,-5.820766091346741e-11,6.150826454162598,2.4530060291290283,1.4740595817565918,0.0,121967.55832656608,125306.08729817768,104597.80059066133,0.0,0.0,0.75,10.0,3.9,9.7,99.7,173.60000000000002,451.4,0.448,0.0,0.0,0.0,999999.0,239.8,456.2,304.2,331530
0,442.0,22.074106216430664,246.50143432617188,0.0107196969911456,4.7616472244262695,19.2312068939209,11.304037094116213,6.0,5434.968827469931,64485.77252821062,47920.092151229794,0.0,0.0,0.75,10.0,0.0,0.0,5.1,28.2,125.7,0.402,0.0,0.0,0.0,999999.0,394.0,296.0,310.0,742647
0,22.0,2.0707030296325684,153.43495178222656,0.0028760163113474,6.798747539520264,1.172268629074097,1.154678463935852,11.0,47888.019293076206,43947.99684143167,25911.56271293596,0.0,0.0,0.75,10.0,0.0,0.0,0.0,0.0,0.0,0.165,0.0,0.0,0.0,999999.0,285.0,465.0,250.0,331511
0,46.0,4.976532936096191,248.19859313964844,-0.0018301920499652,5.979676723480225,2.9973483085632324,2.0547914505004883,6.0,9784.86551867647,155.610465868174,692.9113014755022,393.718675104752,33.50211552084397,0.75,10.0,0.0,0.0,0.0,0.0,0.0,0.23,0.0,3.0,4.9,139388.78103549604,384.4,350.2,265.0,655280
0,11.0,0.9263692498207092,270.0,-0.0,7.572137355804443,0.508084774017334,1.133115530014038,0.0,239181.56573416377,318893.20344001334,318471.385766767,0.0,0.0,0.050000000745058,50.0,0.0,0.0,0.0,0.0,0.0,0.145,0.0,0.0,0.0,999999.0,273.2,422.2,304.6,653072
0,15.0,3.924445152282715,225.0,0.0002614560071378,6.2035064697265625,2.3271255493164062,1.523472547531128,0.0,264503.0256590843,270355.2956534513,251976.329558726,0.0,0.0,0.6000000238418579,40.0,0.0,0.0,3.4000000000000004,22.7,38.0,0.484,0.0,0.0,0.0,999999.0,186.0,512.0,302.0,653072
0,5010.0,29.626941680908203,14.826478958129885,-0.0047062076628208,4.523730754852295,29.81258010864257,14.352700233459473,0.0,31781.55991209243,2815.9546451641354,271.9685697802857,336.3583192941134,0.0,0.3499999940395355,100.0,0.0,0.0,0.4,7.8,10.400000000000002,0.346,0.0,0.0,0.0,999999.0,551.0,306.0,143.0,640915
0,549.0,22.074106216430664,156.50143432617188,0.0020916473586112,4.7616472244262695,19.2312068939209,10.980095863342283,6.0,84.03562159222392,2446.221970492745,337.064440333444,391.74360122284526,0.0,0.75,10.0,0.0,0.0,0.0,0.7999999999999999,1.1,0.228,0.0,0.0,0.0,999999.0,333.6,352.6,313.8,653516
0,4.0,0.9263692498207092,90.0,-0.0002614560071378,7.572137355804443,0.508084774017334,0.4714036285877228,11.0,60150.4737571555,133032.90154480463,132626.86252423085,0.0,0.0,0.6000000238418579,40.0,0.0,0.0,2.3000000000000003,34.3,34.3,0.375,0.0,0.0,0.0,999999.0,234.4,466.4,299.0,331839
0,7.0,0.9263692498207092,270.0,0.0005229120142757,7.572137355804443,0.508084774017334,1.0999441146850586,0.0,221527.55784930283,296808.9154040751,290772.3667579565,0.0,0.0,0.6000000238418579,40.0,0.0,0.0,0.0,0.0,0.0,0.147,0.0,0.0,0.0,999999.0,335.4,355.8,308.6,653072
0,5.0,2.927142381668091,288.4349365234375,-0.002353104064241,6.467477321624756,1.6834042072296145,1.5947442054748535,0.0,176186.65785985463,267187.2945776857,267673.1697309274,0.0,0.0,0.75,10.0,0.0,0.0,0.0,0.0,0.0,0.247,0.0,0.0,0.0,999999.0,278.8,428.8,292.0,653072
0,3216.0,17.16695213317871,6.009006023406982,-0.0036603840999305,4.898491382598877,12.79614543914795,7.745966911315918,18.0,76060.52509429606,67461.66089106008,58515.26471720602,0.0,0.0,0.75,10.0,2.7,6.0,23.0,60.5,78.60000000000001,0.511,0.0,0.0,0.0,999999.0,417.6,354.4,228.0,641449
0,421.0,2.0707030296325684,333.4349365234375,-0.0062749441713094,6.798747539520264,1.172268629074097,1.832859754562378,0.0,9934.497084479735,1126.2621175444012,3430.3391106567706,0.0,0.0,0.75,10.0,1.7,3.9,59.10000000000001,224.5,424.1,0.43,0.0,0.0,0.0,999999.0,369.0,353.0,278.0,653516
0,14.0,2.0707030296325684,153.43495178222656,0.0013072800356894,6.798747539520264,1.172268629074097,0.9162467122077942,11.0,135289.43991478052,192288.59063685875,182252.70919392927,0.0,0.0,0.6000000238418579,40.0,0.0,0.0,0.0,0.0,0.0,0.164,0.0,0.0,0.0,999999.0,170.0,529.0,301.0,331890
0,449.0,19.241729736328125,193.3925018310547,0.0005229117232374,4.834949970245361,15.331212997436523,9.077788352966309,0.0,13909.656913600467,81595.4699092983,77790.27658143704,0.0,0.0,0.75,10.0,8.5,14.8,31.6,42.6,59.0,0.492,0.0,1.0,4.3,155128.66483472625,360.6,338.6,300.4,742713
0,123.0,2.0707030296325684,296.5650634765625,-0.0007843680796213,6.798747539520264,1.172268629074097,0.8160977959632874,18.0,13308.38792255217,78.394719324674,3546.475415786079,0.0,9.54929658551372,0.6000000238418579,40.0,0.0,0.0,1.1,3.7,9.1,0.276,1.0,2.0,4.7,166518.04967653347,370.0,346.0,285.0,653072
0,72.0,2.0707030296325684,333.4349365234375,-0.0010458240285515,6.798747539520264,1.172268629074097,0.8163968920707703,29.0,16262.728952506555,1431.4613219095106,1519.2563668400685,232.49672756099943,0.0,0.75,10.0,0.0,0.0,5.5,5.5,38.8,0.402,0.0,0.0,0.0,999999.0,375.2,349.4,275.6,653072
0,111.0,4.136011123657227,333.4349365234375,-0.0018301920499652,6.150826454162598,2.4530060291290283,1.9309364557266235,6.0,16574.87833086242,1819.843953371629,571.8251641754276,564.6663354457481,0.0,0.75,10.0,0.0,0.0,15.5,23.1,90.3,0.31,1.0,2.0,4.6,57370.27932123263,411.2,323.2,265.2,653072
0,143.0,6.650692939758301,213.6900787353516,-0.0033989280927926,5.730356693267822,4.188555240631104,2.5287411212921143,6.0,16472.02791019141,2673.932664975099,15.484917791208773,349.0422804915275,0.0,0.5,30.0,2.9,7.6,40.900000000000006,50.0,112.70000000000002,0.501,0.0,1.0,4.6,198791.8004549452,378.0,308.0,314.0,653072
0,5.0,2.0707030296325684,63.4349479675293,-0.0005229120142757,6.798747539520264,1.172268629074097,1.0540924072265625,11.0,36084.24695055088,14232.44312835528,18404.852339042445,0.0,0.0,0.6000000238418579,40.0,0.0,0.0,0.5,5.800000000000001,28.0,0.371,0.0,0.0,0.0,999999.0,307.0,387.0,306.0,331354
0,32.0,2.777172803878784,90.0,-0.0018301920499652,6.504854202270508,1.572763204574585,1.1966649293899536,0.0,162752.32398973216,167993.82195142863,146955.04552633618,0.0,0.0,0.6000000238418579,40.0,0.2,1.0,4.6,30.4,35.5,0.423,0.0,3.0,4.3,179694.25736679212,225.0,400.0,375.0,331347
0,8.0,0.0,-0.0,0.0013072800356894,10.33923053741455,0.0309222228825092,0.4157358705997467,0.0,12044.670676076756,74692.50839152008,65012.10055546016,0.0,0.0,0.75,10.0,0.0,0.0,0.0,0.0,0.0,0.237,0.0,0.0,0.0,999999.0,342.0,364.8,293.2,331911
0,4119.0,9.451704978942873,150.9453887939453,-0.002353104064241,5.428440093994141,6.3131489753723145,4.4721360206604,16.0,87568.6365301891,119900.62914565684,126262.77059306984,0.0,0.0,0.5,30.0,0.0,0.0,0.2,0.7000000000000001,1.5,0.226,0.0,0.0,0.0,999999.0,498.8,328.2,173.0,536693
0,49.0,2.927142381668091,198.43495178222656,-0.0007843680214136,6.467477321624756,1.6834042072296145,1.1331088542938232,0.0,9948.553255855775,2770.6703209616853,4321.58488996882,0.0,0.0,0.75,10.0,2.7,4.2,30.9,59.0,102.2,0.454,0.0,0.0,0.0,999999.0,360.2,359.8,280.0,655447
0,168.0,12.17381763458252,12.994616508483888,0.0044447518885135,5.195295810699463,8.39666748046875,5.704644680023193,0.0,18315.984389581325,35257.17543024324,33304.22947072156,0.0,0.0,0.75,10.0,0.0,0.0,0.7,2.3,2.5,0.289,0.0,0.0,0.0,999999.0,363.8,367.0,269.2,742713
0,13.0,0.9263692498207092,90.0,0.0002614560071378,7.572137355804443,0.508084774017334,0.4714117050170898,11.0,113494.68422101326,212232.27582370373,212024.1423309724,0.0,0.0,0.6499999761581421,95.0,0.0,0.0,0.0,0.0,1.9000000000000004,0.183,0.0,0.0,0.0,999999.0,225.0,451.0,323.0,331080
0,47.0,3.814206600189209,104.03623962402344,-0.0007843680214136,6.217236518859863,2.2282254695892334,1.5714586973190308,6.0,27405.95678467785,16595.48669354494,4368.252091313577,0.0,0.0,0.75,10.0,0.0,0.0,0.0,0.0,0.0,0.27,0.0,0.0,0.0,999999.0,452.0,316.0,232.0,653072
0,745.0,15.769145011901855,336.3706359863281,-0.0057520321570336,5.012138843536377,11.979608535766602,7.529109954833984,0.0,13427.263585817913,340293.9927189944,338367.88461866573,0.0,0.0,0.5,10.0,0.0,0.3,4.2,4.7,4.7,0.365,0.0,0.0,0.0,999999.0,361.0,361.0,277.0,742881
0,4414.0,33.12923812866211,318.0127868652344,0.0018301918171346,4.511429786682129,38.78008270263672,15.74801540374756,16.0,8593.03749261729,127523.90730695892,122220.63722295998,0.0,0.0,0.5,30.0,0.0,0.1,5.6,16.8,69.2,0.412,0.0,0.0,0.0,999999.0,477.6,347.2,175.0,533644
0,25.0,2.618571519851685,45.0,0.0010458240285515,6.579049110412598,1.5056828260421753,0.916230082511902,6.0,32559.993931053443,32978.01619387706,22827.521908654107,0.0,0.0,0.6000000238418579,40.0,0.0,0.0,0.0,0.0,0.0,0.142,0.0,0.0,0.0,999999.0,358.8,343.2,297.4,331315
0,1905.0,12.239968299865724,296.5650634765625,0.019347745925188,5.215076923370361,8.660645484924316,7.5828752517700195,6.0,82984.95429194596,2142.0982712870964,3499.727811787352,0.0,0.0,0.75,10.0,0.0,0.0,1.1,10.0,11.0,0.316,0.0,0.0,0.0,999999.0,340.2,363.0,297.0,641162
0,93.0,2.0707030296325684,206.56504821777344,-0.0002614560071378,6.798747539520264,1.172268629074097,0.7375264763832092,6.0,9918.39513008264,4844.6938507598925,749.0213214506358,358.6878480170381,0.0,0.6000000238418579,40.0,0.0,0.0,0.0,0.0,0.0,0.056,0.0,0.0,0.0,999999.0,380.2,352.4,267.2,653072
0,4696.0,10.126206398010254,264.8055725097656,0.000784368137829,5.331425189971924,6.594274520874023,4.690415859222412,8.0,33210.48424670268,123484.09406867942,97757.38878002488,0.0,0.0,0.5,30.0,0.6,1.7999999999999998,23.4,102.4,198.9,0.426,0.0,0.0,0.0,999999.0,529.6,346.2,124.2,792219
0,27.0,0.9263692498207092,90.0,-0.0005229120142757,7.572137355804443,0.508084774017334,0.4713469743728637,6.0,36887.258209815,38431.751700580506,28511.4477241714,0.0,0.0,0.6000000238418579,40.0,0.0,0.0,3.9,4.2,30.700000000000003,0.382,0.0,1.0,4.7,75710.94182828063,367.0,348.2,284.4,331173
0,2348.0,12.880515098571776,45.0,-0.0020916478242725,5.187136650085449,9.357793807983398,7.0,18.0,37072.86510616811,88050.67355454154,66627.7890471857,0.0,0.0,0.75,10.0,0.0,0.0,0.4,6.700000000000001,28.1,0.395,0.0,0.0,0.0,999999.0,487.0,338.0,175.0,640915
0,12.0,2.927142381668091,18.434947967529297,-5.820766091346741e-11,6.467477321624756,1.6834042072296145,1.247219800949097,11.0,153850.2929573232,148970.05450997048,134237.51232775973,0.0,0.0,0.6000000238418579,40.0,0.6,0.6,7.4,35.5,83.6,0.415,0.0,0.0,0.0,999999.0,229.0,367.0,404.0,331632
0,9.0,1.8522543907165527,270.0,0.0005229120142757,6.894777297973633,1.0323392152786257,0.6666653752326965,0.0,265254.6638798573,349563.01873983647,348635.0907412957,0.0,0.0,0.75,10.0,0.0,0.0,0.0,0.0,0.0,0.143,0.0,0.0,0.0,999999.0,77.0,500.0,423.0,653072
0,194.0,12.942598342895508,140.71058654785156,0.0073207677341997,5.182161808013916,9.40446662902832,5.753735065460205,0.0,8419.160957651826,5698.781412633954,6818.994284742502,0.0,0.0,0.75,10.0,0.0,0.0,0.0,0.0,0.0,0.306,1.0,2.0,5.4,102427.27551090866,361.0,369.0,270.0,331959
0,6.0,2.0707030296325684,26.56505012512207,0.0002614560071378,6.798747539520264,1.172268629074097,0.7856759428977966,11.0,6848.738777251915,57372.401477185,51882.90644419004,0.0,0.0,0.6000000238418579,40.0,2.2,2.2,4.5,59.8,85.8,0.395,0.0,0.0,0.0,999999.0,333.6,356.2,310.0,331920
0,1422.0,21.343374252319336,245.55604553222656,0.003921840339899,4.788163185119629,18.33514404296875,8.817596435546875,18.0,28049.79483862889,2855.387918270308,2671.9161317388607,0.0,0.0,0.75,10.0,0.0,0.0,1.4,39.8,70.39999999999998,0.406,0.0,1.0,3.8,168963.30296866354,310.0,346.4,343.8,641051
0,231.0,1.8522543907165527,90.0,-0.0,6.894777297973633,1.0323392152786257,0.6673173904418945,6.0,17632.71716898898,113729.83162504436,111072.14335286256,0.0,0.0,0.6000000238418579,40.0,0.0,0.0,0.0,0.0,24.6,0.32,3.0,6.0,6.9,96622.41330640456,358.0,351.0,291.0,742713
0,265.0,2.777172803878784,180.0,-0.0,6.504854202270508,1.572763204574585,1.5232572555541992,6.0,9695.132193911157,1226.4568524055126,4628.691741853235,0.0,0.0,0.6000000238418579,40.0,0.8,3.9,23.1,23.1,27.1,0.497,0.0,0.0,0.0,999999.0,357.0,330.4,312.6,641736
0,2122.0,34.983970642089844,40.3140983581543,-0.0010458228643983,4.474745750427246,42.982696533203125,16.59819221496582,18.0,41766.27922810538,33014.84296013685,30792.6249806992,0.0,0.0,0.75,10.0,0.0,0.0,1.6,3.7,17.3,0.35,0.0,0.0,0.0,999999.0,160.0,425.0,416.0,640893
0,2610.0,37.54926681518555,14.620872497558594,-0.0096738720312714,4.356109619140625,46.061859130859375,16.552946090698242,6.0,62967.47311943221,58178.331441264,57970.08041599271,0.0,0.0,0.75,10.0,0.0,0.0,2.0,7.299999999999999,18.700000000000003,0.4,0.0,0.0,0.0,999999.0,316.0,410.0,275.0,641449
0,2227.0,18.02524757385254,63.4349479675293,-0.0031374716199934,4.916418552398682,14.455300331115724,8.774964332580566,18.0,13425.48396496658,6431.511186720045,2931.0970040012576,0.0,0.0,0.75,10.0,0.0,0.0,9.400000000000002,16.1,28.4,0.439,0.0,0.0,0.0,999999.0,384.0,348.0,268.0,640962
0,1957.0,19.969451904296875,200.8544769287109,0.000784367788583,4.828344345092773,16.50491714477539,9.124143600463867,18.0,39048.159722043965,3596.820627731869,8092.685344772519,0.0,0.0,0.75,10.0,0.0,0.0,0.6000000000000001,2.6,13.1,0.282,0.0,1.0,4.7,130600.95359921576,295.0,425.0,281.0,742624
0,974.0,38.407562255859375,191.768295288086,-0.0154259037226438,4.325225353240967,47.506649017333984,19.998437881469727,18.0,31184.12026173004,29139.65604529518,13480.955232881568,0.0,0.0,0.75,10.0,0.0,0.0,0.0,0.7,2.5,0.424,0.0,0.0,0.0,999999.0,360.0,322.0,318.0,742614
0,22.0,0.9263692498207092,270.0,0.0015687361592426,7.572137355804443,0.508084774017334,0.4969081580638885,0.0,207522.62257635687,207505.4277093298,188799.64547058675,0.0,0.0,0.6000000238418579,40.0,0.0,0.0,0.0,0.0,0.0,0.254,0.0,0.0,0.0,999999.0,187.0,466.0,347.0,653072
0,281.0,16.251489639282227,3.179830312728882,-0.0010458239121362,4.932089328765869,11.783143997192385,6.864765167236328,18.0,2836.710660699579,92000.10595538995,77489.73804728611,0.0,0.0,0.75,10.0,0.0,0.0,3.7,4.5,6.9,0.376,1.0,1.0,4.7,185740.990153452,401.0,315.0,284.0,743052
0,2389.0,21.49231338500977,199.17901611328125,0.0141186248511075,4.769803524017334,18.27900695800781,9.69536018371582,6.0,139106.65837235397,1994.848580018256,1860.9630334989788,82.19836126757062,0.0,0.75,10.0,0.0,0.0,0.0,0.0,9.8,0.161,0.0,0.0,0.0,999999.0,339.8,357.8,302.6,641306
0,8.0,4.622196197509766,53.13010025024414,0.0007843680214136,6.053886890411377,2.782968044281006,1.825742602348328,11.0,24949.21656041354,114473.75910600688,114711.99328271336,0.0,0.0,0.75,10.0,1.3,6.7,81.9,101.2,104.3,0.408,0.0,0.0,0.0,999999.0,260.6,416.4,322.8,331839
0,76.0,5.226249694824219,315.0,-0.002353104064241,5.944877624511719,3.1943037509918213,3.0347917079925537,6.0,42824.74566488431,58.7633816182848,1512.075162957726,0.0,85.70493685498565,0.75,10.0,0.0,0.0,0.0,0.0,1.3,0.3,0.0,0.0,0.0,999999.0,364.0,351.0,285.0,653072
0,2006.0,25.21414566040039,285.9454040527344,-0.0188248325139284,4.643413543701172,23.03580665588379,13.56466007232666,6.0,21891.316906541804,7790.913198522823,6461.273170059056,0.0,0.0,0.75,10.0,1.0,3.4000000000000004,19.3,68.1,95.7,0.421,0.0,0.0,0.0,999999.0,371.6,337.0,291.4,640962
0,1813.0,7.594903469085693,255.96376037597656,0.0135957123711705,5.596224784851074,4.789796352386475,3.605551242828369,18.0,51946.55766655365,383.93434738418097,6768.7286985593,0.0,0.0,0.75,10.0,0.0,0.0,0.0,0.0,10.599999999999998,0.346,0.0,0.0,0.0,999999.0,289.0,384.0,327.0,742380
0,1662.0,21.376596450805664,128.29014587402344,0.0177790075540542,4.807541847229004,18.757936477661133,12.932517051696776,6.0,15714.520614325382,3295.488866520017,1362.5038397125447,118.5590784806589,0.0,0.75,10.0,3.1,10.4,51.3,112.7,144.9,0.504,0.0,0.0,0.0,999999.0,311.0,372.0,317.0,641306
0,3496.0,23.483890533447266,225.0,0.0052291196770966,4.744075775146484,21.69011116027832,11.958260536193848,6.0,51265.04643100004,8369.682343536015,1398.898824358747,76.57435928451108,0.0,0.75,10.0,0.0,0.0,4.0,4.0,4.0,0.3,0.0,0.0,0.0,999999.0,431.6,354.6,213.8,536215
0,26.0,1.309969782829285,45.0,0.0005229120724834,7.2413506507873535,0.7299740314483643,0.6666768193244934,6.0,65979.70052360302,72119.64437050218,52964.08926241383,0.0,0.0,0.6000000238418579,40.0,0.0,0.0,0.0,0.2,4.3,0.191,0.0,0.0,0.0,999999.0,386.6,335.4,277.4,331319
0,2279.0,30.290197372436523,131.63352966308594,0.0109811536967754,4.570506095886231,32.95753860473633,13.656499862670898,18.0,46981.13692931317,39698.05858558272,32602.01259520473,0.0,0.0,0.75,10.0,0.0,0.0,0.0,0.0,0.6000000000000001,0.325,0.0,0.0,0.0,999999.0,163.0,426.0,411.0,640893
0,5037.0,13.42752170562744,28.300756454467773,0.0060134883970022,5.14404821395874,9.769824028015137,6.633249759674072,16.0,97565.53399553354,32875.81921703905,18078.71300816427,0.0,0.0,0.5,30.0,0.0,0.0,0.0,0.0,3.1000000000000005,0.341,0.0,0.0,0.0,999999.0,619.0,274.0,106.0,533644
0,416.0,28.182281494140625,84.8055648803711,-0.0010458244942128,4.514231204986572,26.21238899230957,14.041234016418455,6.0,308.61194058434216,2021.9539920942816,466.6133819698285,351.48021312882616,0.0,0.75,10.0,0.0,0.0,0.0,3.3000000000000003,3.4000000000000004,0.298,0.0,0.0,0.0,999999.0,444.0,273.0,283.0,652443
0,12.0,3.7006449699401855,-0.0,-0.0031374720856547,6.232475757598877,2.129356861114502,1.6996766328811646,11.0,110169.67682345543,110580.00036118404,91405.15051426162,0.0,0.0,0.6000000238418579,40.0,0.0,0.7,5.699999999999999,35.7,69.5,0.421,0.0,0.0,0.0,999999.0,201.0,393.0,406.0,331334
0,129.0,1.8522543907165527,180.0,0.0002614560071378,6.894777297973633,1.0323392152786257,0.9931405186653136,6.0,15588.469170421244,48.47914993377313,4765.813596455725,0.0,0.0,0.75,10.0,0.0,0.0,3.1,12.2,91.5,0.461,0.0,0.0,0.0,999999.0,430.0,319.0,250.0,653072
0,4.0,0.0,-0.0,-0.0007843680214136,10.33923053741455,0.0309222228825092,0.4969062507152557,11.0,6976.244899155968,2986.6829321977943,0.0,0.0,0.0,0.550000011920929,90.0,0.2,0.3,6.7,24.9,52.5,0.473,0.0,0.0,0.0,999999.0,234.4,466.4,299.0,331354
0,45.0,5.386162281036377,30.963756561279297,-0.0028760158456861,5.914565086364746,3.292612314224243,3.0831968784332275,0.0,24690.851609103163,9850.87298781684,10218.818367724043,0.0,0.0,0.75,10.0,0.0,0.0,0.0,0.0,0.0,0.248,1.0,1.0,4.5,47741.511630681984,395.0,340.0,264.0,331679
0,6.0,2.0707030296325684,243.4349670410156,-0.0005229120142757,6.798747539520264,1.172268629074097,1.0999441146850586,11.0,165464.600048012,262800.43304696784,262770.3070637257,0.0,0.0,0.75,10.0,0.0,0.0,0.0,0.0,0.4,0.274,0.0,0.0,0.0,999999.0,333.6,356.2,310.0,330994
0,169.0,2.927142381668091,161.56504821777344,0.0007843680214136,6.467477321624756,1.6834042072296145,1.065253734588623,0.0,9168.900044440245,165141.8654779802,149970.67378603423,0.0,0.0,0.5,40.0,1.0,1.5,10.4,20.7,42.3,0.514,0.0,0.0,0.0,999999.0,329.0,333.0,338.0,743148
0,4387.0,6.190611839294434,296.5650634765625,0.0005229120142757,5.788630485534668,3.842212200164795,2.8284270763397217,16.0,3473.2421904702915,88784.94527129865,88879.9582836341,0.0,0.0,0.5,30.0,0.0,0.0,0.5,0.7000000000000001,2.3000000000000003,0.284,0.0,0.0,0.0,999999.0,381.0,343.0,276.0,537198
0,556.0,38.95484924316406,-0.0,0.0122884316369891,4.236560821533203,45.21200180053711,20.912017822265625,16.0,13422.807635448584,1258.966190044694,1235.9873863523285,413.6880466727485,0.0,0.75,10.0,0.0,0.0,2.3,8.4,13.7,0.25,0.0,0.0,0.0,999999.0,201.0,477.0,321.0,655069
0,186.0,2.618571519851685,225.0,0.0005229120724834,6.579049110412598,1.5056828260421753,1.0532686710357666,0.0,29156.60845373255,548.8292507082102,226.658644606346,432.4663803696957,0.0,0.5,40.0,0.4,1.5,20.4,68.60000000000001,172.10000000000002,0.49,0.0,0.0,0.0,999999.0,355.6,352.4,292.2,653116
0,6.0,3.336585760116577,303.6900634765625,-0.0013072800356894,6.351368427276611,1.9485265016555784,1.165343165397644,11.0,34315.182111164286,24992.575986914424,1903.2624313113429,34.89209405057353,0.0,0.6000000238418579,40.0,0.7,1.9,3.7,6.9,26.9,0.37,0.0,0.0,0.0,999999.0,341.0,359.0,300.0,331354
0,4445.0,32.50584030151367,54.29330825805664,-0.0073207691311836,4.518346309661865,37.22743606567383,16.492422103881836,16.0,56719.04462524689,24710.77078023776,17780.290031330067,0.0,0.0,0.0,60.0,0.0,0.0,0.5,1.4,27.1,0.36,0.0,0.0,0.0,999999.0,506.0,341.0,153.0,537720
0,457.0,11.018078804016112,131.63352966308594,-0.007320768199861,5.310585021972656,7.675814151763916,6.736096858978272,6.0,10572.687406536406,14449.42973242977,2200.076543903942,0.0,0.0,0.75,10.0,0.0,0.0,0.0,0.0,4.8,0.212,0.0,0.0,0.0,999999.0,370.2,332.2,297.2,640920
0,10.0,1.8522543907165527,270.0,-0.0010458240285515,6.894777297973633,1.0323392152786257,0.9428113102912904,0.0,181324.9947645937,250452.8231498508,242202.8614294729,0.0,0.0,0.6000000238418579,40.0,0.0,0.0,3.5,10.0,21.6,0.194,0.0,0.0,0.0,999999.0,222.8,439.0,338.0,331839
0,10.0,2.0707030296325684,153.43495178222656,-0.0015687360428273,6.798747539520264,1.172268629074097,0.9162467122077942,11.0,79445.4944028786,82543.89891373825,64229.528546662106,0.0,0.0,0.6000000238418579,40.0,0.0,0.0,0.0,0.0,6.1,0.291,0.0,0.0,0.0,999999.0,222.8,439.0,338.0,331548
0,13.0,1.309969782829285,45.0,0.0007843680214136,7.2413506507873535,0.7299740314483643,0.942799150943756,11.0,1076.6082531975758,63916.192150340445,54895.07594357414,0.0,0.0,0.75,10.0,0.0,0.3,0.3,0.3,42.7,0.329,0.0,2.0,4.6,90218.10857267582,352.0,349.0,298.0,331534
0,5220.0,17.85774803161621,342.47442626953125,0.0010458240285515,4.90362548828125,13.989643096923828,8.246211051940918,16.0,78699.74602626078,90408.92081641228,85706.31874731595,0.0,0.0,0.0,60.0,0.0,0.0,3.8,14.4,39.5,0.411,0.0,1.0,4.1,140591.31086722206,565.2,327.8,106.8,537720
0,162.0,12.40361213684082,342.89727783203125,-0.0067978557199239,5.188774108886719,8.670143127441406,5.906663417816162,6.0,4139.17487967268,4709.447348803841,535.5863885936483,538.3490905340846,0.0,0.75,10.0,0.0,0.0,0.0,0.0,0.0,0.15,0.0,0.0,0.0,999999.0,314.0,428.0,257.0,655069
0,5005.0,7.865800857543945,249.4439697265625,0.0005229121888987,5.57457160949707,5.031844615936279,4.0,0.0,62474.85049679625,76153.19166296857,76383.61110611534,0.0,0.0,0.5,30.0,0.0,0.0,1.6,2.7,2.7,0.262,0.0,0.0,0.0,999999.0,593.0,304.0,103.0,536989
0,1823.0,33.66762924194336,264.42779541015625,-0.006536400411278,4.384540557861328,35.5846061706543,17.255434036254883,18.0,36271.17731577179,27436.835214819766,29230.537768760805,0.0,0.0,0.75,10.0,0.0,0.1,5.3,25.3,53.3,0.415,0.0,0.0,0.0,999999.0,358.8,357.4,284.0,641747
0,1075.0,33.82267379760742,8.325650215148926,0.0044447518885135,4.397227764129639,36.46370697021485,16.07793426513672,0.0,38022.5956072168,306063.1677447292,303873.70086233213,0.0,0.0,0.75,10.0,0.0,0.0,7.2,13.0,21.1,0.469,0.0,0.0,0.0,999999.0,334.0,392.0,275.0,742603
0,39.0,3.814206600189209,165.9637451171875,0.0018301920499652,6.217236518859863,2.2282254695892334,1.4740595817565918,6.0,66314.00357225849,13812.171407442516,9083.09946550606,0.0,0.0,0.75,10.0,0.0,0.0,0.4,5.8,6.2,0.298,0.0,0.0,0.0,999999.0,458.0,275.0,267.0,653072
0,99.0,0.9263692498207092,90.0,-0.0028760160785168,7.572137355804443,0.508084774017334,0.8160977959632874,6.0,13025.69315739307,38286.90020336084,29425.386086522867,0.0,0.0,0.6000000238418579,40.0,0.0,0.0,0.0,0.0,0.9,0.07,0.0,0.0,0.0,999999.0,406.0,319.0,274.6,653072
0,900.0,30.44246482849121,277.9071655273437,0.0250997766852378,4.471620559692383,30.22049331665039,16.149690628051758,18.0,24778.650979842943,19437.33698099059,6166.461775579906,0.0,0.0,0.75,10.0,0.0,0.1,11.1,15.7,15.7,0.508,0.0,0.0,0.0,999999.0,382.4,341.2,276.4,742760
0,1423.0,34.63538360595703,249.4439697265625,0.0036603836342692,4.43765115737915,40.35606384277344,17.804492950439453,18.0,53837.24777327046,912.2553631292064,2319.642209728157,0.0,0.0,0.75,10.0,0.0,0.0,0.0,0.0,0.2,0.382,0.0,0.0,0.0,999999.0,301.0,383.0,316.0,655213
0,130.0,1.309969782829285,225.0,0.0015687361592426,7.2413506507873535,0.7299740314483643,0.6846532225608826,6.0,11435.03162373815,1186.6108153916653,2055.629901084748,0.0,0.0795774715459476,0.75,10.0,0.0,0.0,0.0,0.0,0.1,0.253,0.0,0.0,0.0,999999.0,410.0,317.0,272.0,653072
0,3893.0,26.18699836730957,316.33221435546875,-0.0122884325683116,4.669055938720703,25.78015899658203,13.03840446472168,18.0,92339.82802432752,89039.65959398399,82203.04922911509,0.0,0.0,0.75,10.0,0.0,0.0,1.9000000000000004,4.300000000000001,10.1,0.352,0.0,0.0,0.0,999999.0,468.0,363.8,168.2,641570
0,1474.0,16.251489639282227,213.6900787353516,0.0070593124255537,5.003681182861328,12.657649040222168,7.106335163116455,18.0,20640.421492135152,48.46903493801885,7827.708675813245,0.0,0.0,0.75,10.0,0.0,0.2,16.4,25.7,58.1,0.419,0.0,0.0,0.0,999999.0,333.0,371.2,295.6,742380
0,62.0,1.309969782829285,135.0,-0.0005229121306911,7.2413506507873535,0.7299740314483643,0.6667683720588684,0.0,85656.08515467777,108556.48934693311,56186.16017185932,0.0,0.0,0.75,10.0,0.1,0.2,18.7,54.5,133.1,0.416,1.0,1.0,4.4,153499.340703511,369.8,349.6,280.6,331523
0,1931.0,51.23888397216797,330.43963623046875,-0.0044447518885135,4.204394340515137,103.90065002441406,30.73271942138672,18.0,53226.85871997477,2179.19262225012,583.4975988034562,151.56115020990018,0.0,0.75,10.0,0.7,7.6,21.5,34.900000000000006,103.3,0.234,0.0,0.0,0.0,999999.0,347.6,385.4,267.2,742614
0,1.0,0.0,-0.0,-0.0,10.33923053741455,0.0309222228825092,0.0,0.0,60304.61224710756,123922.97389083728,115354.71896548803,0.0,0.0,0.6000000238418579,40.0,0.2,1.1,18.1,34.9,99.5,0.504,0.0,0.0,0.0,999999.0,215.4,495.6,288.8,331691
0,1114.0,17.055835723876953,71.56504821777344,-0.0138571681454777,4.940959930419922,13.168392181396484,8.696263313293457,18.0,27844.18867454791,2521.2381316421965,1034.2458101603345,444.8875523049155,0.0,0.75,10.0,0.2,0.6000000000000001,4.2,44.2,85.6,0.464,0.0,2.0,6.1,107916.65528465202,350.2,366.0,284.0,655213
0,8.0,2.927142381668091,198.43495178222656,-0.0007843680214136,6.467477321624756,1.6834042072296145,1.3146852254867554,11.0,28272.1525942491,35773.44438914263,23958.68852104095,0.0,0.0,0.6000000238418579,40.0,0.0,0.0,0.5,1.1,3.9,0.319,0.0,0.0,0.0,999999.0,253.8,419.6,326.4,331860
0,3205.0,22.4036865234375,168.6900634765625,0.0023531038314104,4.713085174560547,18.93123245239257,10.72380542755127,18.0,69932.4272337561,65862.25544127014,59313.064578663805,0.0,0.0,0.75,10.0,3.7,10.3,73.5,110.5,136.5,0.429,0.0,0.0,0.0,999999.0,322.0,388.0,290.0,641471
0,2285.0,41.92715072631836,203.33404541015625,-0.0070593124255537,4.318443298339844,60.55219650268555,26.362852096557617,18.0,63599.30211629797,59508.93207842475,51323.00541233884,0.0,0.0,0.75,10.0,0.0,0.0,1.3,10.6,30.800000000000004,0.39,0.0,0.0,0.0,999999.0,328.2,367.4,304.4,641515
0,4461.0,37.457122802734375,225.8551025390625,0.0091509604826569,4.431850433349609,49.35636520385742,18.220867156982425,16.0,13608.187893716497,65615.30221105617,42474.88666950522,0.0,0.0,0.5,30.0,0.2,0.6000000000000001,10.4,23.6,23.6,0.389,0.0,0.0,0.0,999999.0,472.8,349.6,177.2,640904
0,3142.0,35.87168884277344,116.5650405883789,0.0005229121888987,4.433769226074219,44.05447769165039,20.904544830322266,18.0,49213.11379219888,13270.511174487508,1521.0285741479604,43.50404777395768,0.0,0.75,10.0,0.0,0.3,3.9,10.9,14.1,0.333,0.0,0.0,0.0,999999.0,400.4,365.0,234.6,536215
0,1257.0,33.056636810302734,63.4349479675293,0.0049676639027893,4.488632678985596,37.69658660888672,15.976545333862305,0.0,37561.44609025015,16102.30848348307,18499.48780756164,0.0,0.0,0.75,10.0,0.1,0.2,9.7,37.2,66.3,0.422,0.0,0.0,0.0,999999.0,331.8,352.4,316.0,742625
0,5321.0,39.30935287475586,9.090276718139648,-0.0005229121888987,4.293007850646973,49.062110900878906,19.28730201721192,0.0,27792.393647736983,158579.98415138765,145085.57803705597,0.0,0.0,0.0,60.0,0.0,0.0,0.7999999999999999,5.6,9.1,0.068,0.0,0.0,0.0,999999.0,565.2,327.8,106.8,536989
0,107.0,2.777172803878784,90.0,-0.0026145600713789,6.504854202270508,1.572763204574585,1.4228190183639526,0.0,5992.144111900451,155571.4941481529,150687.05540905945,0.0,0.0,0.6000000238418579,40.0,0.0,0.0,0.0,0.3,13.500000000000002,0.334,0.0,0.0,0.0,999999.0,324.0,385.0,291.0,743148
0,0.0,0.0,-0.0,-0.0,10.33923053741455,0.0309222228825092,0.0,0.0,10414.758169836352,56527.48422620408,59573.21896222453,0.0,0.0,-0.2000000029802322,80.0,0.8,5.6,10.7,55.39999999999999,83.8,0.455,0.0,0.0,0.0,999999.0,215.4,495.6,288.8,0
0,3037.0,18.43554306030273,140.90614318847656,0.003137471852824,4.914578914642334,15.141264915466309,7.745966911315918,18.0,77675.81035672598,33307.41245153962,23325.179739210867,0.0,0.0,0.75,10.0,0.0,0.0,1.2000000000000002,62.7,107.5,0.405,0.0,0.0,0.0,999999.0,411.4,360.2,228.6,641449
0,1002.0,19.600738525390625,140.52752685546875,-0.0122884316369891,4.870326042175293,16.5308837890625,10.07472038269043,6.0,2892.9057674597693,907.9275015333516,425.9594197884215,544.4404335874423,0.0,0.75,10.0,0.1,0.3,1.7,6.7,29.1,0.445,0.0,2.0,4.7,119104.31205819032,328.8,370.8,300.0,742380
0,24.0,0.9263692498207092,-0.0,0.0018301920499652,7.572137355804443,0.508084774017334,0.628602921962738,0.0,216894.8736480585,216407.3507285017,198038.55066670995,0.0,0.0,0.75,10.0,0.0,0.0,0.0,0.0,0.0,0.205,0.0,0.0,0.0,999999.0,323.4,386.6,289.6,653072
0,35.0,0.0,-0.0,0.0002614560071378,10.33923053741455,0.0309222228825092,0.3142528831958771,11.0,12344.606017889268,27627.984176159112,23176.034678897868,0.0,0.0,0.6000000238418579,10.0,0.0,0.0,0.0,0.0,0.0,0.293,2.0,3.0,4.5,109126.92713261688,290.2,376.8,333.0,330938
0,12.0,4.136011123657227,63.4349479675293,-0.0007843680796213,6.150826454162598,2.4530060291290283,1.7069239616394043,0.0,258118.5382633541,297737.6088093895,280838.3808433598,0.0,0.0,0.6000000238418579,40.0,0.0,0.0,0.0,0.0,0.0,0.148,0.0,0.0,0.0,999999.0,254.6,380.8,364.6,653072
0,57.0,3.336585760116577,326.3099365234375,-0.003921840339899,6.351368427276611,1.9485265016555784,1.8325268030166624,6.0,1400.2453410748876,5472.298050717335,7097.325511702016,0.0,0.0,0.75,10.0,0.0,0.0,0.1,0.2,1.6,0.238,0.0,0.0,0.0,999999.0,429.2,301.8,269.4,332127
0,419.0,15.39533805847168,229.7636566162109,-0.0083665922284126,5.049071788787842,11.818992614746094,6.729134559631348,18.0,17006.07140292636,60627.33793136832,46023.17327026456,0.0,0.0,0.75,10.0,2.8,9.0,27.4,68.30000000000001,111.3,0.474,2.0,3.0,4.5,107992.0654367981,295.4,392.0,312.6,742713
0,1262.0,27.53996658325196,82.8749771118164,-0.0049676643684506,4.541366100311279,25.51068687438965,14.658615112304688,18.0,39730.65483636325,15696.725381452385,9135.94653639118,0.0,0.0,0.75,10.0,0.0,0.0,0.0,6.7,40.4,0.457,0.0,0.0,0.0,999999.0,331.8,352.4,316.0,742647
0,111.0,2.927142381668091,161.56504821777344,0.0013072800356894,6.467477321624756,1.6834042072296145,1.1332165002822876,0.0,1855.064644432598,174295.50690172674,171362.1305412597,0.0,0.0,0.75,10.0,0.3,7.499999999999999,31.1,111.7,206.1,0.402,0.0,0.0,0.0,999999.0,411.2,323.2,265.2,743148
0,1550.0,10.4458589553833,232.12503051757807,-0.0013072802685201,5.352420330047607,7.175771713256836,5.049752235412598,18.0,8252.960145307883,667.116139109873,730.8015603045457,313.08734177433496,1.6711269024649011,0.75,10.0,0.0,0.0,0.0,0.0,2.9,0.308,0.0,0.0,0.0,999999.0,331.6,388.0,280.6,653516
0,7.0,1.8522543907165527,-0.0,-0.0,6.894777297973633,1.0323392152786257,0.9558127522468568,0.0,28599.30559317125,35337.093925478686,23383.6014579341,0.0,0.0,0.6000000238418579,40.0,0.0,0.0,0.0,0.0,0.0,0.135,0.0,0.0,0.0,999999.0,338.4,348.8,312.6,331860
0,7.0,1.309969782829285,315.0,-0.0010458240285515,7.2413506507873535,0.7299740314483643,0.6666682362556458,11.0,11449.250287085322,25051.97076867869,19304.930919401497,0.0,0.0,0.6000000238418579,40.0,0.0,0.0,0.0,0.0,0.0,0.15,0.0,0.0,0.0,999999.0,321.0,350.0,329.0,330978
0,211.0,12.17381763458252,77.00537872314453,0.0070593124255537,5.195295810699463,8.39666748046875,5.230618953704834,6.0,38201.995419898594,72732.09656322151,41229.83679347341,0.0,0.0,0.75,10.0,0.0,0.0,0.2,1.7999999999999998,2.4,0.407,2.0,3.0,4.8,139648.71955579775,374.4,318.8,306.6,742713
0,136.0,1.8522543907165527,270.0,-0.0013072800356894,6.894777297973633,1.0323392152786257,0.7381882667541504,18.0,15667.36895422534,169.2151784302687,606.1676152647103,670.8651720326218,11.538733374162412,0.6000000238418579,40.0,3.1,9.4,54.6,85.4,109.9,0.479,1.0,1.0,4.8,134827.80219425043,379.2,353.0,267.8,653072
0,302.0,21.802091598510746,75.96375274658203,-0.0062749441713094,4.7432050704956055,18.36952781677246,10.53194522857666,0.0,15805.17964663651,1581.2554197057634,207.8226024443796,469.4014389480975,0.0,0.75,10.0,0.0,0.0,0.6000000000000001,1.4,2.1,0.365,1.0,1.0,4.3,194383.1663259061,354.0,373.2,272.8,652915
0,7.0,0.0,-0.0,0.0002614560071378,10.33923053741455,0.0309222228825092,0.6285391449928284,11.0,16069.044430561404,37611.09460507695,22947.500574770624,0.0,0.0,0.6000000238418579,90.0,0.0,0.0,0.0,3.7,13.099999999999998,0.373,0.0,0.0,0.0,999999.0,332.0,368.0,300.0,331354
0,889.0,30.807849884033203,139.39869689941406,0.007320768199861,4.558688163757324,33.94302749633789,17.00918960571289,6.0,18281.947505462525,2883.976985209113,3618.6437602644,0.0,0.0,0.75,10.0,0.0,0.0,0.2,30.5,101.3,0.378,0.0,0.0,0.0,999999.0,336.2,370.4,293.4,640918
0,3000.0,31.11993408203125,110.37643432617188,-0.000784367788583,4.510573863983154,33.15727615356445,12.328827857971191,18.0,44959.0097364077,11751.537604562604,1464.8711265827978,208.00082292969088,0.0,0.75,10.0,0.0,0.0,0.0,3.2,11.8,0.371,0.0,0.0,0.0,999999.0,411.4,360.2,228.6,536215
0,317.0,12.66049098968506,210.2564392089844,-0.0010458239121362,5.192656993865967,9.080256462097168,5.142500400543213,6.0,16022.977165294042,1195.898769477932,2588.45726297706,0.0,0.0,0.75,10.0,0.0,0.1,5.8,36.8,135.5,0.413,0.0,0.0,0.0,999999.0,302.0,396.0,302.0,655069
0,91.0,9.09423542022705,315.0,-0.0010458240285515,5.467675685882568,6.0702433586120605,4.924131393432617,0.0,8426.99610948201,6060.397317249429,713.210643674241,267.4234353993491,0.0,0.75,10.0,0.7,2.7,36.0,110.4,118.5,0.418,0.0,0.0,0.0,999999.0,329.0,447.0,224.0,655147
0,24.0,2.927142381668091,18.434947967529297,-0.0005229120142757,6.467477321624756,1.6834042072296145,0.9161967635154724,11.0,30825.23629473086,12439.31598198372,2143.8483318861904,0.0,0.0,0.6000000238418579,40.0,0.0,0.0,0.0,0.0,0.0,0.194,0.0,0.0,0.0,999999.0,369.6,358.2,271.6,331264
0,101.0,0.0,-0.0,-0.0013072800356894,10.33923053741455,0.0309222228825092,0.6673173904418945,29.0,50150.88288300458,226646.8294358124,205442.7495006647,0.0,0.0,0.6000000238418579,40.0,0.0,0.0,0.0,0.0,0.0,0.13,0.0,1.0,3.8,185631.46042643487,417.6,312.8,269.4,743148
0,13.0,1.309969782829285,315.0,0.0005229120724834,7.2413506507873535,0.7299740314483643,1.2272651195526123,11.0,102501.10031851612,96520.75284210154,86409.85817693915,0.0,0.0,0.6000000238418579,40.0,0.5,1.2,9.8,12.8,31.4,0.415,0.0,0.0,0.0,999999.0,300.4,385.2,314.0,331606
0,707.0,28.29054069519043,237.2647857666016,0.0005229117814451,4.607008934020996,29.02264404296875,13.003604888916016,0.0,2849.124802707949,21573.913425345025,7016.754463342191,0.0,0.0,0.75,10.0,0.0,0.0,0.0,0.0,0.0,0.317,0.0,0.0,0.0,999999.0,340.8,346.8,312.4,640943
0,1295.0,35.986900329589844,191.5601348876953,-0.0015687353443354,4.370370388031006,41.69963073730469,19.09842872619629,18.0,31005.11732426426,5998.392838177636,1435.1479247084203,213.0712543901648,0.0,0.75,10.0,0.4,1.5,6.8,46.8,142.59999999999997,0.426,0.0,0.0,0.0,999999.0,324.8,383.0,292.6,640932
0,1758.0,23.11713600158692,204.62356567382807,0.0067978561855852,4.7311882972717285,20.670948028564453,10.793516159057615,18.0,122883.7557941448,2952.7032404344764,1271.0564604348583,219.23386081103044,0.0,0.75,10.0,0.7,1.9,4.199999999999999,10.4,14.099999999999998,0.422,0.0,0.0,0.0,999999.0,313.4,364.8,321.6,641184
0,1484.0,2.618571519851685,315.0,-0.0,6.579049110412598,1.5056828260421753,1.8708287477493288,18.0,14935.2260989373,316.11099491828776,1268.449371182851,345.9843450255615,1.432394487827058,0.5,30.0,0.0,0.0,5.1,13.7,53.9,0.497,0.0,0.0,0.0,999999.0,345.2,355.6,299.0,653516
0,1448.0,10.71705722808838,19.98310661315918,-0.0002614562399685,5.313267707824707,7.271801948547363,5.545268058776856,18.0,11460.615208893754,686.5865986122681,7422.698010057145,0.0,1.7507043740108488,0.75,10.0,0.0,0.0,3.0,22.5,27.1,0.411,0.0,2.0,4.6,131375.81728046518,318.2,363.4,318.4,655069
0,17.0,2.618571519851685,135.0,0.0013072800356894,6.579049110412598,1.5056828260421753,1.2861946821212769,11.0,44022.60591865698,88106.59980511834,71296.65677481896,0.0,0.0,0.050000000745058,50.0,0.0,0.0,0.0,0.0,2.0,0.419,0.0,1.0,4.8,190662.9979901421,231.4,480.0,288.8,331541
0,2048.0,33.40856170654297,258.6900634765625,0.0062749437056481,4.422050476074219,36.22631072998047,16.378339767456055,0.0,56448.06870996153,479.7142686356578,1181.5071329590746,0.0,0.0795774715459476,0.75,10.0,0.3,1.9,16.200000000000003,35.400000000000006,216.0,0.425,0.0,0.0,0.0,999999.0,376.2,337.2,286.4,640957
0,2222.0,14.74699878692627,349.3803405761719,-0.0133342565968632,5.03413724899292,10.640019416809082,8.0,6.0,89047.31823063637,4164.273757472412,5244.013009208306,0.0,0.0,0.75,10.0,0.0,0.0,0.0,0.0,38.4,0.388,0.0,1.0,4.5,143400.2782289117,295.0,358.0,347.0,641306
0,1308.0,18.128936767578125,249.775146484375,0.003921840339899,4.898963928222656,14.380550384521484,10.198039054870604,0.0,51972.0279908953,371.7674896832137,1114.1084676152425,284.94734324014496,37.7197215127792,0.75,10.0,0.0,0.0,0.0,3.9,9.6,0.31,0.0,0.0,0.0,999999.0,328.0,375.6,296.6,655213
0,1388.0,29.060022354125977,8.365885734558105,0.0026145598385483,4.507996082305908,28.01858711242676,14.62019157409668,0.0,25438.97090161576,54854.148662369225,48200.1969169358,0.0,0.0,0.75,10.0,0.0,0.0,0.0,0.1,1.0000000000000002,0.399,0.0,2.0,4.9,87057.83241265583,323.0,377.4,299.8,742625
0,641.0,10.71705722808838,289.9831237792969,0.0013072800356894,5.313267707824707,7.271801948547363,5.457220077514648,0.0,11562.533016796237,138231.48642619234,109906.58660703164,0.0,0.0,0.75,10.0,0.0,0.0,0.0,0.0,0.1,0.386,3.0,3.0,4.8,40464.52295826988,355.4,356.4,288.0,742935
0,11.0,1.309969782829285,135.0,-0.0002614560071378,7.2413506507873535,0.7299740314483643,0.4969235062599182,11.0,160750.15183524016,231653.18669090723,228331.45547496952,0.0,0.0,0.6000000238418579,40.0,0.0,0.0,0.2,0.7,1.0,0.207,0.0,0.0,0.0,999999.0,347.6,382.0,270.4,330892
0,1421.0,13.63347625732422,-0.0,-0.0013072798028588,5.065207958221436,9.319080352783203,6.828249931335449,18.0,8863.939235748867,3557.454843825625,1314.3116351643912,225.49881123854595,0.0,0.75,10.0,0.3,2.0,18.200000000000003,27.9,44.3,0.415,0.0,0.0,0.0,999999.0,320.8,343.0,336.4,655213
0,5285.0,17.055835723876953,108.43494415283205,0.0013072802685201,4.940959930419922,13.168392181396484,8.0,0.0,87090.73469629524,10464.434652925484,1930.1628225442269,0.0,0.0,0.0,70.0,0.0,0.0,3.1,5.1,11.3,0.411,0.0,0.0,0.0,999999.0,565.2,327.8,106.8,535752
0,89.0,2.0707030296325684,26.56505012512207,-0.0002614560071378,6.798747539520264,1.172268629074097,1.6176214218139648,6.0,43141.32055764922,52.173452366967965,145.8330391371267,501.50505828931887,9.390141642421826,0.6000000238418579,40.0,0.0,0.0,0.0,49.0,179.4,0.434,0.0,1.0,5.4,175189.42224265574,360.0,374.4,265.4,653072
0,78.0,1.309969782829285,315.0,-0.0010458240285515,7.2413506507873535,0.7299740314483643,0.6669514179229736,6.0,29019.09927493929,997.485698787953,720.8648688678079,0.0,28.568312284995216,0.6000000238418579,40.0,0.0,0.0,0.0,0.0,2.9,0.332,0.0,1.0,4.9,190519.13171936263,375.8,347.6,276.6,653072
0,6.0,3.814206600189209,165.9637451171875,0.0002614561235532,6.217236518859863,2.2282254695892334,1.4142135381698608,0.0,252167.03388236623,346502.3406280781,346778.3078985089,0.0,0.0,0.6000000238418579,10.0,0.0,0.0,4.0,8.6,8.6,0.333,0.0,0.0,0.0,999999.0,95.0,501.0,404.0,653072
0,174.0,7.370669364929199,180.0,-0.0015687358099967,5.598304271697998,4.517427444458008,2.9813876152038574,0.0,31687.38259024388,38634.63375850546,36917.56134613013,0.0,0.0,0.75,10.0,0.0,0.0,0.0,0.0,0.0,0.288,0.0,0.0,0.0,999999.0,355.0,371.8,273.4,742811
0,7.0,2.0707030296325684,333.4349365234375,0.0005229120142757,6.798747539520264,1.172268629074097,0.9162467122077942,11.0,12022.614594308572,95391.8346826034,95963.28037094192,0.0,0.0,0.75,10.0,0.0,0.0,5.500000000000001,36.2,36.3,0.353,0.0,0.0,0.0,999999.0,338.4,348.8,312.6,332144
0,468.0,11.9050874710083,122.47118377685548,0.0052291201427578,5.243656158447266,8.416634559631348,5.6166605949401855,18.0,13003.975048592783,19262.32266506505,1354.60743999408,229.9395722587667,0.0,0.75,10.0,0.7,2.1,9.0,29.7,40.8,0.426,0.0,1.0,5.8,26651.73108652476,381.6,324.4,293.6,742624
0,1261.0,18.43554306030273,104.03623962402344,0.0031374720856547,4.86954927444458,14.47457504272461,10.093314170837402,6.0,74769.16732714674,11914.18853725251,11540.095490087337,0.0,0.0,0.75,10.0,0.8,2.6,34.1,109.3,187.7,0.429,0.0,0.0,0.0,999999.0,337.0,343.4,319.8,641118
0,2066.0,20.042110443115234,12.804265975952148,-0.0005229118978604,4.802138328552246,16.205350875854492,8.66025447845459,6.0,55404.29055415079,3350.0520747247183,3386.719075374625,0.0,0.0,0.75,10.0,0.1,0.6,2.4000000000000004,2.4000000000000004,5.4,0.296,2.0,2.0,4.9,99350.934061801,341.0,338.0,320.0,641306
0,97.0,1.309969782829285,315.0,-0.0010458240285515,7.2413506507873535,0.7299740314483643,0.7368641495704651,6.0,40278.4343021035,356.2565829240288,214.21757086932635,313.40771673199606,28.88662217117901,0.6000000238418579,40.0,0.0,0.0,0.7000000000000001,11.7,53.1,0.403,0.0,0.0,0.0,999999.0,406.0,319.0,274.6,653072
0,11.0,1.309969782829285,225.0,0.0020916480571031,7.2413506507873535,0.7299740314483643,0.9428072571754456,11.0,110454.85231038248,181293.450561752,179268.24067966038,0.0,0.0,0.75,10.0,0.0,0.0,0.0,0.0,0.0,0.285,0.0,0.0,0.0,999999.0,220.0,500.0,279.0,332130
0,290.0,12.880515098571776,225.0,0.000784367788583,5.187136650085449,9.357793807983398,5.906828880310059,6.0,3426.1382094533824,674.7605594959366,2117.949677711987,0.0,0.0,0.75,10.0,0.0,0.0,0.6000000000000001,3.8,19.3,0.38,0.0,0.0,0.0,999999.0,370.2,353.2,276.6,653660
0,49.0,3.336585760116577,146.30992126464844,0.0005229120142757,6.351368427276611,1.9485265016555784,1.3332620859146118,6.0,39675.418578238096,2144.194918156292,820.3215375372286,659.0365487073475,0.0,0.75,10.0,0.1,0.3,0.5,21.5,40.7,0.387,0.0,0.0,0.0,999999.0,372.6,353.8,273.6,653072
0,949.0,23.599483489990234,357.87890625,-0.0047062085941433,4.63303279876709,19.62555503845215,11.222187995910645,18.0,69220.43106417119,377.3424020337189,1217.7537386670604,297.9704945683943,0.0,0.75,10.0,0.1,0.7999999999999999,15.1,49.5,90.20000000000002,0.491,0.0,1.0,4.0,132858.66153604828,360.8,352.4,287.2,641306
0,216.0,5.617307186126709,9.462322235107422,-0.0018301920499652,5.857865810394287,3.385626792907715,2.131424188613892,16.0,28959.215950006987,54550.29313987273,16037.008193595057,0.0,0.0,0.75,10.0,0.1,0.3,5.3,21.200000000000003,67.1,0.498,0.0,1.0,4.7,28289.34496637454,361.0,363.0,276.0,742713
0,182.0,2.0707030296325684,26.56505012512207,-0.0,6.798747539520264,1.172268629074097,0.9941233396530152,29.0,7800.988784796185,2766.1691608180818,0.0,283.0034406387655,0.0,0.0,60.0,0.1,0.2,0.5,9.7,39.3,0.374,0.0,0.0,0.0,999999.0,353.2,353.2,293.8,653072
0,9.0,2.927142381668091,18.434947967529297,-0.0010458240285515,6.467477321624756,1.6834042072296145,1.0657371282577517,11.0,34104.58180665554,31726.31535671686,32776.7749856679,0.0,0.0,0.75,10.0,0.4,1.7000000000000002,11.0,47.5,107.9,0.426,0.0,0.0,0.0,999999.0,253.8,419.6,326.4,332016
0,5.0,0.9263692498207092,180.0,-0.0020916480571031,7.572137355804443,0.508084774017334,0.7370271682739258,11.0,33863.0709464099,113215.88572826122,111666.14475333296,0.0,0.0,0.75,10.0,6.2,17.8,58.5,76.5,158.7,0.439,0.0,0.0,0.0,999999.0,266.4,430.2,303.2,331839
0,6.0,1.309969782829285,225.0,-0.0013072800356894,7.2413506507873535,0.7299740314483643,0.684931755065918,11.0,2495.622908955297,25442.085676866864,27770.82846593507,0.0,0.0,0.6000000238418579,40.0,0.0,0.0,0.7,6.5,56.4,0.394,0.0,0.0,0.0,999999.0,331.8,358.0,310.0,332036
0,3083.0,17.16695213317871,132.87889099121094,0.0031374716199934,4.968413352966309,13.72290325164795,13.67479419708252,6.0,125746.38796625998,6061.700503699204,7793.932431580111,0.0,0.0,0.75,10.0,0.0,0.0,4.8,4.8,4.9,0.383,0.0,0.0,0.0,999999.0,411.0,381.0,208.0,533644
0,218.0,0.9263692498207092,180.0,-0.0013072800356894,7.572137355804443,0.508084774017334,0.5659615993499756,6.0,30407.849062427187,64927.93480840012,40869.519530246274,0.0,0.0,0.75,10.0,0.0,0.0,0.0,0.0,0.0,0.344,0.0,0.0,0.0,999999.0,343.6,350.0,306.4,742713
0,987.0,13.516231536865234,222.2736968994141,-0.0018301917007192,5.14935827255249,9.95700740814209,5.640256881713867,18.0,12003.575470603571,664.9781956101715,5488.02628299444,0.0,0.0,0.75,10.0,0.1,0.6,7.9,15.1,26.0,0.318,1.0,1.0,4.1,107708.87377153702,383.0,337.0,280.0,653382
0,185.0,5.617307186126709,189.4623260498047,-0.0031374720856547,5.857865810394287,3.385626792907715,2.30911922454834,6.0,11914.322746555235,70233.08150537999,58377.79380332153,0.0,0.0,0.75,10.0,0.0,0.0,0.0,0.8999999999999999,7.2,0.436,0.0,0.0,0.0,999999.0,411.0,310.0,279.0,743052
0,114.0,3.336585760116577,123.6900634765625,0.0013072800356894,6.351368427276611,1.9485265016555784,1.369662880897522,18.0,55751.0732175416,193602.7180963769,190005.62569555925,0.0,0.0,0.5,30.0,0.0,0.0,0.1,0.4,3.6,0.298,0.0,0.0,0.0,999999.0,409.8,331.0,259.0,742666
0,593.0,33.02426528930664,174.28939819335938,0.0018301918171346,4.399590969085693,34.39997100830078,16.17482566833496,0.0,19910.02853600777,76154.06874694431,74394.27103272278,0.0,0.0,0.75,10.0,0.0,0.8,4.7,17.4,68.4,0.479,0.0,1.0,5.63,111961.6524704742,359.4,346.6,294.0,742713
0,63.0,6.650692939758301,56.30992889404297,0.007320768199861,5.730356693267822,4.188555240631104,2.666615724563598,6.0,3747.5560137773855,823.9939779664506,566.671170136447,574.1690110860496,0.0,0.75,10.0,0.1,1.1,22.8,58.5,150.89999999999998,0.408,0.0,2.0,4.2,137460.45981725398,367.0,337.0,296.0,652804
0,37.0,3.336585760116577,236.3099365234375,0.0010458240285515,6.351368427276611,1.9485265016555784,1.3332620859146118,6.0,59674.38980750804,207.67723574935624,260.8217970243478,392.68690703192703,7.480282325319081,0.75,10.0,0.6,2.0,17.9,47.8,79.89999999999999,0.355,0.0,0.0,0.0,999999.0,381.2,334.0,285.0,653072
0,802.0,7.19770097732544,219.8055877685547,0.002353104064241,5.664364337921143,4.599712371826172,3.211308240890503,6.0,7526.821678728914,1192.7291495495858,1851.763990513052,105.83809840557122,0.0,0.75,10.0,0.0,0.1,2.5,3.9,53.1,0.479,0.0,0.0,0.0,999999.0,347.4,342.0,310.8,653172
0,19.0,0.0,-0.0,-0.0002614560071378,10.33923053741455,0.0309222228825092,0.5665544271469116,0.0,154162.94605861162,153438.9359301173,135168.093192982,0.0,0.0,0.75,10.0,0.0,0.0,0.0,0.0,0.0,0.136,0.0,0.0,0.0,999999.0,324.6,385.2,290.0,331334
0,546.0,40.72167205810547,28.009174346923828,-0.0026145591400563,4.353431224822998,57.60624313354492,21.61235237121582,16.0,16186.07959349503,3266.2556906784293,1319.8441933122765,136.83842547512026,0.0,0.75,10.0,0.3,0.5,1.0,2.6,11.6,0.244,0.0,1.0,4.7,61209.23186014528,274.0,404.0,322.0,655158
0,178.0,0.9263692498207092,90.0,-0.0002614560071378,7.572137355804443,0.508084774017334,0.6265605688095093,6.0,3883.571639131001,169377.06940033694,135249.35021209889,0.0,0.0,0.6000000238418579,40.0,0.0,0.0,0.7999999999999999,3.2,110.9,0.44,0.0,0.0,0.0,999999.0,334.0,352.0,314.0,743148
0,1998.0,15.445809364318848,110.55603790283205,-0.0031374723184853,5.022061347961426,11.583373069763184,8.440971374511719,18.0,50146.53409969272,32529.69809711293,34574.29157156405,0.0,0.0,0.5,10.0,0.0,0.0,7.300000000000001,22.3,50.3,0.412,0.0,0.0,0.0,999999.0,318.0,337.0,345.0,742380
0,118.0,2.777172803878784,180.0,-0.0005229121306911,6.504854202270508,1.572763204574585,1.2858150005340576,6.0,600.5953391664008,2420.566301481057,363.6295373989146,424.9069299873103,0.0,0.75,10.0,0.0,0.0,0.1,5.1000000000000005,16.700000000000003,0.346,0.0,1.0,4.7,103423.74181364372,419.0,320.2,260.8,542298
0,1483.0,27.232187271118164,313.7269897460937,0.0060134879313409,4.642513275146484,27.493242263793945,13.31352710723877,6.0,68625.46663439038,1520.9061506375233,2001.5893279444456,0.0,0.0,0.75,10.0,0.9,2.3,6.1,21.8,33.9,0.428,0.0,0.0,0.0,999999.0,315.0,395.0,290.0,641306
0,0.0,1.8522543907165527,270.0,-0.0020916480571031,6.894777297973633,1.0323392152786257,1.0657404661178589,0.0,187482.8472614349,289632.5846168888,289419.9148548261,0.0,0.0,-0.2000000029802322,80.0,0.0,0.0,0.0,0.1,0.1,0.294,0.0,0.0,0.0,999999.0,215.4,495.6,288.8,653072
0,4678.0,5.839084625244141,198.43495178222656,0.0010458240285515,5.833305835723877,3.5713398456573486,2.4494898319244385,16.0,2267.987732682064,93698.94275127702,90033.60114816009,0.0,0.0,0.5,30.0,0.0,0.0,0.2,0.2,0.3,0.208,0.0,0.0,0.0,999999.0,529.6,346.2,124.2,537198
0,975.0,26.729793548583984,222.3974456787109,0.0007843683706596,4.654797554016113,26.651594161987305,13.131546020507812,6.0,8499.100483010898,2030.3662557771645,2210.956938576693,0.0,0.0,0.75,10.0,0.0,0.0,0.0,0.0,0.0,0.324,0.0,1.0,5.7,170257.85437946452,358.8,352.4,288.4,653948
0,123.0,0.0,-0.0,-0.0013072800356894,10.33923053741455,0.0309222228825092,0.4728983044624328,6.0,9757.590237281818,40.40466006554709,456.42051600402414,318.7609906282838,13.130282805081366,0.75,10.0,0.0,0.0,0.0,2.6,2.6,0.396,0.0,0.0,0.0,999999.0,418.0,309.2,272.6,653072
0,119.0,4.713325023651123,191.3099365234375,-0.0018301920499652,6.019644260406494,2.7968568801879883,2.557731866836548,0.0,7779.236637697355,152676.94426812936,146885.28416727783,0.0,0.0,0.6000000238418579,40.0,0.0,0.0,36.8,64.6,145.8,0.436,0.0,8.0,6.4,64893.8246878048,405.0,331.2,263.8,743148
0,11.0,3.336585760116577,123.6900634765625,-0.0002614560071378,6.351368427276611,1.9485265016555784,1.4487080574035645,11.0,112811.5447279042,158187.26954590972,146962.09575128765,0.0,0.0,0.6000000238418579,40.0,4.6,18.5,32.099999999999994,88.6,118.4,0.433,0.0,0.0,0.0,999999.0,251.0,398.6,350.2,331632
0,336.0,14.984245300292969,154.9831085205078,-0.0005229121888987,5.0538740158081055,11.220672607421877,7.53429651260376,0.0,20813.211163170647,76248.7327608428,76175.54255967999,0.0,0.0,0.75,10.0,0.4,2.4,12.2,34.099999999999994,64.9,0.423,0.0,0.0,0.0,999999.0,344.4,360.2,295.4,742713
0,279.0,14.74699878692627,312.51043701171875,-0.0083665922284126,5.082429885864258,11.166463851928713,7.873511791229248,0.0,3592.026282732757,15523.404953102796,4209.667473877393,0.0,0.0,0.75,10.0,0.0,0.0,8.0,31.5,43.3,0.413,0.0,0.0,0.0,999999.0,365.0,355.0,280.0,331959
0,5037.0,5.839084625244141,71.56504821777344,-0.0010458240285515,5.833305835723877,3.5713398456573486,2.0,16.0,38167.29693914709,160409.99140726728,142339.0408472159,0.0,0.0,0.0,60.0,0.0,0.0,0.0,0.0,0.0,0.283,0.0,0.0,0.0,999999.0,568.0,314.0,118.0,537720
0,4043.0,18.932430267333984,98.13009643554688,0.0041832961142063,4.82938814163208,14.722708702087402,8.83176040649414,16.0,90442.64681668291,181491.44101258644,178848.08912828055,0.0,0.0,0.5,30.0,0.0,0.0,0.0,0.8,1.2,0.32,0.0,0.0,0.0,999999.0,493.2,318.2,188.6,533644
0,441.0,2.777172803878784,270.0,0.0023531042970716,6.504854202270508,1.572763204574585,1.4306904077529907,0.0,18231.51628835419,77106.36830386602,74071.3726341868,0.0,0.0,0.75,10.0,0.2,0.7,23.9,64.5,133.2,0.477,0.0,1.0,5.31,100505.84631169148,383.8,327.0,288.8,742713
0,830.0,38.44233322143555,273.5035400390625,0.0078436797484755,4.272617340087891,45.18452072143555,17.2119140625,18.0,2738.8659432152785,9362.414240038886,2973.055318578686,0.0,0.0,0.75,10.0,0.0,0.0,0.0,0.0,0.0,0.111,0.0,1.0,4.5,84180.05563734141,316.8,371.6,311.6,640625
0,5727.0,5.911112308502197,51.34019088745117,-0.0018301920499652,5.835175514221191,3.667474269866944,2.8284270763397217,16.0,24568.583049180328,147029.2872173002,122473.56682742768,0.0,0.0,0.3499999940395355,100.0,0.0,0.0,7.6,8.899999999999999,8.999999999999998,0.326,0.0,0.0,0.0,999999.0,555.0,335.8,109.2,538576
0,47.0,3.336585760116577,236.3099365234375,-0.0018301920499652,6.351368427276611,1.9485265016555784,1.4740595817565918,6.0,21189.33420479958,25808.45523180703,13424.82334313734,0.0,0.0,0.5,30.0,0.0,0.0,0.0,0.0,0.0,0.124,0.0,0.0,0.0,999999.0,385.0,352.0,262.8,653072
0,4.0,0.0,-0.0,0.0002614560071378,10.33923053741455,0.0309222228825092,0.6666660904884338,11.0,65027.12373090152,151412.17115928407,152211.0064487882,0.0,0.0,0.6000000238418579,40.0,0.0,0.0,32.7,103.5,104.9,0.395,0.0,0.0,0.0,999999.0,234.4,466.4,299.0,331839
0,4517.0,20.558612823486328,7.431407451629639,-0.0010458240285515,4.763113498687744,16.47307586669922,8.246211051940918,23.0,159044.70482428523,2020.8924475713743,1771.9144196714933,84.85230901048394,0.0,0.3499999940395355,100.0,0.1,0.4,6.0,17.1,19.5,0.336,0.0,0.0,0.0,999999.0,462.0,375.0,163.0,533644
0,1030.0,35.597312927246094,161.56504821777344,-0.0109811518341302,4.4104905128479,42.17998504638672,18.94399642944336,18.0,11955.44420890186,1932.292761571858,1602.623612714849,203.7885820512347,0.0,0.75,10.0,0.0,0.0,1.0,10.1,21.3,0.422,1.0,1.0,4.5,90269.25770273476,348.4,352.2,299.4,655213
0,4.0,1.8522543907165527,180.0,0.0010458240285515,6.894777297973633,1.0323392152786257,1.247219443321228,11.0,125543.04583626996,207028.6209590142,206005.22930174647,0.0,0.0,0.6000000238418579,40.0,0.0,0.0,0.0,0.0,0.0,0.24,0.0,0.0,0.0,999999.0,215.4,495.6,288.8,330946
0,42.0,0.9263692498207092,270.0,0.0010458240285515,7.572137355804443,0.508084774017334,0.5665005445480347,0.0,58288.4971377638,668.2155174012047,0.0,0.0,0.0,0.6000000238418579,40.0,0.0,0.5,6.5,91.4,234.0,0.449,0.0,1.0,4.2,142102.9638748132,355.2,347.2,297.6,653072
0,14.0,2.0707030296325684,63.4349479675293,0.0005229120142757,6.798747539520264,1.172268629074097,0.785671055316925,11.0,25005.43382022733,14778.921919637638,128.09842568853364,413.500097567182,0.0,0.75,10.0,0.0,0.0,0.0,0.4,9.8,0.26,0.0,0.0,0.0,999999.0,235.6,448.2,316.0,331366
0,233.0,2.777172803878784,90.0,-0.0010458240285515,6.504854202270508,1.572763204574585,1.1004260778427124,6.0,25366.29321000231,114505.67523936844,71030.06902659209,0.0,0.0,0.75,10.0,0.0,0.0,0.0,0.0,0.0,0.149,0.0,0.0,0.0,999999.0,358.0,351.0,291.0,743052
0,44.0,4.976532936096191,291.8014221191406,-0.0018301920499652,5.979676723480225,2.9973483085632324,2.1659936904907227,0.0,111417.59706141184,138007.5869728186,97924.81350000328,0.0,0.0,0.5,10.0,0.0,0.0,0.0,0.0,1.6,0.168,0.0,0.0,0.0,999999.0,403.8,325.6,270.2,331523
0,432.0,16.80815315246582,164.4758758544922,0.0002614559198264,4.944758415222168,12.814613342285156,7.155635833740234,6.0,9007.491072685594,2748.074276538054,597.1617828498852,436.1150750432034,0.0,0.75,10.0,0.0,0.0,0.0,0.2,13.4,0.213,1.0,3.0,4.3,44430.26215888418,361.0,342.6,296.2,655069
0,0.0,10.08547592163086,180.0,-0.0052291201427578,5.321906089782715,6.478260517120361,4.573136329650879,0.0,24811.915004118164,114547.20910132011,114747.64462445548,0.0,0.0,0.75,10.0,2.0,8.3,33.9,82.80000000000001,327.29999999999995,0.503,0.0,0.0,0.0,999999.0,217.8,484.8,297.2,330988
0,33.0,0.0,-0.0,0.0005229120142757,10.33923053741455,0.0309222228825092,0.3142528831958771,6.0,85089.40048600032,88626.25543398855,75319.6896816219,0.0,0.0,0.75,10.0,0.0,0.0,0.0,0.0,1.4,0.211,0.0,0.0,0.0,999999.0,292.6,369.2,338.2,331173
0,0.0,0.0,-0.0,-0.0,10.33923053741455,0.0309222228825092,0.0,0.0,6701.652460637762,93860.51883474902,94439.08573446763,0.0,0.0,0.6000000238418579,40.0,0.9,0.9,6.300000000000001,55.8,73.60000000000001,0.417,0.0,0.0,0.0,999999.0,215.4,495.6,288.8,331277
0,834.0,26.634605407714844,181.84762573242188,0.0049676639027893,4.538606643676758,23.53235626220703,12.201434135437012,16.0,3015.431484761244,491.8156313372104,3354.899678388291,0.0,8.673944398508295,0.75,10.0,0.0,0.0,0.0,0.0,66.10000000000001,0.346,0.0,0.0,0.0,999999.0,341.4,345.0,313.4,655069
0,100.0,3.336585760116577,146.30992126464844,-0.0020916480571031,6.351368427276611,1.9485265016555784,1.7283821105957031,6.0,35500.66288557416,60.59839199043558,1783.145934324274,65.19354487009281,2.307746674832482,0.75,10.0,1.2,2.4,14.1,44.400000000000006,124.6,0.515,0.0,0.0,0.0,999999.0,444.0,295.0,261.0,653072
0,4206.0,32.6473503112793,79.8244857788086,-0.0073207672685384,4.4327497482299805,34.54752349853516,16.124515533447266,18.0,94548.5472003883,91183.5978699041,86179.1032850159,0.0,0.0,0.75,10.0,0.0,0.0,1.5,5.9,8.700000000000001,0.374,0.0,0.0,0.0,999999.0,504.2,348.2,147.8,641449
0,75.0,1.8522543907165527,-0.0,-0.0020916480571031,6.894777297973633,1.0323392152786257,0.9429528713226318,6.0,16152.519594291847,1189.8316561726847,8793.724363957564,0.0,0.0,0.75,10.0,0.7,0.8999999999999999,5.3,25.700000000000003,53.5,0.419,0.0,1.0,4.2,67940.76883841978,375.4,352.6,272.2,653072
0,4257.0,33.76082992553711,212.1522979736328,-0.0010458239121362,4.4874587059021,39.72091293334961,17.549928665161133,16.0,48155.29156096093,148980.37707080226,145278.69339196838,0.0,0.0,0.5,30.0,0.0,0.0,0.0,0.8,1.6,0.338,1.0,3.0,4.9,121855.8234449703,482.0,394.0,124.0,533644
0,1778.0,35.09852600097656,246.9745178222656,-0.0036603836342692,4.437389373779297,41.76036071777344,15.692355155944824,6.0,50915.67030180448,5626.012863534219,7531.4918195386335,0.0,0.0,0.75,10.0,0.0,0.0,7.0,28.1,74.6,0.413,0.0,0.0,0.0,999999.0,328.4,369.6,301.8,640951
0,1995.0,40.27540969848633,228.0940704345703,-0.0151644498109817,4.384035110473633,57.55214691162109,20.838666915893555,6.0,88285.03437324478,9951.798500422688,6385.957862189134,0.0,0.0,0.75,10.0,0.0,0.0,1.6,5.800000000000001,5.800000000000001,0.419,0.0,0.0,0.0,999999.0,306.8,396.0,297.4,641306
0,93.0,0.9263692498207092,90.0,-0.0010458240285515,7.572137355804443,0.508084774017334,0.7856128215789795,6.0,32152.40674730081,155.91430665844442,0.0,424.1070171465602,27.05634032562221,0.75,10.0,0.0,0.0,0.0,0.0,2.2,0.183,0.0,0.0,0.0,999999.0,396.8,325.4,277.6,653072
0,5378.0,19.600738525390625,177.39743041992188,0.0065363999456167,4.780220031738281,15.106490135192873,9.797959327697754,16.0,52292.324489578605,23641.15685394899,20762.46363526643,0.0,0.0,0.0,60.0,0.0,0.0,1.7,9.8,27.0,0.393,0.0,0.0,0.0,999999.0,565.2,327.8,106.8,537720
0,650.0,28.38736915588379,231.0724639892578,0.0041832965798676,4.612194061279297,29.410484313964844,14.206072807312012,16.0,14525.81931091241,1236.4586638362728,1671.7938908930123,192.0894370332513,16.39295913846522,0.75,10.0,0.0,0.0,0.2,6.3,37.3,0.376,1.0,1.0,5.1,178864.2093785057,358.0,345.0,297.0,655158
0,15.0,0.9263692498207092,90.0,0.0002614560071378,7.572137355804443,0.508084774017334,0.4157541990280151,0.0,131856.76614689117,133255.33462034923,113438.90040179432,0.0,0.0,0.6000000238418579,40.0,0.0,0.0,4.3,29.5,59.0,0.34,0.0,0.0,0.0,999999.0,186.4,482.6,331.0,331334
0,922.0,15.769145011901855,113.6293716430664,0.007320768199861,5.012138843536377,11.979608535766602,7.25,6.0,45748.44102364343,330.1637282030508,2377.752927822716,0.0,0.0,0.75,10.0,1.7,5.8,84.5,115.8,298.7,0.43,0.0,0.0,0.0,999999.0,502.0,251.0,247.0,640996
0,4395.0,1.309969782829285,315.0,-0.0018301920499652,7.2413506507873535,0.7299740314483643,0.0,0.0,1658.6238148302743,8499.754240887052,8732.723428981255,0.0,0.0,0.0,60.0,0.3,0.8999999999999999,1.6,3.0,3.6,0.124,1.0,1.0,4.7,97016.22616058828,471.2,351.0,177.8,537805
0,4446.0,9.09423542022705,225.0,-0.0047062081284821,5.467675685882568,6.0702433586120605,3.464101552963257,16.0,112.44020917709608,68455.76110334044,58773.44485034065,0.0,0.0,0.0,60.0,0.0,0.0,2.2,4.3,8.7,0.131,0.0,0.0,0.0,999999.0,472.8,349.6,177.2,538579
0,4221.0,40.67662048339844,355.6839599609375,-0.0052291201427578,4.236158847808838,51.06900787353516,21.67948341369629,23.0,121285.74739764008,7570.304392488317,4731.359478889441,0.0,0.0,0.75,10.0,0.0,0.0,0.0,5.5,30.3,0.371,0.0,0.0,0.0,999999.0,504.2,348.2,147.8,533644
0,4653.0,2.618571519851685,45.0,0.0018301920499652,6.579049110412598,1.5056828260421753,1.4142135381698608,16.0,2322.879722049817,120328.1370233073,101669.56953812632,0.0,0.0,0.0,60.0,0.0,0.0,0.0,0.0,5.7,0.165,1.0,1.0,3.7,170946.96506601787,571.0,324.0,105.0,537720
0,44.0,2.0707030296325684,206.56504821777344,-0.0020916480571031,6.798747539520264,1.172268629074097,1.2471647262573242,11.0,8651.563973327942,2231.1938402912,2734.7458317137985,0.0,0.0,0.75,10.0,0.0,0.0,0.9000000000000001,10.900000000000002,16.6,0.358,0.0,0.0,0.0,999999.0,337.0,376.0,286.0,655436
0,136.0,2.0707030296325684,333.4349365234375,-0.0028760160785168,6.798747539520264,1.172268629074097,1.2468711137771606,6.0,9754.220507656188,2037.095482444627,3320.188906475072,0.0,0.0,0.75,10.0,1.2,4.1000000000000005,29.6,110.2,138.70000000000002,0.428,0.0,0.0,0.0,999999.0,412.0,325.0,263.0,655213
0,768.0,35.45835494995117,182.60256958007807,0.0091509595513343,4.326943397521973,38.40324401855469,16.405029296875,6.0,51612.85497284981,1536.0394190871712,245.6104398445083,926.2758245825588,0.0,0.75,10.0,0.3,0.3,0.6000000000000001,5.0,14.8,0.433,0.0,0.0,0.0,999999.0,367.8,347.4,284.8,641162
0,79.0,16.251487731933594,109.44003295898438,0.0049676639027893,4.980381965637207,12.3661470413208,6.876349449157715,0.0,2678.0033585101964,41592.42238747195,32726.73540839257,0.0,0.0,0.75,10.0,0.0,0.0,0.0,0.2,0.9,0.349,0.0,0.0,0.0,999999.0,373.0,349.0,277.8,332127
0,211.0,4.136011123657227,296.5650634765625,-0.0007843680796213,6.150826454162598,2.4530060291290283,1.7286646366119385,6.0,31498.820560317672,66853.80951115247,30040.71552328055,0.0,0.0,0.75,10.0,0.4,1.5,16.799999999999997,58.3,121.9,0.48,0.0,0.0,0.0,999999.0,380.2,305.4,314.4,742713
0,302.0,12.942598342895508,320.7106018066406,0.0005229120142757,5.182161808013916,9.40446662902832,5.60064172744751,6.0,53773.69606533499,82653.25530351175,38883.17975564247,0.0,0.0,0.75,10.0,0.0,0.0,0.0,0.0,0.0,0.251,0.0,2.0,4.5,156314.69802223632,349.2,373.4,277.4,742580
0,267.0,3.814206600189209,194.0362548828125,-0.0018301920499652,6.217236518859863,2.2282254695892334,1.824314951896668,6.0,12285.282386985144,68414.59516969367,45917.8879852642,0.0,0.0,0.75,10.0,0.0,0.0,0.1,2.3,7.300000000000001,0.339,0.0,1.0,4.5,22222.89207470348,407.0,276.0,317.0,743052
0,3971.0,2.927142381668091,198.43495178222656,-0.0015687360428273,6.467477321624756,1.6834042072296145,1.4142135381698608,16.0,57527.73762489456,133461.03454949503,135553.27582923166,0.0,0.0,0.0,60.0,0.0,0.0,0.0,0.0,0.0,0.287,0.0,0.0,0.0,999999.0,335.0,505.0,160.0,533644
0,0.0,0.0,-0.0,-0.0,10.33923053741455,0.0309222228825092,0.0,0.0,22364.765062419843,77299.04810704326,77336.59370084679,0.0,0.0,-0.2000000029802322,80.0,0.0,0.0,4.0,13.3,37.6,0.278,0.0,0.0,0.0,999999.0,215.4,495.6,288.8,331277
0,4168.0,8.72109317779541,71.56504821777344,-0.0133342556655406,5.4835309982299805,5.663806438446045,4.690415859222412,0.0,77093.8944984772,114142.0752203011,118065.0518570549,0.0,0.0,0.0,60.0,0.0,0.0,0.5,6.9,17.8,0.24,0.0,0.0,0.0,999999.0,507.0,353.0,140.0,536665
0,191.0,1.8522543907165527,270.0,0.0010458240285515,6.894777297973633,1.0323392152786257,0.7368641495704651,0.0,42187.29510267496,59933.41251342276,58115.066399069445,0.0,0.0,0.75,10.0,0.0,0.3,0.3,4.9,5.199999999999999,0.294,0.0,1.0,4.0,164193.31559710437,361.4,354.4,284.4,742713
0,80.0,1.8522543907165527,-0.0,-0.0010458240285515,6.894777297973633,1.0323392152786257,0.7856128215789795,6.0,36212.34746236718,321.22912353008184,699.3009975155434,350.1201815720804,59.6035261879148,0.6000000238418579,40.0,3.8,8.100000000000001,35.0,51.8,98.0,0.477,1.0,2.0,4.5,174203.38452215007,401.0,334.0,265.0,653072
0,4472.0,16.602092742919922,139.39869689941406,0.0020916478242725,4.992569923400879,13.095528602600098,8.246211051940918,16.0,24138.43051113456,133439.97578466363,131008.07639671509,0.0,0.0,0.5,30.0,1.0,1.8,27.9,63.900000000000006,92.4,0.428,0.0,0.0,0.0,999999.0,501.0,351.0,147.6,536996
0,61.0,9.048489570617676,246.0375061035156,-0.0036603840999305,5.459531307220459,5.959567546844482,3.478343963623047,0.0,4970.696917813921,1998.830037005324,4640.000025733768,0.0,0.0,0.75,10.0,0.1,0.6,7.000000000000001,7.000000000000001,27.4,0.408,0.0,0.0,0.0,999999.0,386.0,333.0,282.0,655125
0,726.0,3.814206600189209,345.9637451171875,-0.0104582402855157,6.217236518859863,2.2282254695892334,3.741657495498657,18.0,49230.256826123055,101867.46958143864,90849.1243627837,0.0,0.0,0.75,10.0,1.1,3.2,14.4,41.5,115.5,0.452,0.0,1.0,4.0,125076.03371981432,350.6,350.2,299.2,742935
0,236.0,2.0707030296325684,153.43495178222656,0.0026145600713789,6.798747539520264,1.172268629074097,1.197327733039856,18.0,8281.713155335703,98786.8104552092,87712.6314976495,0.0,0.0,0.6000000238418579,30.0,0.0,0.0,0.0,0.0,1.7000000000000002,0.349,0.0,1.0,4.5,97008.86361009984,387.0,345.0,268.0,742694
0,121.0,3.336585760116577,146.30992126464844,0.003921840339899,6.351368427276611,1.9485265016555784,1.499348759651184,6.0,14074.65818911161,2272.800598912452,6812.225097211427,0.0,0.0,0.75,10.0,0.2,0.6000000000000001,31.4,36.9,45.3,0.315,0.0,0.0,0.0,999999.0,417.8,309.8,272.2,653072
0,2529.0,26.18699836730957,313.66778564453125,0.0049676639027893,4.669055938720703,25.78015899658203,11.958260536193848,18.0,23966.43987932301,18122.47548515575,12867.381400702168,0.0,0.0,0.75,10.0,0.6,2.9,54.0,92.3,102.0,0.426,0.0,0.0,0.0,999999.0,303.2,391.0,306.0,640915
0,11.0,0.9263692498207092,90.0,0.0002614560071378,7.572137355804443,0.508084774017334,0.566547691822052,11.0,110581.21830741991,175272.69590023198,168191.70520962705,0.0,0.0,0.75,10.0,0.0,0.0,0.0,0.0,0.0,0.163,0.0,0.0,0.0,999999.0,192.0,492.0,316.0,332019
0,1124.0,21.226524353027344,2.38594388961792,-0.003921840339899,4.716672420501709,16.865501403808594,9.650129318237305,0.0,30230.451491029933,889.4380159675485,10096.56309127676,0.0,0.0,0.75,10.0,6.1,15.7,41.400000000000006,71.1,153.5,0.429,1.0,2.0,4.6,122812.50890767857,350.2,366.0,284.0,742380
0,580.0,35.33226776123047,315.0,-0.0172560978680849,4.469940662384033,43.89575958251953,22.92855834960937,6.0,3022.627040472885,3692.988126611407,2866.254425972993,0.0,9.94718394324346,0.75,10.0,0.0,0.0,3.7,8.1,21.3,0.477,0.0,1.0,4.8,179870.49267116445,366.0,342.0,292.0,652960
0,2431.0,30.480314254760746,195.9454040527344,-0.0010458239121362,4.508265018463135,31.44338035583496,15.37855625152588,18.0,120216.85724112438,20657.237536380424,1769.8313563474562,150.35032050288447,0.0,0.75,10.0,0.0,0.1,3.1,14.4,35.900000000000006,0.394,0.0,0.0,0.0,999999.0,320.0,354.0,327.0,533644
0,43.0,1.309969782829285,225.0,0.0005229120142757,7.2413506507873535,0.7299740314483643,1.065654754638672,6.0,17943.923923447863,221.83732167625115,219.11473972365576,394.2789632259738,0.0,0.6000000238418579,40.0,0.1,0.1,0.4,0.6000000000000001,2.0,0.34,0.0,0.0,0.0,999999.0,358.6,349.0,292.0,653072
0,55.0,0.9263692498207092,180.0,-0.0010458240285515,7.572137355804443,0.508084774017334,0.6851878762245178,6.0,36252.20700581451,51915.19399577142,44120.68283742342,0.0,0.0,0.6000000238418579,40.0,0.0,0.0,0.0,0.0,0.0,0.146,0.0,0.0,0.0,999999.0,501.0,249.0,251.0,653072
0,3.0,2.927142381668091,108.43494415283205,-0.0007843680796213,6.467477321624756,1.6834042072296145,1.165343165397644,11.0,28359.02089942917,9549.496993728178,13845.013866354631,0.0,0.0,-0.2000000029802322,80.0,0.0,0.0,0.0,0.7000000000000001,1.9,0.296,0.0,0.0,0.0,999999.0,215.4,495.6,288.8,331354
0,15.0,1.309969782829285,315.0,0.0018301920499652,7.2413506507873535,0.7299740314483643,0.9558107852935792,0.0,183443.83835980188,247602.9993987894,234448.28757853623,0.0,0.0,0.6000000238418579,40.0,0.0,0.0,0.0,0.0,0.0,0.148,0.0,0.0,0.0,999999.0,211.8,462.2,326.0,331839
0,746.0,28.171417236328125,151.1134033203125,-0.0026145598385483,4.602681636810303,28.61044311523437,13.271209716796877,18.0,19076.5424278085,28224.86921160085,23711.324696019063,0.0,0.0,0.75,10.0,0.1,0.1,3.4000000000000004,19.1,37.400000000000006,0.493,0.0,0.0,0.0,999999.0,370.0,344.0,286.0,742624
0,336.0,5.839084625244141,288.4349365234375,0.0101967835798859,5.833305835723877,3.5713398456573486,3.9370038509368896,6.0,42512.090398489854,68482.70976922801,27589.31939624141,0.0,0.0,0.75,10.0,0.0,0.0,0.2,0.4,3.7,0.288,0.0,0.0,0.0,999999.0,344.4,360.2,295.4,742713
0,199.0,2.777172803878784,180.0,0.0054905759170651,6.504854202270508,1.572763204574585,1.9425337314605715,0.0,39626.720520775605,229330.00660449595,226341.22331878025,0.0,0.0,0.75,10.0,0.2,0.4,3.7,54.69999999999999,118.8,0.467,0.0,0.0,0.0,999999.0,348.0,364.0,288.0,742536
0,3892.0,19.74932289123535,97.76516723632812,-0.0054905759170651,4.795339107513428,15.589593887329102,10.58300495147705,16.0,32924.68089930583,221918.1401031493,217451.96371729224,0.0,0.0,0.5,30.0,1.7,4.7,16.0,30.7,66.6,0.469,0.0,0.0,0.0,999999.0,496.0,381.0,123.0,533644
0,2129.0,27.506053924560547,205.7693328857422,0.0002614564727991,4.61190938949585,27.296321868896484,11.78982639312744,6.0,20325.39372450304,7149.227438163982,3311.214560864272,0.0,0.0,0.75,10.0,0.0,0.1,6.4,56.0,150.9,0.423,0.0,0.0,0.0,999999.0,305.0,387.0,308.0,640996
0,881.0,16.132545471191406,206.56504821777344,-0.0036603838670998,4.999851226806641,12.41528034210205,7.228415966033935,18.0,12050.106677151032,2667.271366178628,5117.898838492943,0.0,0.0,0.5,30.0,1.2,1.9,9.1,23.6,85.80000000000001,0.517,0.0,1.0,4.0,118462.50675450548,351.8,364.2,283.8,653316
0,11.0,3.814206600189209,194.0362548828125,0.0041832961142063,6.217236518859863,2.2282254695892334,1.6178030967712402,11.0,48108.48575669196,37446.71323212334,36774.19548785895,0.0,0.0,0.6000000238418579,40.0,0.5,3.8,15.8,43.6,47.7,0.418,0.0,0.0,0.0,999999.0,313.0,352.0,335.0,331972
0,9.0,1.309969782829285,135.0,-0.0010458240285515,7.2413506507873535,0.7299740314483643,0.4713955223560333,0.0,102766.84180916168,170061.48143033712,164934.14418972205,0.0,0.0,0.75,10.0,0.0,0.0,0.0,0.0,2.2,0.167,0.0,0.0,0.0,999999.0,254.0,406.4,339.6,331839
0,2.0,3.336585760116577,33.690067291259766,0.0007843680214136,6.351368427276611,1.9485265016555784,1.342560648918152,0.0,150154.82224418706,246899.0612586244,246874.6420312737,0.0,0.0,-0.2000000029802322,80.0,0.0,0.0,0.0,0.0,0.0,0.355,0.0,0.0,0.0,999999.0,215.4,495.6,288.8,331277
0,14.0,1.309969782829285,225.0,-0.0015687361592426,7.2413506507873535,0.7299740314483643,0.955818772315979,0.0,250843.17322368425,253657.9199160336,235446.69467221224,0.0,0.0,0.6000000238418579,40.0,0.0,0.0,0.0,84.0,131.0,0.38,0.0,0.0,0.0,999999.0,225.6,445.6,328.4,653072
0,4442.0,0.0,-0.0,-0.0,10.33923053741455,0.0309222228825092,0.0,0.0,87381.65555446285,163530.90358166315,159877.14972496135,0.0,0.0,-0.2000000029802322,80.0,0.0,0.0,0.8,0.8,1.0,0.186,0.0,0.0,0.0,999999.0,472.8,349.6,177.2,536477
0,4924.0,6.190611839294434,26.56505012512207,0.0049676643684506,5.788630485534668,3.842212200164795,3.464101552963257,0.0,47778.752568396456,61468.82729549218,61660.63067855762,0.0,0.0,0.5,30.0,0.0,0.0,2.5,6.300000000000001,9.4,0.11,0.0,0.0,0.0,999999.0,555.0,314.0,131.0,537805
0,3.0,0.9263692498207092,90.0,-0.0,7.572137355804443,0.508084774017334,0.7370284795761108,11.0,135793.20588626352,230988.7764439961,231013.8944899536,0.0,0.0,0.6000000238418579,40.0,0.0,0.0,0.0,4.4,5.2,0.216,0.0,0.0,0.0,999999.0,117.0,527.0,356.0,330994
0,937.0,33.76082992553711,57.84770202636719,0.0052291192114353,4.4874587059021,39.72091293334961,16.19220542907715,18.0,13877.782954416023,314.7479394508434,990.1774610901356,347.9775349024198,0.238732414637843,0.75,10.0,0.0,0.0,0.0,0.0,0.0,0.264,2.0,3.0,5.1,107391.59630435488,360.6,343.6,296.0,742380
0,411.0,3.814206600189209,165.9637451171875,0.003921840339899,6.217236518859863,2.2282254695892334,1.75,6.0,21585.67236546365,1535.3949594133214,11197.981853509204,0.0,0.0,0.75,10.0,0.0,0.0,0.0,0.0,0.0,0.322,1.0,1.0,4.3,188974.10164824256,298.8,404.6,296.6,653516
0,167.0,6.190611839294434,206.56504821777344,0.0007843680214136,5.788630485534668,3.842212200164795,2.9477877616882324,0.0,5496.145182053778,24669.009450700432,24302.76646505669,0.0,0.0,0.75,10.0,0.9,5.300000000000001,28.200000000000003,39.3,147.0,0.469,0.0,0.0,0.0,999999.0,324.8,388.4,286.6,331111
0,5013.0,0.0,-0.0,-0.0,10.33923053741455,0.0309222228825092,0.0,0.0,55543.04660859913,160833.9966685091,154930.63195595995,0.0,0.0,-0.2000000029802322,80.0,0.1,0.3,0.3,0.5,0.8,0.167,0.0,1.0,4.5,137802.35290655296,573.4,312.8,113.6,537720
0,931.0,23.81398582458496,351.5730285644531,-0.0018301918171346,4.655708312988281,20.488178253173828,11.302654266357422,18.0,39768.55670064349,15818.76379854278,2572.403125865981,0.0,0.0,0.75,10.0,0.0,0.0,9.9,34.5,55.1,0.445,0.0,2.0,4.7,114638.84769788876,399.0,298.0,303.0,742647
0,4793.0,19.087900161743164,52.59463882446289,-0.0002614560944493,4.888136863708496,15.89113712310791,9.165151596069336,16.0,107152.16230908698,11284.674410543124,7784.085804077638,0.0,0.0,0.3499999940395355,100.0,0.3,0.8,4.7,15.1,31.6,0.329,0.0,0.0,0.0,999999.0,524.4,325.2,150.4,533644
0,472.0,30.020301818847656,17.927919387817383,-0.0005229118396528,4.52671480178833,30.868581771850582,13.655356407165527,18.0,27169.2661791565,28917.73350365768,19207.73743818205,0.0,0.0,0.75,10.0,1.0,5.2,21.9,103.1,133.29999999999998,0.477,0.0,0.0,0.0,999999.0,419.0,307.0,274.0,742968
0,278.0,15.370030403137209,28.072484970092773,-0.0067978557199239,5.039081573486328,11.661158561706545,6.159976482391357,6.0,52422.60571814395,92718.2790951448,82575.12788993941,0.0,0.0,0.75,10.0,0.0,3.2,4.6000000000000005,55.9,310.1,0.497,0.0,2.0,4.5,48237.91518472348,375.6,346.0,278.4,742580
0,22.0,3.7006449699401855,-0.0,0.0031374720856547,6.232475757598877,2.129356861114502,1.2472258806228638,0.0,250517.6603412284,250848.43682557164,231936.52282475456,0.0,0.0,0.75,10.0,0.0,0.0,0.0,2.2,5.2,0.404,0.0,0.0,0.0,999999.0,316.4,396.0,287.4,653072
0,14.0,0.9263692498207092,90.0,-0.0010458240285515,7.572137355804443,0.508084774017334,0.4714117050170898,11.0,71374.20644472093,68159.44897722088,55988.63839211636,0.0,0.0,0.6000000238418579,40.0,0.0,0.0,1.3,14.6,25.3,0.326,0.0,0.0,0.0,999999.0,225.6,445.6,328.4,331283
0,4550.0,37.876609802246094,290.6954650878906,-0.0047062076628208,4.377134799957275,48.16455078125,18.439088821411133,6.0,91189.98919490898,72793.51019564131,66058.14671558783,0.0,0.0,0.5,30.0,0.0,0.0,0.0,0.4,0.4,0.135,0.0,1.0,4.7,83407.07070478436,507.0,332.0,161.0,539514
0,629.0,8.72109317779541,18.434947967529297,0.0049676643684506,5.4835309982299805,5.663806438446045,4.3696393966674805,18.0,23230.69180559536,29387.25633226632,24442.096667378613,0.0,0.0,0.75,10.0,0.0,0.0,0.0,7.0,13.6,0.225,1.0,2.0,4.8,126786.49377285763,360.0,332.0,309.0,742614
0,604.0,13.035094261169434,347.9052429199219,-0.0031374723184853,5.137446880340576,9.126773834228516,5.733672618865967,6.0,26129.98081090193,129523.89865477884,117902.38675877287,0.0,0.0,0.75,10.0,0.1,0.4,10.9,13.6,14.3,0.496,0.0,3.0,4.3,78276.06636227183,381.6,310.6,308.0,742935
0,189.0,8.72109317779541,198.43495178222656,-0.0005229119560681,5.4835309982299805,5.663806438446045,4.294800758361816,0.0,39533.62632523847,111694.9179170978,82237.58408440056,0.0,0.0,0.75,10.0,2.9,5.2,15.1,30.3,70.6,0.497,2.0,5.0,4.5,92282.05404582492,361.4,354.4,284.4,742713
0,201.0,4.713325023651123,101.30992889404295,0.0047062085941433,6.019644260406494,2.7968568801879883,2.748579263687134,18.0,21261.669009574347,56187.5603447671,30602.75723802093,0.0,0.0,0.75,10.0,0.0,0.0,1.3000000000000005,1.4,1.4,0.42,0.0,1.0,4.8,195742.4078307925,374.8,321.6,303.8,742713
0,688.0,15.769145011901855,13.240519523620604,-0.0054905759170651,4.988284111022949,11.697219848632812,8.476069450378418,0.0,5063.65975604847,21317.198020628923,21874.77482640889,0.0,0.0,0.75,10.0,0.1,0.7999999999999999,20.8,41.8,105.7,0.426,0.0,0.0,0.0,999999.0,353.0,344.4,302.6,640957
0,301.0,36.06773376464844,2.544804334640503,0.0013072796864435,4.313745498657227,39.63844299316406,17.256113052368164,0.0,3290.4816918331644,197911.4000422063,156497.3794148277,0.0,0.0,0.75,10.0,0.0,0.0,0.0,0.0,0.0,0.263,0.0,0.0,0.0,999999.0,354.0,373.2,272.8,743148
0,208.0,3.7006449699401855,270.0,0.0013072799192741,6.232475757598877,2.129356861114502,2.211475849151612,0.0,20846.282890281407,136787.7644878368,134461.12872354584,0.0,0.0,0.5,30.0,0.0,0.0,0.0,0.0,7.9,0.417,0.0,1.0,5.1,178638.13430359404,381.4,317.4,301.2,742713
0,5.0,2.777172803878784,180.0,0.000784367963206,6.504854202270508,1.572763204574585,1.19670307636261,11.0,46664.53879618987,168327.4926754988,167970.0854488433,0.0,0.0,0.6000000238418579,40.0,0.3,1.6,10.4,46.89999999999999,79.6,0.511,0.0,0.0,0.0,999999.0,278.8,428.8,292.0,331011
0,756.0,33.61301803588867,175.8150634765625,-0.0033989278599619,4.377203464508057,35.17877960205078,15.95305633544922,18.0,2780.7854279144944,9958.1472798327,2154.162682939683,0.0,0.0,0.75,10.0,1.2,4.6,8.3,20.8,20.8,0.33,0.0,0.0,0.0,999999.0,410.0,338.0,252.0,641823
0,377.0,2.0707030296325684,116.5650405883789,0.0049676643684506,6.798747539520264,1.172268629074097,1.794087529182434,6.0,9978.802926509476,399.6893854357438,2136.4513378632555,0.0,0.1591549430918953,0.75,10.0,0.0,0.5,34.0,46.1,49.3,0.425,0.0,0.0,0.0,999999.0,359.4,355.0,285.6,655069
0,65.0,5.617307186126709,350.5376892089844,0.0057520321570336,5.857865810394287,3.385626792907715,2.3465607166290283,0.0,13603.322557876376,1800.4354394610302,2941.2045050741744,0.0,0.0,0.75,10.0,0.0,0.0,0.0,0.0,0.0,0.304,0.0,0.0,0.0,999999.0,365.2,355.6,279.6,655458
0,32.0,0.9263692498207092,270.0,-0.0028760160785168,7.572137355804443,0.508084774017334,0.684831440448761,0.0,171459.6070670123,176268.35578530826,155233.07533086333,0.0,0.0,0.75,10.0,0.0,0.0,0.4,1.7000000000000002,7.4,0.433,0.0,0.0,0.0,999999.0,262.0,366.0,372.0,331347
0,89.0,2.0707030296325684,116.5650405883789,-0.0002614560071378,6.798747539520264,1.172268629074097,0.7368641495704651,11.0,10482.682940473327,134797.2427545995,136166.94304743287,0.0,0.0,0.6000000238418579,40.0,0.0,0.0,0.0,0.0,0.0,0.185,0.0,2.0,4.1,51693.49545817851,360.0,374.4,265.4,742713
0,297.0,13.864537239074709,31.60750198364257,-0.001568735926412,5.122920513153076,10.223761558532717,6.669660568237305,0.0,22425.95672343462,240321.97810179705,238043.41638155733,0.0,0.0,0.75,10.0,0.0,0.2,4.1000000000000005,30.3,77.2,0.47,0.0,0.0,0.0,999999.0,351.2,368.4,280.4,742780
0,4693.0,8.47900104522705,12.528807640075684,-0.0026145600713789,5.498475551605225,5.429692268371582,3.464101552963257,0.0,4625.062761132697,13456.781485491314,8441.8593090536,0.0,0.0,0.0,60.0,0.0,0.0,0.0,0.0,0.0,0.308,0.0,0.0,0.0,999999.0,529.6,346.2,124.2,537805
0,2679.0,33.44807815551758,338.4590148925781,0.0005229121888987,4.465063571929932,37.9321517944336,18.35755920410156,18.0,47916.582672493736,44762.33503325592,36351.37261804628,0.0,0.0,0.75,10.0,0.0,0.0,21.6,162.60000000000002,548.7,0.423,1.0,1.0,4.5,95491.04525538976,342.2,387.6,270.6,641504
0,72.0,2.0707030296325684,116.5650405883789,-0.0,6.798747539520264,1.172268629074097,1.4906938076019287,6.0,669.4668292531226,1711.5882093573202,1350.6220949321794,280.4912635593144,23.8732414637843,0.6000000238418579,40.0,0.0,0.5,1.8,2.6,2.6,0.296,0.0,0.0,0.0,999999.0,375.2,349.4,275.6,653072
0,96.0,1.8522543907165527,180.0,0.0005229120142757,6.894777297973633,1.0323392152786257,1.1332165002822876,18.0,39869.818440929695,14.505568020118304,227.62098740972888,328.9219588099711,0.0,0.75,10.0,0.0,0.0,0.0,0.7000000000000001,0.7000000000000001,0.318,0.0,0.0,0.0,999999.0,406.0,319.0,274.6,653105
0,30.0,0.0,-0.0,-0.0010458240285515,10.33923053741455,0.0309222228825092,0.4968774616718292,6.0,61128.38598223646,33961.53916455265,24869.91506164145,0.0,0.0,0.75,40.0,0.0,0.0,0.0,0.1,0.1,0.193,0.0,0.0,0.0,999999.0,367.0,329.0,304.0,332039
0,2563.0,43.55263519287109,318.4473876953125,-0.0018301913514733,4.333057403564453,68.8526840209961,22.28227996826172,18.0,27139.92557109998,19715.47528238748,3689.4476654746,0.0,0.0,0.75,10.0,4.5,8.8,51.7,78.5,120.1,0.432,0.0,0.0,0.0,999999.0,303.2,391.0,306.0,743128
0,651.0,36.950138092041016,205.4633636474609,0.0141186229884624,4.41064453125,46.57731628417969,18.7199764251709,16.0,9482.392074828933,1229.0468774260291,2357.692212064785,0.0,37.95845392741704,0.75,10.0,0.0,0.0,19.0,47.4,104.5,0.422,0.0,0.0,0.0,999999.0,371.6,336.8,291.6,655069
0,28.0,2.777172803878784,90.0,-0.0031374720856547,6.504854202270508,1.572763204574585,1.342545747756958,0.0,133736.40464828003,139749.15373012677,122946.0768745212,0.0,0.0,0.6000000238418579,40.0,0.0,0.0,0.0,0.0,6.800000000000001,0.206,0.0,0.0,0.0,999999.0,323.2,366.4,310.0,653072
0,10.0,2.618571519851685,315.0,0.0007843680214136,6.579049110412598,1.5056828260421753,0.9162467122077942,11.0,2092.2541801521106,105788.85847624752,106081.22731295746,0.0,0.0,0.75,10.0,4.3,15.3,73.6,162.8,281.5,0.463,0.0,0.0,0.0,999999.0,253.0,428.4,318.2,331277
0,105.0,3.814206600189209,14.036242485046388,-0.0002614560653455,6.217236518859863,2.2282254695892334,1.4911850690841677,6.0,25324.62883484437,42.47406027734138,2409.723185811225,0.0,33.58169299238992,0.75,10.0,0.0,0.0,0.9,2.8,46.3,0.309,0.0,0.0,0.0,999999.0,411.6,317.6,270.6,653072
0,5186.0,27.40388870239257,183.5763397216797,0.0026145598385483,4.526516437530518,24.844650268554688,13.03840446472168,16.0,38248.1671680212,46982.4271106914,43737.86517160361,0.0,0.0,0.0,60.0,0.0,0.0,0.0,3.0000000000000004,10.4,0.379,0.0,0.0,0.0,999999.0,565.2,327.8,106.8,537720
0,11.0,2.0707030296325684,206.56504821777344,0.0013072800356894,6.798747539520264,1.172268629074097,1.1546950340270996,11.0,38754.6465400252,145733.801326929,145595.6013382984,0.0,0.0,0.75,10.0,0.0,0.0,0.0,0.0,0.1,0.109,0.0,0.0,0.0,999999.0,327.6,372.2,300.0,331087
0,2671.0,25.92738914489746,93.81407165527344,-0.004967663437128,4.569698810577393,22.81193733215332,11.224971771240234,18.0,35950.872614717206,88041.9472182686,66048.71661890525,0.0,0.0,0.75,10.0,0.0,0.0,0.5,21.7,96.70000000000002,0.407,0.0,0.0,0.0,999999.0,496.0,343.0,161.0,640915
0,84.0,2.777172803878784,-0.0,0.0020916480571031,6.504854202270508,1.572763204574585,1.1547709703445437,0.0,55818.8421815048,78552.33575924013,33754.838232765425,0.0,0.0,0.75,10.0,0.0,0.0,0.0,0.0,1.6,0.305,0.0,0.0,0.0,999999.0,343.0,405.0,252.0,331523
0,5187.0,15.39533805847168,183.3664703369141,0.0005229117814451,4.976614952087402,10.99291706085205,10.677078247070312,0.0,47192.85223960127,4421.372380740436,1517.1556013087925,0.0,0.0,0.0,60.0,0.0,0.0,0.3,4.8,15.3,0.267,0.0,0.0,0.0,999999.0,565.2,327.8,106.8,640948
0,695.0,27.742000579833984,225.0,0.0002614565892145,4.630096912384033,28.36024284362793,13.524283409118652,6.0,8834.406217270258,47493.26252394037,44350.47823804992,0.0,0.0,0.050000000745058,50.0,0.2,0.7,4.3,12.1,28.1,0.389,0.0,0.0,0.0,999999.0,353.0,344.4,302.6,640525
0,1896.0,24.37230682373047,235.17550659179688,0.0057520326226949,4.712212562561035,22.843156814575195,11.390786170959473,6.0,42255.4888806013,1459.328645609381,1107.219156913161,356.51776538048057,0.0,0.75,10.0,0.0,0.0,0.8,7.199999999999999,20.2,0.375,0.0,0.0,0.0,999999.0,313.2,387.2,300.0,533450
0,479.0,31.70941162109375,312.87890625,0.010719696059823,4.540627479553223,35.78664016723633,14.474114418029783,16.0,17781.988979178215,49614.4014017549,47470.08743603362,0.0,0.0,0.75,10.0,0.0,0.0,1.4,3.9,4.4,0.3,0.0,6.0,4.6,18250.48009363644,399.0,322.0,278.0,742625
0,3339.0,18.252370834350582,101.30992889404295,0.0007843680214136,4.868669509887695,14.155596733093262,9.273618698120115,18.0,35712.04839470455,14314.328653541575,1557.729463603096,210.89970250090823,0.0,0.75,10.0,2.7,6.6000000000000005,43.3,80.8,91.1,0.38,0.0,2.0,4.7,152300.17189303576,400.0,356.6,243.4,536215
0,8.0,4.622196197509766,323.1300964355469,-0.0018301920499652,6.053886890411377,2.782968044281006,1.872479557991028,0.0,9451.902404541226,70862.1726181841,59940.12278477626,0.0,0.0,0.6000000238418579,40.0,0.4,0.4,19.8,31.5,64.4,0.486,0.0,0.0,0.0,999999.0,318.0,374.0,308.0,331909
0,188.0,8.22935962677002,243.4349670410156,0.0018301922827959,5.542422771453857,5.339888572692871,3.9375,0.0,8142.018764080083,182.8151259269048,1841.1483871421635,40.32913927623694,0.0,0.75,10.0,0.0,0.0,0.0,0.0,3.0,0.265,0.0,0.0,0.0,999999.0,361.0,355.8,283.4,653660
0,971.0,26.81263732910156,352.6476135253906,-0.0036603838670998,4.562337875366211,24.47323226928711,12.381942749023438,16.0,7597.366073807701,2693.468601962429,2939.109941680276,0.0,0.3978873577297384,0.75,10.0,0.0,1.2999999999999998,3.7,3.8,7.9,0.184,0.0,0.0,0.0,999999.0,355.2,354.0,290.8,655069
0,1591.0,9.451704978942873,209.0546112060547,0.0033989278599619,5.428440093994141,6.3131489753723145,4.242640495300293,18.0,6546.27801939958,612.0350214108862,1230.0502924714588,77.52577552322028,0.0,0.75,10.0,0.0,0.0,0.2,0.8999999999999999,21.0,0.41,1.0,1.0,4.2,170699.02880867387,334.0,319.0,347.0,653549
0,621.0,22.4502067565918,120.5792236328125,-0.0052291196770966,4.763792514801025,20.007858276367188,9.832980155944824,6.0,3070.414029751173,4684.746897725785,581.2628381735201,588.8417278394547,0.0,0.75,10.0,0.0,0.0,1.1,3.8,18.8,0.405,0.0,0.0,0.0,999999.0,345.0,340.0,315.0,653249
0,3463.0,30.24232482910156,356.8201599121094,0.0028760156128555,4.450028896331787,29.104820251464844,14.59451961517334,18.0,27921.57830022576,19983.4130033742,14735.875712506591,0.0,0.0,0.75,10.0,0.0,0.0,0.2,0.2,0.5,0.348,0.0,0.0,0.0,999999.0,319.0,393.0,288.0,640888
0,888.0,21.35999298095703,172.87496948242188,0.0036603836342692,4.732556343078613,17.37310791015625,10.92588710784912,6.0,59168.486015775015,1132.2383550885684,5538.172544548468,0.0,0.0,0.75,10.0,0.0,0.0,0.1,3.7,88.19999999999999,0.361,0.0,0.0,0.0,999999.0,462.0,282.0,256.0,640985
0,17.0,2.0707030296325684,333.4349365234375,0.0018301920499652,6.798747539520264,1.172268629074097,0.8748779296875,11.0,49523.44941329677,47184.03109323782,28960.74737328602,0.0,0.0,0.75,10.0,0.0,0.0,0.0,27.4,75.2,0.391,0.0,0.0,0.0,999999.0,231.4,480.0,288.8,331536
0,192.0,6.713759422302246,285.9454040527344,-0.0018301920499652,5.706815719604492,4.169779300689697,3.189949989318848,0.0,14772.943732458752,172972.7041539901,136122.9023719954,0.0,0.0,0.5,30.0,0.0,0.0,0.1,3.8,32.4,0.457,0.0,0.0,0.0,999999.0,361.4,354.4,284.4,743148
0,3.0,1.309969782829285,135.0,-0.0,7.2413506507873535,0.7299740314483643,0.91624516248703,11.0,84432.73198813274,171036.85799486635,171495.21443689728,0.0,0.0,-0.2000000029802322,80.0,0.0,0.0,0.0,0.0,0.0,0.216,0.0,0.0,0.0,999999.0,223.0,516.0,261.0,330977
0,138.0,0.0,-0.0,-0.0,10.33923053741455,0.0309222228825092,0.471864640712738,6.0,19532.776137125795,3989.0185428124414,625.1065133299338,696.6607219971536,0.0,0.6000000238418579,40.0,0.0,0.0,0.0,53.5,58.2,0.464,0.0,0.0,0.0,999999.0,379.2,353.0,267.8,653072
0,358.0,1.309969782829285,315.0,0.0015687360428273,7.2413506507873535,0.7299740314483643,0.8244315981864929,6.0,8585.750537299078,5319.363578922891,1005.7517777039392,307.58860603806613,0.0,0.75,10.0,0.0,0.0,0.0,0.1,18.4,0.442,0.0,2.0,4.0,107649.5744471124,355.8,346.6,297.6,654170
0,16.0,2.927142381668091,108.43494415283205,0.0015687360428273,6.467477321624756,1.6834042072296145,1.5634665489196775,11.0,49908.782399849166,112545.50322323908,99400.58640130109,0.0,0.0,0.75,10.0,0.0,0.0,0.0,0.4,16.599999999999998,0.433,0.0,0.0,0.0,999999.0,231.4,480.0,288.8,331541
0,3.0,0.9263692498207092,180.0,0.0002614560071378,7.572137355804443,0.508084774017334,0.6285391449928284,11.0,102091.49501043002,185188.52872336577,183819.61376397,0.0,0.0,0.6000000238418579,40.0,0.0,0.0,0.2,0.2,0.7,0.258,0.0,0.0,0.0,999999.0,215.4,495.6,288.8,330957
0,10.0,0.9263692498207092,180.0,-0.0002614560071378,7.572137355804443,0.508084774017334,0.4969004988670349,11.0,123191.30953852688,117269.44674226356,103597.9341895328,0.0,0.0,0.6000000238418579,40.0,0.0,0.0,0.0,0.0,3.3999999999999995,0.339,0.0,0.0,0.0,999999.0,172.0,428.0,400.0,331649
0,10.0,2.777172803878784,-0.0,-0.0002614560071378,6.504854202270508,1.572763204574585,1.227262020111084,0.0,1226.668383565819,154.40840140664142,789.066291915338,643.5287318417837,119.04789743273771,0.6000000238418579,40.0,0.0,0.0,0.0,0.0,0.0,0.137,0.0,0.0,0.0,999999.0,253.0,428.4,318.2,331342
0,1388.0,17.85774803161621,197.52557373046875,0.016471728682518,4.90362548828125,13.989643096923828,8.9442720413208,18.0,77019.22757819672,39.32437557686835,1360.669104499682,293.3157527537178,0.0,0.75,10.0,0.2,0.7,70.7,141.5,174.39999999999998,0.429,0.0,0.0,0.0,999999.0,278.0,398.0,325.0,641306
0,1055.0,30.63085174560547,214.9920349121093,-0.0005229117814451,4.556900024414063,33.40903091430664,15.72815990447998,0.0,16505.00439036194,19528.67005597191,16315.303040683068,0.0,0.0,0.75,10.0,0.0,0.0,0.0,0.0,3.3,0.27,0.0,0.0,0.0,999999.0,359.2,350.2,290.8,640503
0,96.0,9.1850004196167,126.8698959350586,-0.0044447518885135,5.457574367523193,6.131872653961182,3.5276529788970947,6.0,17314.490222292632,1944.8349490004805,4208.476647606606,0.0,0.0,0.75,10.0,0.0,0.0,19.7,43.6,88.6,0.413,0.0,2.0,4.5,153586.00142245507,401.0,336.2,262.4,655302
0,936.0,28.25813674926757,68.83873748779297,-0.0086280480027198,4.58015251159668,28.177074432373047,13.376751899719238,0.0,41225.38379271031,676.5632302013962,2428.949046452316,0.0,0.0,0.75,10.0,0.0,0.0,0.0,0.0,0.0,0.275,0.0,0.0,0.0,999999.0,360.6,343.6,296.0,742380
0,1823.0,25.751989364624023,219.55967712402344,-0.0109811518341302,4.67875862121582,25.046527862548828,12.144957542419434,6.0,26040.44293912588,6958.493412059469,6607.497212388874,0.0,0.0,0.75,10.0,1.2,4.3,31.2,121.9,201.1,0.429,0.0,0.0,0.0,999999.0,358.8,357.4,284.0,640951
0,301.0,7.594903469085693,194.0362548828125,-0.0033989280927926,5.596224784851074,4.789796352386475,3.583817720413208,0.0,35818.915227177815,60146.66971647411,58576.210513352366,0.0,0.0,0.75,10.0,0.0,0.2,15.9,23.2,40.5,0.496,0.0,3.0,4.8,52369.61963501872,362.4,352.4,285.2,742713
0,354.0,12.17381763458252,167.00537109375,0.0015687360428273,5.195295810699463,8.39666748046875,5.920700073242188,6.0,7669.143266046601,8143.030497136365,1582.02197220407,112.92972222971702,0.0,0.75,10.0,0.0,0.0,0.0,10.6,27.6,0.36,0.0,0.0,0.0,999999.0,355.8,346.6,297.6,652838
0,14.0,2.927142381668091,288.4349365234375,-0.0,6.467477321624756,1.6834042072296145,1.5713469982147217,11.0,94561.30251332872,204993.31667808813,204715.8430855694,0.0,0.0,0.6499999761581421,95.0,0.0,0.0,0.0,0.0,0.0,0.297,0.0,0.0,0.0,999999.0,201.4,493.0,305.8,331083
0,404.0,24.19297790527344,120.25643157958984,0.0138571672141551,4.710596084594727,22.4285831451416,12.132729530334473,6.0,10372.174434513085,1773.089362539568,8866.154420153855,0.0,0.0,0.75,10.0,4.1,8.3,58.6,99.7,115.0,0.493,0.0,0.0,0.0,999999.0,313.0,344.0,343.0,653116
0,1334.0,37.35205078125,233.6156616210937,0.0002614560944493,4.427859783172607,48.78752517700195,20.386882781982425,6.0,84548.56654789454,3863.855221656,3621.490037508334,0.0,0.0,0.75,10.0,0.0,0.0,0.0,0.7,13.3,0.356,0.0,0.0,0.0,999999.0,324.0,362.0,313.8,640974
0,67.0,4.622196197509766,306.8699035644531,0.0005229121306911,6.053886890411377,2.782968044281006,1.663163661956787,6.0,21802.61720233317,183.4862241973945,1892.779144895088,47.502082715694925,0.0795774715459476,0.6000000238418579,40.0,0.0,0.1,37.9,136.5,144.79999999999998,0.42,0.0,0.0,0.0,999999.0,365.2,355.6,279.6,653072
0,13.0,1.8522543907165527,-0.0,-0.0031374723184853,6.894777297973633,1.0323392152786257,0.942799150943756,11.0,28139.44376468148,77739.73083572833,53861.76065979929,0.0,0.0,0.6000000238418579,40.0,1.9,5.6,26.7,33.2,58.8,0.409,0.0,0.0,0.0,999999.0,240.0,467.6,292.0,331534
0,835.0,9.36370849609375,258.6900634765625,-0.0096738720312714,5.411240577697754,6.088408946990967,4.670385360717773,18.0,1532.7104190364917,1215.7168852078892,1646.736512775297,114.54429552590034,0.0795774715459476,0.75,10.0,0.0,0.0,0.1,0.1,0.4,0.25,1.0,3.0,5.9,108229.90872899312,357.0,338.8,303.8,742380
0,4762.0,15.79368782043457,149.03623962402344,-0.0,5.022219657897949,12.140657424926758,7.071067810058594,0.0,11288.119331453256,26104.936525285528,11543.8633532797,0.0,0.0,0.5,30.0,0.0,0.0,0.0,0.0,2.2,0.27,0.0,0.0,0.0,999999.0,524.4,325.2,150.4,538311
0,14.0,1.309969782829285,225.0,0.0005229120142757,7.2413506507873535,0.7299740314483643,0.737040102481842,11.0,133967.31114556687,128486.9837097454,114351.9451431042,0.0,0.0,0.6000000238418579,40.0,0.0,0.0,0.0,0.0,0.0,0.221,1.0,1.0,4.4,40422.83387124914,203.0,354.0,443.0,331334
0,2127.0,53.59321594238281,278.2267150878906,0.0185633767396211,4.057545185089111,106.34295654296876,37.709415435791016,18.0,8927.447703350617,4834.728223423733,2251.304399053851,0.0,0.0,0.75,10.0,0.0,0.0,0.0,0.0,0.6000000000000001,0.34,0.0,0.0,0.0,999999.0,342.0,373.4,284.6,655213
0,5000.0,5.839084625244141,108.43494415283205,-0.0062749441713094,5.833305835723877,3.5713398456573486,2.8284270763397217,16.0,7953.337639628551,101771.64579761754,99697.72372464066,0.0,0.0,0.5,30.0,0.0,0.0,0.0,0.0,0.1,0.355,0.0,0.0,0.0,999999.0,573.4,312.8,113.6,537841
0,6.0,2.0707030296325684,153.43495178222656,-0.0015687360428273,6.798747539520264,1.172268629074097,0.7856734991073608,11.0,27293.274136763168,39906.68542667029,12448.405285151071,0.0,0.0,0.6000000238418579,40.0,0.0,0.6,10.2,26.200000000000003,64.0,0.424,0.0,0.0,0.0,999999.0,333.6,356.2,310.0,331354
0,4981.0,24.413406372070312,175.91436767578125,-0.0049676639027893,4.616822719573975,20.84420394897461,12.0,8.0,5912.935276180505,26334.29422638228,27779.667261619004,0.0,0.0,0.0,60.0,0.0,0.1,3.3000000000000003,5.2,5.7,0.332,0.0,0.0,0.0,999999.0,573.4,312.8,113.6,537720
0,23.0,0.9263692498207092,270.0,0.0007843680214136,7.572137355804443,0.508084774017334,1.1331356763839722,6.0,32511.878033369285,59.88798464705814,1097.9205351553792,0.0,0.0,0.6000000238418579,40.0,0.5,1.0,1.8,4.5,12.0,0.234,0.0,0.0,0.0,999999.0,323.4,386.6,289.6,655313
0,82.0,0.0,-0.0,-0.0015687361592426,10.33923053741455,0.0309222228825092,0.4157541990280151,0.0,20792.96380991768,1597.2992154420722,3112.11733071533,0.0,0.0,0.75,10.0,0.0,0.0,0.0,0.3,2.1,0.209,0.0,0.0,0.0,999999.0,375.8,347.6,276.6,653072
0,7.0,2.0707030296325684,63.4349479675293,0.0015687361592426,6.798747539520264,1.172268629074097,0.8314809203147888,11.0,86336.01933633226,186884.5555605182,186504.8996004701,0.0,0.0,0.6000000238418579,40.0,0.0,0.0,0.0,4.8,15.7,0.409,0.0,0.0,0.0,999999.0,338.4,348.8,312.6,331083
0,1725.0,12.66049098968506,59.743560791015625,0.0002614558907225,5.192656993865967,9.080256462097168,6.633249759674072,18.0,49734.7714748846,35586.175121584674,28850.345947275306,0.0,0.0,0.5,30.0,0.0,0.0,0.0,0.0,0.4,0.301,0.0,0.0,0.0,999999.0,294.4,387.2,318.2,640893
0,75.0,3.336585760116577,213.6900787353516,-0.0,6.351368427276611,1.9485265016555784,1.3333536386489868,0.0,68914.97221144926,91650.24668626902,43459.33317496492,0.0,0.0,0.75,10.0,0.0,0.0,3.2,3.9,6.9,0.319,0.0,0.0,0.0,999999.0,375.4,352.6,272.2,331523
0,542.0,10.08547592163086,270.0,-0.002353104064241,5.321906089782715,6.478260517120361,5.229125022888184,18.0,15762.750900799358,298.67066762982085,1375.6769643687908,185.38253573003308,0.0,0.75,10.0,0.0,0.0,4.0,5.3,7.6,0.464,1.0,1.0,4.8,175718.5990396097,310.0,306.0,384.0,652838
0,392.0,5.911112308502197,128.65980529785156,1.1641532182693479e-10,5.835175514221191,3.667474269866944,2.707051038742065,6.0,36488.4560952455,144329.18539705063,141464.8595189745,0.0,0.0,0.75,10.0,0.0,0.0,0.0,0.0,0.0,0.261,0.0,2.0,4.8,125078.73394281938,317.0,377.6,305.4,742774
0,637.0,26.051528930664062,34.2156982421875,-0.0018301920499652,4.665453910827637,25.38199043273925,12.834280014038086,0.0,232.34296416285656,1526.9875646713415,1042.70714056681,197.65926409133607,7.878169683048819,0.75,30.0,0.0,0.0,0.0,0.0,0.5,0.2,0.0,0.0,0.0,999999.0,352.4,358.0,289.2,655169
0,1010.0,47.4683723449707,339.1455383300781,-0.0162102710455656,4.223485469818115,81.12765502929688,28.798871994018555,6.0,94309.99547866089,1007.9749097276376,1069.4658383179878,312.2049674421947,0.0795774715459476,0.75,10.0,5.8,13.6,24.1,43.9,70.9,0.43,0.0,1.0,4.1,167543.04498442638,306.0,404.0,290.0,641118
0,1187.0,16.602092742919922,49.39870071411133,-0.0067978557199239,4.992569923400879,13.095528602600098,7.729812622070312,0.0,8808.447612365593,99995.5296576299,96244.44616396465,0.0,0.0,0.75,10.0,0.0,0.0,0.0,2.7,2.8,0.327,0.0,0.0,0.0,999999.0,328.0,347.0,325.0,742380
0,1763.0,51.23180770874024,269.2559509277344,4.656612873077393e-10,4.028116226196289,87.06463623046875,31.24099922180176,18.0,7385.922263439897,5143.756997873564,1961.689580683876,24.330247566879503,0.0,0.75,10.0,0.0,0.0,0.0,12.7,19.6,0.365,0.0,0.0,0.0,999999.0,330.2,368.6,301.0,640962
0,131.0,0.0,-0.0,-0.0,10.33923053741455,0.0309222228825092,0.0,6.0,12453.464556074116,39706.27428759953,15516.694798045844,0.0,0.0,-0.2000000029802322,80.0,0.0,0.0,0.0,0.2,5.7,0.435,2.0,5.0,4.6,95370.4202993864,411.0,325.0,263.2,742713
0,731.0,22.802350997924805,270.0,-0.0062749446369707,4.648946285247803,18.46532440185547,11.291589736938477,18.0,38278.34632047654,2463.38945788634,2415.3758975359888,0.0,0.0,0.75,10.0,0.0,0.0,0.9,0.9,0.9,0.033,0.0,0.0,0.0,999999.0,355.2,344.4,300.2,655213
0,5077.0,5.911112308502197,321.3401794433594,-0.0002614560362417,5.835175514221191,3.667474269866944,1.4142135381698608,0.0,4137.0288003806645,5053.653060880723,2560.042685267074,0.0,0.0,0.0,60.0,0.0,0.0,7.0,24.700000000000003,191.0,0.417,0.0,4.0,5.1,47442.840333322085,547.4,344.8,107.6,537805
0,3091.0,17.430036544799805,168.111328125,-0.0007843678467907,4.906172275543213,13.318747520446776,7.937253952026367,18.0,102190.32022187037,98482.83068483025,82440.03012916855,0.0,0.0,0.75,10.0,5.0,6.4,7.9,14.2,106.6,0.464,1.0,1.0,5.2,26320.29107234473,382.0,371.0,247.0,641449
0,308.0,13.248056411743164,105.94538879394533,0.0033989280927926,5.1332621574401855,9.399006843566896,6.584190368652344,6.0,4167.804150053867,2141.158030109189,1446.6310816954535,229.39146571170565,0.0,0.75,10.0,0.1,0.1,6.2,33.7,40.99999999999999,0.409,0.0,1.0,4.5,180174.130519478,334.0,374.0,292.0,655069
0,13.0,2.0707030296325684,243.4349670410156,-0.0007843680214136,6.798747539520264,1.172268629074097,0.785671055316925,0.0,9935.737479723752,73316.01726969908,59818.08834359781,0.0,0.0,0.75,10.0,0.1,0.2,1.3000000000000005,1.3000000000000005,1.3000000000000005,0.274,0.0,0.0,0.0,999999.0,240.0,467.6,292.0,331846
0,856.0,9.582077026367188,343.3007507324219,-0.0,5.4012131690979,6.317454814910889,4.366062164306641,0.0,36544.93794339483,299485.2705733357,297340.81893511594,0.0,0.0,0.75,10.0,0.0,0.0,1.5,28.5,58.6,0.471,0.0,0.0,0.0,999999.0,315.4,375.0,309.2,742603
0,1500.0,38.62076187133789,125.94210815429688,0.0096738710999488,4.405402660369873,52.26470947265625,18.714967727661133,18.0,28611.4727854333,240.9674938668284,5797.084458970595,0.0,0.0,0.75,10.0,0.0,0.0,3.0,4.4,16.200000000000003,0.345,2.0,4.0,4.6,52491.46108593335,349.0,354.8,296.0,655213
0,140.0,3.336585760116577,56.30992889404297,0.002353104064241,6.351368427276611,1.9485265016555784,1.4231622219085691,18.0,9391.701408154657,56104.494045454456,57267.42078420192,0.0,0.0,0.6000000238418579,40.0,0.0,0.0,0.4,0.8,0.8,0.24,2.0,5.0,4.7,20720.284510711583,335.0,394.0,270.0,742713
0,17.0,2.0707030296325684,63.4349479675293,-0.0018301920499652,6.798747539520264,1.172268629074097,1.133095383644104,0.0,100077.35449610052,104647.2647204659,83616.9168278315,0.0,0.0,0.75,10.0,0.0,0.0,0.0,0.0,0.0,0.163,0.0,0.0,0.0,999999.0,231.4,480.0,288.8,331334
0,101.0,1.309969782829285,135.0,0.0007843680214136,7.2413506507873535,0.7299740314483643,0.8315083980560303,0.0,1054.202378788663,220385.15601216644,218336.51023825872,0.0,0.0,0.6000000238418579,40.0,0.0,0.0,6.1000000000000005,28.1,116.3,0.481,0.0,0.0,0.0,999999.0,417.6,312.8,269.4,742730
0,4466.0,2.0707030296325684,296.5650634765625,0.0002614560071378,6.798747539520264,1.172268629074097,1.4142135381698608,0.0,11883.496918675672,25682.32641894856,21779.995474104333,0.0,0.0,0.0,60.0,0.1,0.3,7.200000000000001,22.1,45.1,0.36,0.0,0.0,0.0,999999.0,501.0,351.0,147.6,537805
0,166.0,1.8522543907165527,-0.0,-0.0013072800356894,6.894777297973633,1.0323392152786257,0.6846532225608826,18.0,35496.14484975409,158135.4477119445,155707.48517294016,0.0,0.0,0.6000000238418579,40.0,1.3,4.0,5.9,8.700000000000001,44.0,0.477,0.0,1.0,4.2,97180.48559984192,349.6,352.6,297.6,743148
0,24.0,1.8522543907165527,-0.0,-0.0007843680214136,6.894777297973633,1.0323392152786257,0.73707115650177,6.0,30259.25486481648,1383.694139549416,3424.393293555378,0.0,0.0,0.6000000238418579,40.0,0.0,0.0,0.0,0.0,0.0,0.137,0.0,0.0,0.0,999999.0,380.0,347.0,273.0,655313
0,18.0,1.8522543907165527,180.0,-0.0005229120142757,6.894777297973633,1.0323392152786257,0.5665813088417053,11.0,35208.61860902705,49.788272579503705,60.90082052251146,661.9666823109818,0.5570423008216338,0.6000000238418579,40.0,0.0,0.0,6.8,42.7,80.7,0.476,0.0,0.0,0.0,999999.0,281.2,433.8,285.2,652815
0,1007.0,18.128936767578125,110.224853515625,0.001568735577166,4.898963928222656,14.380550384521484,8.317902565002441,6.0,24830.18974494476,1492.1783224558635,1881.2268430610952,42.233391511685575,0.0,0.75,10.0,0.3,0.4,4.3,25.3,130.9,0.454,0.0,0.0,0.0,999999.0,328.8,370.8,300.0,655213
0,2732.0,32.27008056640625,39.80556869506836,0.0054905763827264,4.527443885803223,36.89030838012695,16.62828826904297,18.0,61061.04557110138,58569.99291110594,59578.64861439943,0.0,0.0,0.75,10.0,0.3,0.8,38.4,90.7,162.8,0.425,0.0,0.0,0.0,999999.0,340.6,383.8,275.8,641449
0,1304.0,18.252370834350582,191.3099365234375,0.003137471852824,4.868669509887695,14.155596733093262,9.110433578491213,18.0,12042.02947314348,7230.800199465333,3037.8695818227666,0.0,0.0,0.75,10.0,0.0,0.0,0.0,2.4000000000000004,4.6,0.323,0.0,0.0,0.0,999999.0,328.0,375.6,296.6,655213
0,1973.0,37.15864181518555,146.30992126464844,-0.0151644498109817,4.4270124435424805,48.06797790527344,19.17680931091309,6.0,65607.67248904944,18468.03864885798,2615.2498204852827,0.0,0.0,0.75,10.0,0.0,0.3,6.0,37.6,78.0,0.416,0.0,1.0,4.7,163080.18594729604,306.8,396.0,297.4,641306
0,4431.0,0.0,-0.0,-0.0,10.33923053741455,0.0309222228825092,0.0,0.0,45612.36195929507,185268.2969321169,180416.92372144625,0.0,0.0,-0.2000000029802322,80.0,0.0,0.0,0.0,0.3,2.1,0.32,0.0,0.0,0.0,999999.0,472.8,349.6,177.2,535768
0,190.0,1.309969782829285,135.0,-0.0010458240285515,7.2413506507873535,0.7299740314483643,0.4960783720016479,0.0,2211.794651224005,190202.6990117956,146239.28536173058,0.0,0.0,0.75,10.0,0.3,0.8999999999999999,1.2,2.2,2.4,0.185,0.0,0.0,0.0,999999.0,320.0,358.0,323.0,743148
0,1262.0,13.42752170562744,208.3007659912109,-0.000784368137829,5.14404821395874,9.769824028015137,6.020797252655029,0.0,29223.284397610016,739.6042954853027,449.0493503168869,247.2911439740214,18.700705813297706,0.75,10.0,0.0,0.0,0.0,0.0,28.200000000000003,0.354,1.0,2.0,4.6,118715.52350892057,279.0,380.0,341.0,655069
0,2073.0,28.182281494140625,275.1944274902344,-0.0047062076628208,4.514231204986572,26.21238899230957,13.076696395874023,18.0,61230.78142253506,4140.460360240737,4331.164367512694,0.0,0.0,0.75,10.0,0.0,0.0,0.0,0.8,0.8,0.306,0.0,0.0,0.0,999999.0,376.2,337.2,286.4,641449
0,302.0,12.40361213684082,72.89726257324219,-0.0112426076084375,5.188774108886719,8.670143127441406,7.600883960723877,6.0,11660.293205883156,12797.550187398943,13.94271716677517,554.0471624552755,0.0,0.75,10.0,0.0,0.0,0.0,0.4,2.2,0.158,0.0,1.0,4.0,176387.90245235362,362.2,358.6,279.2,640962
0,353.0,12.880515098571776,188.130111694336,0.0033989280927926,5.137028694152832,8.900449752807617,6.06411075592041,0.0,148.38370787565253,18601.73832879532,18221.65973768997,0.0,0.0,0.75,10.0,0.0,0.1,7.2,215.2,406.2,0.495,0.0,0.0,0.0,999999.0,355.8,346.6,297.6,330981
0,11.0,1.8522543907165527,180.0,-0.0015687361592426,6.894777297973633,1.0323392152786257,0.737019419670105,0.0,175472.20825429424,245095.79105934687,240577.75077813267,0.0,0.0,0.75,10.0,0.0,0.0,10.0,58.2,126.2,0.404,0.0,0.0,0.0,999999.0,347.6,382.0,270.4,331839
0,976.0,30.807849884033203,12.528807640075684,0.0081051364541053,4.485825538635254,31.55780601501465,15.915794372558594,18.0,19629.386499929857,21039.825683898674,13865.26382394138,0.0,0.0,0.75,10.0,8.1,13.8,14.8,37.900000000000006,41.2,0.439,0.0,1.0,3.9,80768.58069430411,358.8,352.4,288.4,640926
0,488.0,11.699005126953123,218.65982055664065,0.0091509604826569,5.261621952056885,8.266772270202637,5.497158527374268,6.0,21330.46192828368,2802.6197737190773,1770.8631662363834,59.6847359669599,0.0,0.75,10.0,1.4,5.0,11.6,56.0,98.79999999999998,0.495,0.0,1.0,4.3,176351.8803439965,401.4,308.0,290.4,652915
0,492.0,19.54463195800781,239.93142700195312,-0.0007843680214136,4.8625993728637695,16.302181243896484,9.703413963317873,18.0,12535.158079927787,1545.839296415533,332.62235342855,368.6449436341293,0.0,0.75,10.0,0.0,0.0,0.4,22.5,25.6,0.351,0.0,0.0,0.0,999999.0,371.0,329.0,300.0,655069
0,60.0,1.8522543907165527,-0.0,-0.0,6.894777297973633,1.0323392152786257,0.8165464401245117,6.0,29763.196145188725,44.36715413557847,706.9673308506967,761.4539815345848,0.0,0.75,10.0,0.0,0.0,0.0,0.0,0.0,0.304,0.0,1.0,4.3,45739.484840208,451.0,263.0,286.0,653072
0,1043.0,22.4036865234375,244.4400329589844,-0.0088895037770271,4.755715370178223,19.75572395324707,9.93730354309082,2.0,58824.67913502458,1891.510629404716,2535.203441782285,0.0,0.0,0.75,10.0,0.0,0.0,0.0,7.800000000000001,11.6,0.383,0.0,0.0,0.0,999999.0,354.0,349.8,296.4,640951
0,847.0,26.62266731262207,270.0,0.0057520316913723,4.52841329574585,23.269495010375977,13.455946922302246,18.0,17984.37558104167,1896.8229486004773,1525.290594794143,168.90756779157633,0.0,0.75,10.0,0.1,0.7,16.5,27.8,78.7,0.462,0.0,0.0,0.0,999999.0,271.0,382.0,347.0,652838
0,10.0,0.9263692498207092,90.0,0.0015687361592426,7.572137355804443,0.508084774017334,0.7370349764823914,11.0,51086.86973528198,27625.604978556265,29557.460471933227,0.0,0.0,0.75,10.0,0.0,0.0,0.0,0.4,22.6,0.25,0.0,0.0,0.0,999999.0,277.2,418.0,304.6,331972
0,5680.0,28.52623748779297,292.7509765625,0.0044447528198361,4.5784592628479,28.765811920166016,13.416407585144045,8.0,56318.98054143814,137836.154449855,131325.29185848805,0.0,0.0,0.0,60.0,0.0,0.0,0.0,0.2,0.6000000000000001,0.171,0.0,0.0,0.0,999999.0,565.2,327.8,106.8,537720
0,4606.0,17.430036544799805,124.50850677490234,0.0013072799192741,4.952239513397217,13.946660995483398,7.348469257354736,16.0,3872.696949578672,70254.09598465127,61852.83494579018,0.0,0.0,0.0,60.0,0.0,0.0,2.0,13.3,40.400000000000006,0.346,0.0,0.0,0.0,999999.0,587.0,301.0,112.0,537690
0,875.0,17.16695213317871,186.009017944336,-0.0002614563563838,4.898491382598877,12.79614543914795,8.48896312713623,0.0,2965.546707851581,497.3210786425308,3310.902632311828,0.0,2.7852115041081684,0.75,10.0,0.0,0.0,0.0,0.0,0.0,0.167,0.0,0.0,0.0,999999.0,351.8,364.2,283.8,655069
0,40.0,0.0,-0.0,0.0026145600713789,10.33923053741455,0.0309222228825092,0.7856904864311218,0.0,101856.129762251,105830.3686746099,92050.54491866914,0.0,0.0,0.6000000238418579,40.0,1.4,2.8,14.000000000000002,29.1,46.6,0.407,0.0,0.0,0.0,999999.0,226.0,436.0,338.0,331173
0,0.0,0.0,-0.0,-0.0,10.33923053741455,0.0309222228825092,0.0,0.0,44724.15824660852,80069.93697054038,75043.17521688726,0.0,0.0,-0.2000000029802322,80.0,0.0,0.0,0.0,0.0,0.0,0.0,0.0,0.0,0.0,999999.0,215.4,495.6,288.8,0
0,5244.0,13.516231536865234,289.6538391113281,-0.0031374720856547,5.124920845031738,9.716629028320312,7.071067810058594,0.0,75749.39850160835,8783.999444729634,8627.401248464528,0.0,0.0,0.3499999940395355,100.0,0.0,0.0,2.6,2.6,4.300000000000001,0.223,0.0,0.0,0.0,999999.0,565.2,327.8,106.8,537720
0,31.0,3.336585760116577,146.30992126464844,-0.0028760160785168,6.351368427276611,1.9485265016555784,1.6405134201049805,6.0,62564.01065518786,426.0044563306657,1716.4056561323596,0.0,0.0795774715459476,0.6000000238418579,40.0,0.0,0.0,0.0,0.3,2.2,0.182,0.0,0.0,0.0,999999.0,295.2,373.6,331.0,653072
0,3871.0,28.12788391113281,176.53176879882812,0.0020916475914418,4.506240367889404,25.88535118103028,14.628738403320312,18.0,84132.10538719967,66135.87648485278,59516.17655377939,0.0,0.0,0.75,10.0,0.0,0.0,2.8000000000000003,4.0,15.5,0.342,0.0,0.0,0.0,999999.0,457.2,375.6,167.2,539514
0,3122.0,21.769773483276367,111.37061309814452,0.0086280480027198,4.766384124755859,18.73884391784668,10.049875259399414,6.0,128561.91748333664,5639.129921340626,3767.537919190506,0.0,0.0,0.75,10.0,0.1,0.1,5.1000000000000005,35.900000000000006,141.1,0.415,0.0,0.0,0.0,999999.0,441.6,347.2,211.4,641306
0,10.0,0.0,-0.0,0.0018301920499652,10.33923053741455,0.0309222228825092,0.4714036285877228,11.0,19179.715128023407,15651.66535689728,3321.634514351996,0.0,0.0,-0.2000000029802322,80.0,0.0,0.0,6.800000000000001,15.3,34.9,0.412,0.0,0.0,0.0,999999.0,349.0,395.0,256.0,331480
0,1786.0,38.58064651489258,162.299560546875,-0.0057520326226949,4.351855754852295,49.39762496948242,18.9406967163086,6.0,128576.28492650564,1277.029514879118,1131.5493408445664,396.3057744393731,0.0,0.75,10.0,2.3,6.8,22.1,50.7,86.4,0.425,0.0,0.0,0.0,999999.0,363.0,402.0,235.0,641306
0,321.0,7.594903469085693,104.03623962402344,-0.0060134879313409,5.596224784851074,4.789796352386475,3.6443450450897217,0.0,2703.099904821395,95955.27057396794,95931.38157268852,0.0,0.0,0.5,30.0,0.0,0.0,0.0,0.0,4.300000000000001,0.282,0.0,1.0,5.2,160779.39260839464,341.6,372.6,285.8,742713
0,3422.0,38.29111099243164,325.00799560546875,0.0047062081284821,4.409544467926025,51.25613021850586,20.02498435974121,18.0,50277.79680030163,4548.04229122244,480.4817721321411,224.05202023145165,0.0,0.75,10.0,0.0,0.0,5.5,35.4,103.6,0.411,0.0,0.0,0.0,999999.0,416.6,355.6,227.8,536215
0,19.0,1.8522543907165527,270.0,-0.0007843680214136,6.894777297973633,1.0323392152786257,0.684920608997345,11.0,30945.004953629214,23964.422306813954,18706.99325920479,0.0,0.0,0.6000000238418579,40.0,0.5,0.6,4.2,5.800000000000001,38.3,0.364,0.0,0.0,0.0,999999.0,324.6,385.2,290.0,331283
0,4538.0,3.336585760116577,33.690067291259766,-0.0033989280927926,6.351368427276611,1.9485265016555784,2.0,16.0,81498.89366450989,153072.10602690166,148688.58084938233,0.0,0.0,0.5,30.0,0.0,0.0,0.0,0.5,4.7,0.297,0.0,0.0,0.0,999999.0,522.0,350.0,128.0,537299
0,5173.0,10.24734592437744,259.6951599121094,-0.000261455978034,5.332730293273926,6.765250205993652,4.4721360206604,16.0,16124.386863772665,204867.7514127673,201158.25990204417,0.0,0.0,0.5,30.0,0.0,0.0,0.1,0.5,2.7,0.342,0.0,0.0,0.0,999999.0,582.0,322.0,96.0,533644
0,4445.0,22.263288497924805,260.90972900390625,-0.0065363994799554,4.709108829498291,18.59502220153809,12.806248664855955,0.0,32964.40001029971,1335.1292783999716,212.34256753521225,741.7679762732253,0.0,0.5,30.0,0.0,0.2,8.4,42.900000000000006,154.1,0.429,0.0,1.0,4.0,159440.33850727417,472.8,349.6,177.2,640954
0,15.0,1.309969782829285,315.0,-0.0005229120142757,7.2413506507873535,0.7299740314483643,0.4968928098678589,0.0,244467.1657116245,247275.8127296884,229229.75253507367,0.0,0.0,0.6000000238418579,40.0,0.0,0.0,0.8,3.2,13.1,0.34,0.0,0.0,0.0,999999.0,211.8,462.2,326.0,653072
0,1211.0,12.692188262939451,291.0375061035156,-0.0073207677341997,5.177626132965088,8.991142272949219,7.4414381980896,6.0,81469.15695372451,81302.68379650592,74549.92118059816,0.0,0.0,0.5,30.0,0.1,0.1,2.8000000000000003,17.5,54.8,0.412,0.0,0.0,0.0,999999.0,312.8,368.6,318.4,640915
0,4545.0,13.516231536865234,109.65381622314452,-0.0007843680796213,5.124920845031738,9.716629028320312,6.164413928985596,16.0,63354.08519002072,136871.97446906645,130719.91921024662,0.0,0.0,0.0,60.0,0.0,0.0,0.0,0.0,0.0,0.06,0.0,0.0,0.0,999999.0,510.4,340.2,149.2,537720
0,894.0,17.342899322509766,201.25051879882807,-0.0067978566512465,4.934804439544678,13.560192108154297,7.774156093597412,6.0,6837.639578177591,201500.5678594396,160753.83766974768,0.0,0.0,0.75,10.0,0.2,0.4,1.0,3.3,6.1,0.46,0.0,0.0,0.0,999999.0,391.6,342.2,266.0,742491
0,234.0,0.9263692498207092,180.0,0.0018301920499652,7.572137355804443,0.508084774017334,1.195695400238037,6.0,28030.85352288956,95235.60435652998,63502.89137639104,0.0,0.0,0.75,10.0,1.1,5.0,30.5,69.60000000000001,113.8,0.43,0.0,0.0,0.0,999999.0,364.4,361.8,273.8,743052
0,128.0,2.618571519851685,45.0,0.0010458240285515,6.579049110412598,1.5056828260421753,1.1655035018920898,29.0,7847.98874089867,245731.84303506385,243413.53168252183,0.0,0.0,0.6000000238418579,40.0,1.0,2.9000000000000004,7.199999999999999,7.6,18.4,0.407,1.0,1.0,4.5,192280.2524747648,419.0,261.0,319.0,742730
0,0.0,0.0,-0.0,-0.0,10.33923053741455,0.0309222228825092,0.0,0.0,58913.50516714651,158334.99039008055,157902.6521295813,0.0,0.0,-0.2000000029802322,80.0,0.0,0.0,0.0,0.0,0.0,0.261,0.0,0.0,0.0,999999.0,215.4,495.6,288.8,330993
0,90.0,0.9263692498207092,180.0,0.0005229120142757,7.572137355804443,0.508084774017334,0.5672541856765747,6.0,29705.99543254438,462.6331345078192,675.3439514213009,0.0,16.39295913846522,0.6000000238418579,40.0,0.0,0.0,8.3,29.1,126.3,0.475,0.0,0.0,0.0,999999.0,360.0,374.4,265.4,653072
0,4832.0,9.920740127563477,236.3099365234375,-0.000261455978034,5.392171382904053,6.720084190368652,4.898979663848877,16.0,10171.086317165047,55142.08267451768,49365.328194036105,0.0,0.0,0.0,60.0,0.0,0.0,0.0,0.5,3.4000000000000004,0.071,0.0,0.0,0.0,999999.0,524.4,325.2,150.4,537757
0,2886.0,27.864255905151367,336.5713195800781,0.0018301915843039,4.596713542938232,27.71428298950196,14.071247100830078,18.0,48838.17649101153,23973.873500102345,9692.970119745783,0.0,0.0,0.75,10.0,0.1,0.1,13.2,35.8,70.7,0.423,0.0,0.0,0.0,999999.0,342.4,382.2,275.6,641449
0,2933.0,25.017650604248047,14.036242485046388,0.0039218394085764,4.642064094543457,22.59781837463379,11.40175437927246,18.0,105464.78337213864,16258.63505529231,1286.6793002949078,360.4824635106756,0.0,0.75,10.0,0.5,1.5,26.9,107.3,281.20000000000005,0.429,0.0,0.0,0.0,999999.0,407.0,361.8,231.6,533450
0,182.0,2.618571519851685,315.0,-0.0,6.579049110412598,1.5056828260421753,0.875,18.0,7492.836347811405,3402.501533449905,1592.122781765173,191.80103005489607,0.0,0.5,30.0,0.0,0.0,0.0,0.1,23.6,0.431,0.0,0.0,0.0,999999.0,353.2,353.2,293.8,652429
0,5456.0,13.749568939208984,172.4053497314453,0.0020916478242725,5.082090854644775,9.646242141723633,6.78233003616333,0.0,101848.00796618852,95229.64357254656,86815.62109144362,0.0,0.0,0.0,70.0,0.0,0.0,4.5,18.4,43.0,0.408,0.0,0.0,0.0,999999.0,565.2,327.8,106.8,792230
0,94.0,2.777172803878784,-0.0,-0.0010458240285515,6.504854202270508,1.572763204574585,1.2271345853805542,6.0,24637.259167328,565.4759713918512,2270.64120253521,0.0,42.7331022201739,0.6000000238418579,40.0,0.0,0.0,0.0,4.1000000000000005,4.7,0.367,0.0,0.0,0.0,999999.0,380.0,356.6,263.2,653072
0,518.0,38.19732284545898,170.5376739501953,0.0078436797484755,4.315940380096436,46.36276245117188,19.84392166137696,18.0,16389.89776315137,2786.237112907585,403.4213182412654,390.467946768318,0.0,0.75,10.0,0.0,0.0,0.8,8.8,29.000000000000004,0.396,0.0,0.0,0.0,999999.0,313.6,402.4,284.2,640751
0,702.0,19.279935836791992,33.690067291259766,0.0026145598385483,4.877337455749512,16.063682556152344,8.982622146606445,6.0,53765.8275530636,130.78790803056356,523.7426964348969,777.6810956758703,0.0,0.75,10.0,0.0,0.0,0.0,6.8,7.3,0.394,0.0,2.0,4.7,166782.54279661505,340.8,346.8,312.4,655213
0,3361.0,35.597312927246094,198.43495178222656,0.0047062081284821,4.4104905128479,42.17998504638672,18.083141326904297,18.0,144832.18787875318,15318.313511680371,15302.5493962289,0.0,0.0,0.75,10.0,0.0,0.0,6.899999999999999,14.9,48.2,0.414,0.0,0.0,0.0,999999.0,397.2,366.6,236.2,535135
0,3293.0,26.223751068115234,156.8013916015625,-0.0020916480571031,4.638405799865723,25.083066940307617,11.916375160217283,18.0,64745.19108865652,1797.0929226071385,797.7680915574706,378.11456339760673,0.0,0.75,10.0,1.7,4.1000000000000005,30.200000000000003,36.2,71.2,0.427,0.0,0.0,0.0,999999.0,424.8,346.6,228.6,533450
0,223.0,10.4458589553833,52.1250114440918,0.0020916480571031,5.352420330047607,7.175771713256836,4.297528266906738,0.0,961.0324631862832,194277.02943258028,192160.6999528478,0.0,0.0,0.75,10.0,1.2,11.5,38.7,107.4,108.9,0.472,0.0,0.0,0.0,999999.0,363.0,344.4,292.4,742730
0,746.0,19.241729736328125,256.6075134277344,-0.0007843682542443,4.834949970245361,15.331212997436523,9.072623252868652,0.0,30282.85243563912,1579.4562955791946,625.0840073111325,654.282153071559,14.164789935178684,0.75,10.0,0.0,0.0,0.0,0.0,0.0,0.384,0.0,0.0,0.0,999999.0,359.2,354.0,287.0,640936
0,4935.0,17.94174575805664,87.13758850097656,0.0052291201427578,4.85145902633667,13.412351608276367,9.165151596069336,16.0,37628.86251801211,1527.034868482686,1381.7026589797422,0.0,0.0,0.0,60.0,0.0,0.0,21.4,35.0,54.4,0.372,0.0,0.0,0.0,999999.0,565.2,306.0,128.6,539514
0,34.0,1.8522543907165527,180.0,0.0010458240285515,6.894777297973633,1.0323392152786257,0.916296660900116,6.0,73509.99090638757,62528.85337745597,48626.47390467465,0.0,0.0,0.75,10.0,0.8,1.5,8.8,27.8,166.10000000000002,0.417,0.0,0.0,0.0,999999.0,290.2,376.8,333.0,331173
0,1733.0,35.0699577331543,321.5462951660156,0.0023531035985797,4.47155237197876,43.12017059326172,16.51514434814453,0.0,51152.887997115926,5950.354247966446,6412.540677971472,0.0,0.0,0.75,10.0,0.0,0.0,0.0,54.0,77.1,0.4,0.0,0.0,0.0,999999.0,305.0,369.0,326.0,641306
0,4574.0,8.47900104522705,192.52880859375,-0.0028760158456861,5.498475551605225,5.429692268371582,4.0,16.0,18475.30540095684,206443.5540598677,200257.5433766044,0.0,0.0,0.5,30.0,0.5,1.1,5.5,23.200000000000003,53.2,0.422,0.0,0.0,0.0,999999.0,510.0,351.0,139.0,533644
0,294.0,0.9263692498207092,90.0,-0.0005229120142757,7.572137355804443,0.508084774017334,0.6903350353240967,18.0,481.65811744427685,447.5357293787598,347.97253284345567,609.9917526074789,0.0,0.75,10.0,0.0,0.0,0.0,1.8000000000000005,19.9,0.384,0.0,1.0,4.7,175771.73819255133,371.2,346.2,282.6,652429
0,399.0,24.84540367126465,114.77513122558594,0.0018301918171346,4.680436611175537,23.11533164978028,11.892749786376951,6.0,8830.686889255225,12811.657953625489,6296.693085395577,0.0,0.0,0.75,10.0,0.0,0.0,16.1,66.69999999999999,105.8,0.421,1.0,1.0,4.8,144520.0013297655,327.8,363.4,308.8,653026
0,1077.0,11.128658294677734,279.4623413085937,0.0070593119598925,5.261553287506104,7.459744453430176,5.037360191345215,18.0,47315.250156411705,305.08162422215725,678.2697462505663,462.0173887226826,0.0,0.75,10.0,0.8,2.6,17.3,36.7,68.5,0.509,1.0,1.0,4.3,109522.48661774052,363.0,347.0,290.0,742647
0,123.0,3.336585760116577,146.30992126464844,0.002353104064241,6.351368427276611,1.9485265016555784,1.4908576011657717,6.0,18788.750582728047,107.76169992472626,1377.378491604166,367.0706304857157,1.6711269024649011,0.75,10.0,0.0,0.0,0.0,0.7,2.2,0.294,0.0,0.0,0.0,999999.0,419.0,322.0,259.0,653072
0,249.0,1.309969782829285,135.0,-0.0002614560071378,7.2413506507873535,0.7299740314483643,0.6312190294265747,18.0,7630.455877717123,105834.12582861996,105405.53556667035,0.0,0.0,0.6000000238418579,40.0,0.3,1.1,8.5,42.1,273.7,0.511,0.0,3.0,5.1,46426.86446094368,272.0,387.0,341.0,742713
0,183.0,2.0707030296325684,333.4349365234375,0.0005229120142757,6.798747539520264,1.172268629074097,1.2562344074249268,6.0,37315.89919455721,90460.1846616715,81321.9095890433,0.0,0.0,0.75,10.0,1.4,3.2,7.6,11.9,18.3,0.512,0.0,1.0,4.3,139791.6729906756,353.2,353.2,293.8,742860
0,482.0,28.07331085205078,75.96375274658203,0.0007843679049983,4.558873176574707,27.159460067749023,12.059746742248535,18.0,46308.16494688225,91986.2156826563,80339.97197709249,0.0,0.0,0.75,10.0,0.0,0.0,0.0,0.0,0.8,0.319,0.0,0.0,0.0,999999.0,371.0,329.0,300.0,742580
0,4.0,2.618571519851685,315.0,-0.0005229120142757,6.579049110412598,1.5056828260421753,0.9938076734542848,11.0,6047.5817035116,124472.13610765536,123566.2627118158,0.0,0.0,0.6000000238418579,40.0,2.0,5.2,19.8,49.3,78.10000000000001,0.436,0.0,0.0,0.0,999999.0,209.0,552.0,239.0,331099
0,219.0,4.713325023651123,168.6900634765625,-0.0010458240285515,6.019644260406494,2.7968568801879883,1.791908860206604,0.0,52752.36298878712,82805.46161608938,61757.70606165129,0.0,0.0,0.75,10.0,0.0,0.1,4.3,20.5,74.1,0.483,0.0,0.0,0.0,999999.0,342.0,304.0,354.0,742713
0,2459.0,30.668272018432617,11.0035400390625,0.0070593114942312,4.481878280639648,31.086790084838867,14.525838851928713,6.0,97905.13213448736,15336.1972310705,1985.148285337228,35.84537901667896,0.0,0.75,10.0,0.0,0.0,3.6,6.4,6.4,0.34,0.0,0.0,0.0,999999.0,342.8,362.6,294.8,641306
0,273.0,5.911112308502197,141.34017944335938,0.0007843680796213,5.835175514221191,3.667474269866944,2.4399025440216064,18.0,20979.765812625094,271125.4941363985,268992.8849672822,0.0,0.0,0.75,10.0,0.0,0.0,0.6000000000000001,0.6000000000000001,0.6000000000000001,0.409,0.0,0.0,0.0,999999.0,404.0,310.0,286.0,742633
0,307.0,9.09423542022705,135.0,0.0018301920499652,5.467675685882568,6.0702433586120605,4.086945533752441,0.0,613.868104150951,140237.31277190824,132126.98077785203,0.0,0.0,0.75,10.0,0.0,0.0,0.0,6.300000000000001,6.4,0.355,0.0,0.0,0.0,999999.0,311.0,389.0,300.0,742713
0,5032.0,18.65628433227539,16.699243545532227,-0.0047062076628208,4.868221759796143,14.829512596130373,8.9442720413208,16.0,37902.16564061831,190743.3212559356,178278.7850969485,0.0,0.0,0.5,30.0,0.0,0.0,0.0,0.0,0.0,0.246,0.0,0.0,0.0,999999.0,536.0,366.0,98.0,533644
0,101.0,3.336585760116577,33.690067291259766,-0.000784367963206,6.351368427276611,1.9485265016555784,1.2472625970840454,6.0,9893.987270805426,67.97559209872152,5025.268206125354,0.0,0.0,0.6000000238418579,40.0,0.0,0.0,0.0,0.0,0.0,0.271,0.0,0.0,0.0,999999.0,412.0,312.0,276.0,653072
0,605.0,32.27008056640625,320.1944274902344,0.0010458237957209,4.527443885803223,36.89030838012695,16.050701141357422,0.0,21822.551683228463,2969.5352857155526,1697.6773232917117,68.1846666286436,0.0,0.75,10.0,0.0,0.0,6.3,14.5,21.1,0.401,0.0,0.0,0.0,999999.0,355.2,346.2,298.6,742380
0,1217.0,14.852996826171877,232.43142700195312,-0.0047062081284821,5.074938774108887,11.250423431396484,6.946221828460693,11.0,77355.0296996546,85885.55841759275,79001.09246186563,0.0,0.0,0.050000000745058,50.0,0.0,0.0,0.0,0.0,0.0,0.182,0.0,0.0,0.0,999999.0,322.8,363.6,313.6,640915
0,765.0,52.01579284667969,307.303955078125,0.0240539517253637,4.211862087249756,110.67827606201172,31.163881301879883,18.0,3611.389061083282,1073.996588231366,905.2182480407054,277.5773216063713,0.0,0.75,10.0,0.0,0.2,1.7000000000000002,19.6,137.7,0.411,0.0,0.0,0.0,999999.0,367.8,347.4,284.8,653948
0,480.0,4.136011123657227,153.43495178222656,-0.0031374723184853,6.150826454162598,2.4530060291290283,2.211475849151612,0.0,12814.53176906156,138353.83739192042,105952.4871856566,0.0,0.0,0.75,10.0,0.0,0.0,0.0,0.0,0.0,0.288,0.0,0.0,0.0,999999.0,386.0,320.2,293.4,742935
0,9.0,0.9263692498207092,90.0,-0.0018301920499652,7.572137355804443,0.508084774017334,0.566547691822052,11.0,32202.645486508005,16566.066787693882,16244.024702366827,0.0,0.0,0.6000000238418579,40.0,0.0,0.0,1.5,70.1,83.6,0.383,0.0,0.0,0.0,999999.0,261.2,406.8,332.0,331366
0,174.0,1.309969782829285,45.0,0.002353104064241,7.2413506507873535,0.7299740314483643,0.7843687534332275,6.0,10341.782623762156,127.2379627685877,1601.6370969208294,185.8664608290373,0.0,0.75,10.0,0.0,0.0,0.0,0.0,0.4,0.333,0.0,0.0,0.0,999999.0,355.0,375.0,270.0,653072
0,4297.0,39.09428787231445,312.5805053710937,0.00836659129709,4.403655529022217,53.96888732910156,19.79899024963379,6.0,29980.05445600596,77069.42077065751,56960.84064506107,0.0,0.0,0.75,10.0,0.1,0.3,9.6,29.3,61.5,0.421,0.0,0.0,0.0,999999.0,519.0,312.0,169.0,640915
0,254.0,13.835899353027344,246.80142211914065,0.0060134883970022,5.112926959991455,10.078653335571287,6.8801116943359375,6.0,28453.72433473541,75756.55251122676,64008.22897546728,0.0,0.0,0.75,10.0,0.0,0.0,0.5,0.8,0.8,0.349,0.0,2.0,4.6,105363.98694500308,351.0,390.0,259.0,742713
0,54.0,2.0707030296325684,333.4349365234375,-0.0020916480571031,6.798747539520264,1.172268629074097,0.916163444519043,6.0,16421.667486837036,588.4607182650615,28.199281476914926,1164.4199686941297,3.9788735772973833,-0.2000000029802322,80.0,0.0,0.0,8.9,22.1,72.6,0.412,1.0,1.0,4.6,147322.53048962852,426.0,307.4,267.0,653072
0,743.0,13.516231536865234,70.3461685180664,0.000784367788583,5.124920845031738,9.716629028320312,6.736096858978272,0.0,12219.546727038069,175.0354201111238,568.6841757737648,149.78644715175992,0.0,0.75,10.0,0.0,0.0,2.4,16.9,47.8,0.477,0.0,1.0,4.1,134961.93693366356,346.0,356.4,297.6,652431
0,237.0,2.777172803878784,270.0,-0.0026145600713789,6.504854202270508,1.572763204574585,3.1274991035461426,6.0,42920.88568759976,83488.48197697048,73158.39431443338,0.0,0.0,0.75,10.0,0.0,0.0,0.0,0.0,0.0,0.08,0.0,0.0,0.0,999999.0,345.0,367.8,287.2,742580
0,876.0,16.602092742919922,220.601303100586,-0.0031374716199934,4.992569923400879,13.095528602600098,7.603453159332275,18.0,32453.137510898167,322485.5457590167,320243.7164854956,0.0,0.0,0.75,10.0,0.0,0.0,0.0,0.0,0.0,0.342,0.0,1.0,4.6,199640.88759014863,351.8,364.2,283.8,742603
0,1247.0,11.871017456054688,157.380126953125,-0.0062749441713094,5.234002590179443,8.28674030303955,4.663689613342285,0.0,10978.372523684064,1709.3050653154723,772.3296801494431,506.5382524831524,0.0,0.75,10.0,0.0,0.0,7.5,15.7,18.8,0.437,1.0,3.0,4.8,57915.396007725496,352.0,342.0,306.0,742625
0,8.0,2.0707030296325684,26.56505012512207,0.0002614560071378,6.798747539520264,1.172268629074097,0.7370271682739258,11.0,28297.99935669442,35312.527052533755,17020.773752238732,0.0,0.0,0.6000000238418579,40.0,0.0,0.0,0.8,9.6,34.6,0.385,0.0,3.0,4.6,119043.8909587718,290.6,378.8,330.6,331354
0,599.0,36.00714492797852,237.724365234375,0.0049676639027893,4.445075035095215,45.00093078613281,20.746234893798828,18.0,8181.6032260802685,2118.1355372351804,411.7176924655598,430.8080344006357,0.0,0.75,10.0,0.0,0.0,0.0,0.0,0.0,0.243,0.0,0.0,0.0,999999.0,356.0,334.0,310.0,653948
0,8.0,1.8522543907165527,90.0,-0.0013072800356894,6.894777297973633,1.0323392152786257,1.0540904998779297,11.0,127963.3929077148,212214.9704903532,210849.2726486854,0.0,0.0,0.75,10.0,0.0,6.0,10.1,36.900000000000006,56.10000000000001,0.418,0.0,0.0,0.0,999999.0,290.6,378.8,330.6,331839
0,102.0,2.777172803878784,270.0,0.0020916480571031,6.504854202270508,1.572763204574585,1.1965118646621704,6.0,7456.416245594603,1587.2303240664132,294.8813360286188,326.41499952286574,58.64859652936343,0.5,30.0,0.4,1.7999999999999998,12.0,26.3,89.2,0.427,0.0,0.0,0.0,999999.0,459.0,259.0,281.0,653072
0,274.0,11.055072784423828,204.4439697265625,0.0013072800356894,5.294384479522705,7.604547500610352,5.42491340637207,6.0,16978.759647251452,211594.7730364445,167861.94320980427,0.0,0.0,0.75,10.0,0.1,0.1,2.1,3.6000000000000005,8.1,0.432,0.0,0.0,0.0,999999.0,372.4,341.8,285.8,742491
0,1971.0,11.871016502380373,-0.0,-0.003921840339899,5.1819376945495605,7.866330623626709,5.123475551605225,18.0,22566.886374052858,19508.2852859133,8630.43974824068,0.0,0.0,0.75,10.0,0.1,0.5,8.899999999999999,13.8,23.7,0.417,0.0,1.0,4.0,104399.77842643156,244.0,427.0,329.0,641449
0,27.0,4.622196197509766,180.0,-0.0031374720856547,6.024405479431152,2.702120065689087,1.706919550895691,0.0,136534.4361547083,141642.55559245456,126450.7859795488,0.0,0.0,0.6000000238418579,40.0,0.0,0.0,0.0,0.0,21.7,0.166,0.0,0.0,0.0,999999.0,231.0,390.0,379.0,653072
0,4738.0,10.678775787353516,329.0362548828125,0.0083665922284126,5.329860210418701,7.339499473571777,5.4772257804870605,6.0,138212.87582556324,3461.4655038457063,1173.506806109928,167.54726317750874,0.0,0.0,70.0,0.0,0.0,0.0,0.0,0.0,0.142,0.0,1.0,4.4,185274.5027483822,456.0,403.0,140.0,533644
0,10.0,2.777172803878784,-0.0,-0.0020916480571031,6.504854202270508,1.572763204574585,0.9428032040596008,0.0,252927.11739098668,336538.29472800845,335663.55373805086,0.0,0.0,0.75,10.0,0.3,1.0,16.4,37.3,129.59999999999997,0.387,0.0,0.0,0.0,999999.0,253.0,428.4,318.2,653072
